k1,k2,obs,pred,pval
0,0,0.01963,0.019116,0.0249
1,0,0.050687,0.010575,0.0061
2,0,0.040062,0.010748,0.0172
2,1,9.8e-05,0.010819,0.1362
3,0,0.02501,0.008584,0.0465
3,1,0.0281,0.008616,0.0311
3,2,0.012589,0.011053,0.095
4,0,-0.002035,0.009868,0.1422
4,1,0.044675,0.010883,0.0084
4,3,0.0284,0.011872,0.043
5,0,-0.025144,0.009011,0.191
5,1,0.014552,0.008235,0.0751
5,2,0.0016,0.01035,0.1296
5,3,0.02974,0.009425,0.0337
5,4,0.050939,0.010489,0.006
6,0,0.035627,0.012007,0.0275
6,1,-0.031791,0.011925,0.1953
6,3,-0.012409,0.011266,0.174
6,5,0.026165,0.011186,0.0469
7,0,0.025034,0.009853,0.0483
7,1,0.005364,0.010615,0.117
7,2,0.019852,0.009429,0.0634
7,4,0.005037,0.011061,0.1267
7,5,0.045825,0.008335,0.0038
7,6,-0.015309,0.012438,0.1828
8,0,0.036873,0.011108,0.0239
8,1,-0.002402,0.011524,0.1476
8,2,-0.013992,0.012297,0.1782
8,4,0.015242,0.012307,0.0866
8,5,0.012317,0.010433,0.0913
8,6,0.045489,0.012563,0.012
9,0,-0.020906,0.008775,0.1833
9,1,0.038783,0.009948,0.0164
9,3,0.00735,0.01046,0.1097
9,5,0.026552,0.010124,0.047
9,7,0.018883,0.007473,0.0597
9,8,0.020744,0.011382,0.0633
10,1,0.027469,0.012036,0.0508
10,2,-0.006465,0.01227,0.1612
10,3,0.015455,0.010162,0.0794
10,4,0.000695,0.012005,0.1402
10,5,0.040161,0.008895,0.008
10,6,0.014059,0.013703,0.0947
10,7,0.010768,0.011051,0.1039
10,8,0.006384,0.013157,0.1256
10,9,0.001776,0.011492,0.1391
11,1,0.030632,0.011714,0.0362
11,2,0.000714,0.011058,0.136
11,3,0.01478,0.010197,0.0801
11,4,0.02942,0.011239,0.038
11,5,0.027179,0.009752,0.0371
11,6,-0.028404,0.013385,0.1954
11,7,-0.009545,0.012117,0.1664
11,8,0.020119,0.011578,0.0655
11,9,0.027434,0.009964,0.0397
12,0,0.005162,0.011359,0.1251
12,1,0.029443,0.011675,0.0376
12,2,0.003862,0.013973,0.1349
12,3,0.030644,0.014224,0.0467
12,4,0.029398,0.014905,0.0483
12,5,0.008571,0.011717,0.1081
12,6,0.016544,0.014823,0.0933
12,7,0.023226,0.010858,0.0574
12,8,0.001761,0.016242,0.1488
12,9,0.019953,0.013426,0.08
12,10,0.009975,0.013185,0.1135
12,11,-0.003546,0.011464,0.156
13,1,-0.03333,0.011199,0.1963
13,2,0.025093,0.011532,0.0539
13,3,0.009692,0.008777,0.0978
13,4,-0.005756,0.01093,0.1578
13,5,0.000183,0.007473,0.1298
13,6,-0.009771,0.012618,0.168
13,7,-0.024686,0.01194,0.192
13,8,-0.036656,0.011842,0.1989
13,9,-0.017765,0.010222,0.1839
13,12,-0.019906,0.010994,0.187
14,0,0.022478,0.011878,0.0625
14,1,0.017918,0.010571,0.0739
14,2,-0.010377,0.010815,0.1699
14,3,0.039737,0.009171,0.0133
14,4,0.013535,0.011554,0.0921
14,5,0.007454,0.009145,0.109
14,6,0.027616,0.01248,0.05
14,7,0.019311,0.011321,0.0691
14,8,0.027281,0.011527,0.0415
14,9,0.039949,0.010157,0.0144
14,10,-0.009892,0.013353,0.178
14,11,-0.068966,0.012762,0.2
14,12,-0.011061,0.011413,0.1765
14,13,-0.007704,0.011674,0.1612
15,0,0.008915,0.0116,0.112
15,1,-0.013091,0.011841,0.174
15,2,0.040046,0.012973,0.0218
15,3,0.002945,0.012053,0.1286
15,4,-0.000248,0.012922,0.147
15,5,0.015726,0.012523,0.0869
15,6,0.048863,0.012432,0.0084
15,7,-0.011926,0.010801,0.1773
15,8,0.031939,0.013701,0.0447
15,9,-0.001767,0.012393,0.1496
15,10,0.015204,0.01219,0.0877
15,11,0.029649,0.010863,0.0345
15,13,-0.014734,0.009687,0.1791
15,14,-0.000926,0.010409,0.1481
16,0,0.051018,0.011663,0.0094
16,1,0.012987,0.010387,0.092
16,2,-0.005654,0.009256,0.1555
16,3,0.027049,0.008125,0.0273
16,4,-0.01641,0.009552,0.1812
16,5,0.049128,0.007042,0.0016
16,6,0.02431,0.011272,0.0516
16,7,0.017283,0.01111,0.0779
16,8,0.027898,0.010435,0.0347
16,9,0.029545,0.009864,0.0309
16,10,0.00952,0.011516,0.106
16,11,-0.044631,0.012111,0.1982
16,12,0.00391,0.009721,0.1285
16,13,0.003444,0.011237,0.127
16,14,-0.00723,0.010839,0.1622
16,15,-0.000909,0.009148,0.1418
17,0,0.002388,0.006319,0.1184
17,1,-0.006303,0.005935,0.1459
17,2,0.013919,0.009771,0.086
17,3,-0.003929,0.00917,0.1402
17,4,0.047717,0.008949,0.0082
17,6,0.037527,0.009096,0.0207
17,7,0.009683,0.006649,0.0894
17,8,0.00175,0.009646,0.1277
17,9,-0.00863,0.008429,0.1586
17,10,0.002302,0.007373,0.1198
17,11,0.014574,0.006846,0.066
17,12,-0.002395,0.011896,0.1447
17,13,0.013782,0.006181,0.0715
17,14,0.006491,0.005854,0.103
17,15,0.050905,0.010323,0.0057
17,16,0.007098,0.00621,0.1002
18,0,-0.0065,0.01096,0.1615
18,1,0.026013,0.010621,0.0409
18,2,0.034117,0.012049,0.0306
18,3,0.037473,0.012007,0.0239
18,4,0.014495,0.011978,0.0911
18,5,0.019458,0.011182,0.0707
18,6,-0.022161,0.013716,0.189
18,7,0.004415,0.010537,0.1226
18,8,0.034506,0.014376,0.0391
18,9,0.023834,0.011028,0.0532
18,10,0.013165,0.011979,0.094
18,11,-0.001595,0.012626,0.15
18,12,0.038678,0.014236,0.024
18,13,-0.004934,0.011182,0.1547
18,14,-0.01245,0.012354,0.1785
18,15,0.000775,0.013215,0.1428
18,16,0.000565,0.009587,0.133
18,17,0.011019,0.008754,0.0897
19,0,0.032874,0.010623,0.0339
19,1,0.020368,0.009708,0.0599
19,2,0.032616,0.009646,0.0282
19,3,-0.003,0.009011,0.1436
19,4,-0.009671,0.009369,0.1635
19,5,0.013793,0.009041,0.0838
19,6,-0.012675,0.011658,0.1721
19,7,0.000722,0.010125,0.1335
19,8,0.022946,0.010926,0.0584
19,9,0.006203,0.009125,0.112
19,10,-0.002748,0.010851,0.1448
19,11,0.045012,0.010796,0.0106
19,12,-0.036471,0.010738,0.1965
19,13,0.044369,0.010534,0.0115
19,14,0.01275,0.010959,0.0917
19,15,-0.020005,0.011449,0.1873
19,17,-0.036638,0.007597,0.196
19,18,0.039359,0.011261,0.0194
20,0,0.025084,0.013129,0.0599
20,1,-0.02309,0.012788,0.1911
20,2,-0.006906,0.013146,0.1626
20,3,0.008347,0.014406,0.1224
20,4,-0.018212,0.015733,0.1869
20,5,0.006131,0.012094,0.1235
20,6,-0.02192,0.016888,0.195
20,7,0.072008,0.012118,0.0005
20,8,-0.020124,0.015993,0.1896
20,9,0.002959,0.013122,0.135
20,10,0.001932,0.014982,0.1457
20,11,-0.020902,0.014813,0.1904
20,13,-0.022157,0.013218,0.1901
20,14,0.00454,0.013035,0.1299
20,16,-0.009989,0.011118,0.1663
20,17,-0.00954,0.010449,0.1645
20,18,-0.020437,0.014623,0.1872
20,19,-0.006898,0.012951,0.163
21,0,-0.044443,0.014842,0.1991
21,1,-0.004984,0.012849,0.1594
21,2,-0.021497,0.013469,0.1909
21,3,-0.040456,0.012874,0.199
21,4,-0.018319,0.01377,0.1854
21,5,-0.011787,0.012142,0.1732
21,6,-0.003572,0.015202,0.1595
21,7,-0.008802,0.013405,0.1694
21,8,0.004217,0.014987,0.1395
21,9,0.012443,0.014028,0.1046
21,10,-0.030063,0.015395,0.1946
21,11,-0.012033,0.01408,0.1812
21,13,0.022745,0.014093,0.0696
21,14,-0.005456,0.01466,0.1638
21,16,-0.005299,0.012257,0.1583
21,17,-0.028948,0.009183,0.193
21,18,0.018451,0.014608,0.0871
21,19,-0.024798,0.01294,0.1937
22,0,-0.007675,0.009715,0.1554
22,1,0.026976,0.009596,0.0391
22,2,-0.004678,0.010686,0.159
22,3,0.020017,0.010037,0.0679
22,4,0.038535,0.01001,0.0225
22,5,0.010278,0.009351,0.0994
22,6,0.016766,0.012146,0.081
22,7,0.016776,0.010678,0.0785
22,8,0.019464,0.011129,0.0697
22,9,0.038785,0.010153,0.0163
22,10,0.01062,0.010844,0.1027
22,11,0.037958,0.011235,0.017
22,12,0.017085,0.012343,0.0817
22,13,0.025898,0.010602,0.0438
22,14,0.018414,0.010053,0.0669
22,15,-0.020917,0.011382,0.19
22,16,0.013371,0.009329,0.0862
22,17,0.012748,0.008523,0.0839
22,19,-0.029064,0.009287,0.1926
22,20,0.000658,0.012453,0.1433
22,21,-0.01601,0.013506,0.181
23,0,0.010213,0.00917,0.0971
23,1,0.002088,0.008129,0.1256
23,2,0.001728,0.010446,0.133
23,3,-0.035457,0.009922,0.194
23,4,0.03996,0.009743,0.0154
23,5,-0.001689,0.011052,0.1454
23,6,0.023753,0.010609,0.0532
23,7,0.001159,0.007358,0.1245
23,8,0.01947,0.012325,0.0723
23,9,0.027338,0.009595,0.0423
23,10,0.048496,0.010275,0.0099
23,11,0.016714,0.009386,0.0705
23,12,0.019785,0.013286,0.0776
23,13,0.024743,0.008519,0.0404
23,14,-0.011833,0.008519,0.17
23,15,0.01063,0.01222,0.1081
23,16,0.024213,0.007679,0.0348
23,17,-0.013648,0.009132,0.1678
23,19,0.004779,0.008095,0.1128
23,20,0.054227,0.012104,0.0074
23,21,0.024508,0.011521,0.0531
24,0,-0.028413,0.010965,0.1957
24,1,-0.034382,0.011293,0.1974
24,2,0.03257,0.014098,0.0379
24,3,-0.019083,0.013581,0.1877
24,4,0.007795,0.014138,0.1251
24,5,0.015402,0.012469,0.0887
24,6,0.011472,0.014312,0.1107
24,7,-0.004333,0.010569,0.1558
24,8,-0.017015,0.015582,0.1878
24,9,0.003741,0.012192,0.129
24,10,0.007028,0.01302,0.1223
24,11,-9.4e-05,0.012503,0.148
24,12,0.003967,0.017628,0.1492
24,13,0.034295,0.011563,0.022
24,14,0.023956,0.011669,0.0511
24,15,0.015129,0.015992,0.1025
24,16,0.000287,0.009954,0.1415
24,17,0.025161,0.009913,0.0522
24,18,0.016345,0.014595,0.0924
24,19,0.043079,0.012773,0.015
24,20,0.016501,0.016908,0.1024
24,21,0.041514,0.016137,0.0273
24,22,0.027753,0.012432,0.0459
24,23,0.033366,0.013196,0.0371
25,0,0.024225,0.010455,0.0514
25,1,0.029196,0.01006,0.0375
25,2,0.001156,0.011483,0.1377
25,3,0.026204,0.011727,0.0506
25,4,0.030737,0.012301,0.0385
25,5,0.020869,0.010867,0.0666
25,6,-0.010841,0.012599,0.1721
25,7,-0.001673,0.010415,0.1457
25,8,0.018387,0.012625,0.0779
25,9,0.031784,0.012294,0.0378
25,10,-0.012481,0.010974,0.1759
25,11,0.000183,0.010245,0.1389
25,12,0.015654,0.015465,0.0973
25,13,-0.015635,0.009593,0.1756
25,14,-0.013126,0.011059,0.1799
25,15,0.077075,0.014134,0.0002
25,16,-0.030693,0.008676,0.1942
25,17,0.0029,0.009799,0.1224
25,18,0.015353,0.011455,0.0857
25,19,0.014052,0.010597,0.0885
25,20,0.015695,0.014984,0.0973
25,21,-0.028668,0.013148,0.1962
25,22,0.008088,0.010533,0.1103
25,23,0.023799,0.010792,0.0591
25,24,-0.005365,0.014478,0.1616
26,0,0.000801,0.006287,0.125
26,1,0.031289,0.006653,0.0244
26,2,0.019478,0.008573,0.0625
26,3,0.018755,0.009579,0.0692
26,4,0.02531,0.008455,0.0407
26,5,0.013792,0.008749,0.0819
26,6,0.023611,0.008754,0.0444
26,7,0.023703,0.006514,0.0375
26,8,0.025617,0.00981,0.0471
26,9,0.013943,0.009143,0.0814
26,10,0.046382,0.007777,0.0046
26,11,0.024218,0.006781,0.0348
26,12,0.046726,0.011391,0.0146
26,13,0.013927,0.007244,0.0786
26,14,0.011103,0.007113,0.0845
26,15,0.017005,0.00941,0.0712
26,16,-0.019122,0.005927,0.1866
26,17,0.002764,0.007111,0.114
26,19,0.026252,0.006558,0.0346
26,20,0.023485,0.010393,0.0506
26,21,0.010253,0.010052,0.0998
26,24,-0.001989,0.010704,0.1466
26,25,0.00647,0.010321,0.1126
27,0,0.033064,0.010516,0.0272
27,1,0.007585,0.009808,0.1119
27,2,0.052048,0.010301,0.0069
27,3,0.032005,0.010581,0.0382
27,4,-0.000358,0.010694,0.1385
27,5,0.008591,0.010405,0.1076
27,6,-0.010808,0.010909,0.1708
27,7,-0.018013,0.008595,0.1798
27,8,0.018093,0.012583,0.0797
27,9,0.017397,0.009944,0.0704
27,10,0.000747,0.0113,0.1372
27,11,0.004438,0.010939,0.1295
27,12,-0.044305,0.0137,0.199
27,13,0.035012,0.009021,0.0224
27,14,0.035226,0.009322,0.0221
27,15,-0.020533,0.012394,0.1847
27,17,0.000329,0.007966,0.1283
27,18,0.002592,0.010422,0.1266
27,20,0.019837,0.012289,0.0735
27,21,0.019507,0.013432,0.0766
27,22,-0.01659,0.009296,0.1785
27,23,0.005746,0.009691,0.1148
27,24,-0.000944,0.01236,0.1469
27,25,0.011464,0.011627,0.0988
27,26,0.054231,0.00872,0.0033
28,0,0.010455,0.00966,0.0954
28,1,0.003795,0.010407,0.1244
28,2,0.013753,0.011458,0.0895
28,3,-0.002834,0.011334,0.1479
28,4,-0.024626,0.01138,0.1873
28,5,-0.011747,0.01096,0.1704
28,6,-0.015358,0.011822,0.18
28,7,0.004562,0.010385,0.1222
28,8,-0.006436,0.011178,0.1568
28,9,0.004104,0.010674,0.1212
28,10,0.017183,0.011281,0.0798
28,11,0.000341,0.010594,0.1386
28,12,-0.031147,0.013535,0.1953
28,13,0.017008,0.010572,0.0764
28,15,-0.003979,0.012045,0.1546
28,16,-0.000606,0.009451,0.1349
28,17,0.038028,0.008376,0.0216
28,18,0.009726,0.011812,0.1077
28,19,0.021326,0.009749,0.0642
28,20,-0.004503,0.013587,0.1605
28,21,0.03329,0.012963,0.0365
28,22,-0.008488,0.01039,0.1639
28,23,-0.022424,0.009113,0.1849
28,24,0.02216,0.013308,0.0707
28,25,0.010665,0.010591,0.0986
28,26,0.023838,0.008309,0.0482
28,27,0.028967,0.01089,0.0379
29,0,0.035897,0.01151,0.0236
29,1,-0.016989,0.011291,0.1831
29,2,0.00998,0.012792,0.111
29,3,-0.003883,0.013114,0.1593
29,4,0.036898,0.012888,0.0252
29,5,0.020975,0.011748,0.0648
29,6,0.016005,0.013616,0.0907
29,7,-0.006652,0.010259,0.1608
29,8,0.010599,0.014819,0.1141
29,9,-0.019991,0.011763,0.1873
29,10,-0.031873,0.012395,0.1954
29,11,0.005974,0.011942,0.1231
29,12,0.004428,0.015947,0.1366
29,13,0.04272,0.010599,0.0072
29,15,-0.007694,0.015079,0.1752
29,16,-0.001318,0.010216,0.147
29,17,0.025771,0.010264,0.0465
29,18,0.028194,0.012629,0.0481
29,19,0.025606,0.011243,0.0464
29,20,-0.013822,0.016177,0.1827
29,21,-0.013435,0.015818,0.1841
29,22,0.033841,0.011366,0.0303
29,23,0.009168,0.011674,0.108
29,24,0.023235,0.016146,0.0737
29,25,0.005544,0.014527,0.1354
29,26,0.018679,0.008173,0.0584
29,27,0.003981,0.011877,0.1285
30,0,-0.013394,0.008571,0.1697
30,1,0.022305,0.007937,0.0447
30,2,0.029493,0.011377,0.0435
30,3,0.035734,0.012892,0.0329
30,4,0.034601,0.010854,0.0261
30,5,0.038701,0.012329,0.0264
30,6,0.027567,0.010731,0.0382
30,7,0.018117,0.008665,0.0658
30,8,0.037616,0.012506,0.0221
30,9,0.011904,0.010756,0.0955
30,10,0.019844,0.010498,0.0654
30,11,-0.035951,0.008981,0.1977
30,12,0.019146,0.01536,0.085
30,13,-0.025493,0.008222,0.1933
30,14,0.028569,0.007842,0.0204
30,15,0.034941,0.01446,0.0383
30,16,0.006453,0.006749,0.1041
30,17,0.032258,0.010597,0.0395
30,18,0.02563,0.01172,0.0533
30,19,0.010471,0.008291,0.0914
30,20,0.044514,0.014271,0.0171
30,21,-0.034496,0.012028,0.1967
30,22,0.033337,0.009377,0.0297
30,23,0.023127,0.012281,0.0646
30,24,-0.00323,0.014392,0.1572
30,26,0.03678,0.009733,0.0243
30,27,0.019473,0.009671,0.0664
30,28,0.028513,0.010493,0.0398
30,29,0.042558,0.013281,0.019
31,0,0.041479,0.012205,0.0206
31,1,0.03123,0.012796,0.0385
31,2,-0.006334,0.013117,0.1669
31,3,0.038149,0.01089,0.0184
31,4,-0.028315,0.01279,0.1925
31,5,-0.001066,0.011599,0.1468
31,6,0.009117,0.01578,0.125
31,7,-2.8e-05,0.012975,0.1432
31,8,-0.008357,0.014639,0.1736
31,9,0.019226,0.012174,0.0736
31,10,-0.02791,0.014479,0.1964
31,11,0.008953,0.013811,0.1183
31,12,0.038406,0.016129,0.0286
31,13,-0.019286,0.013697,0.1888
31,14,0.019053,0.013316,0.0785
31,15,0.009515,0.014815,0.1178
31,16,-0.014616,0.012769,0.1781
31,17,-0.015282,0.009532,0.1755
31,18,0.015724,0.013325,0.0896
31,19,0.014811,0.011763,0.0884
31,20,0.003518,0.017563,0.1483
31,21,0.005327,0.017255,0.1445
31,22,0.007304,0.012031,0.1179
31,23,0.006815,0.012357,0.1214
31,25,0.017045,0.013788,0.0877
31,26,0.035308,0.008812,0.0151
31,27,-0.002392,0.012457,0.1507
31,28,-0.051495,0.013052,0.1999
31,29,0.010194,0.01496,0.1163
31,30,0.011517,0.012461,0.1035
32,0,0.029428,0.009748,0.0301
32,1,-0.025354,0.010083,0.1928
32,2,0.008668,0.009829,0.1043
32,3,-0.023281,0.012259,0.1887
32,4,0.055879,0.011968,0.0044
32,5,0.010941,0.011347,0.1011
32,6,-0.003967,0.012675,0.155
32,7,0.018524,0.009831,0.0671
32,8,0.016682,0.01235,0.0851
32,9,0.013253,0.010984,0.0918
32,10,-0.004606,0.011327,0.1552
32,11,0.008559,0.010587,0.1085
32,12,0.027189,0.015512,0.0631
32,13,-0.012088,0.010082,0.1738
32,14,0.025181,0.010232,0.0439
32,15,-0.002519,0.013369,0.1565
32,16,-0.012752,0.008574,0.1754
32,17,0.06757,0.009948,0.0012
32,18,0.013353,0.01206,0.097
32,19,0.007987,0.009048,0.1056
32,20,0.007739,0.014667,0.1226
32,21,0.047603,0.012592,0.008
32,22,-0.017154,0.010234,0.1813
32,23,0.014137,0.010664,0.0861
32,24,0.017346,0.014241,0.0886
32,26,0.00422,0.008999,0.1156
32,27,0.012934,0.010729,0.092
32,28,0.021343,0.011145,0.0634
32,29,0.000289,0.012616,0.144
32,31,0.028482,0.012243,0.0445
33,0,-0.012731,0.008969,0.1761
33,1,0.02892,0.008679,0.0296
33,2,0.042353,0.010305,0.0122
33,3,0.004073,0.010131,0.1224
33,4,0.013955,0.010754,0.0888
33,5,0.027033,0.008346,0.0354
33,6,0.003126,0.010523,0.1282
33,7,-0.000889,0.007978,0.1365
33,8,-0.002279,0.010708,0.1438
33,9,0.023756,0.009641,0.0503
33,10,0.008486,0.010004,0.1046
33,11,0.032685,0.008822,0.0195
33,12,0.002696,0.012662,0.1339
33,13,-0.010066,0.008771,0.165
33,14,-0.02102,0.009342,0.1856
33,15,0.004234,0.011677,0.1269
33,17,-0.002609,0.008264,0.1334
33,18,0.022598,0.010785,0.0579
33,20,0.016419,0.012705,0.0863
33,21,0.039968,0.012511,0.0192
33,22,-0.005324,0.008695,0.151
33,23,0.03022,0.009846,0.0327
33,24,-0.0039,0.012761,0.1531
33,25,-0.01322,0.011218,0.1764
33,26,0.055224,0.007987,0.0033
33,28,0.009768,0.009724,0.1003
33,29,0.023527,0.011214,0.0579
33,30,0.020221,0.010878,0.0692
33,31,-0.007758,0.011801,0.1705
33,32,0.01494,0.009632,0.0799
34,0,-0.002859,0.009834,0.1422
34,1,0.041463,0.008948,0.014
34,2,0.00051,0.007486,0.1292
34,3,-0.011632,0.005088,0.1701
34,4,-0.003782,0.007056,0.1488
34,5,0.001149,0.004684,0.1227
34,6,-0.005944,0.008924,0.1511
34,7,-0.013663,0.011306,0.1696
34,8,0.006653,0.007527,0.1081
34,9,0.038172,0.00708,0.01
34,10,0.045423,0.010281,0.0099
34,11,0.026864,0.011298,0.0497
34,12,-0.036415,0.006696,0.1988
34,13,-0.003798,0.009719,0.1399
34,14,-0.009133,0.009471,0.1627
34,15,0.021767,0.005894,0.0328
34,16,0.016554,0.010087,0.0789
34,17,-7.4e-05,0.003678,0.1272
34,18,-0.025833,0.007687,0.1934
34,19,0.030708,0.00712,0.0252
34,20,0.02102,0.009253,0.0547
34,21,-0.016199,0.011089,0.1805
34,22,0.016876,0.007236,0.0659
34,23,0.014551,0.006024,0.0654
34,24,-0.011944,0.00708,0.1702
34,25,-0.029407,0.006612,0.1959
34,26,-0.034076,0.00444,0.196
34,27,-0.019901,0.005834,0.1815
34,28,0.029205,0.007661,0.025
34,29,-0.019429,0.007575,0.1856
34,30,0.009607,0.004941,0.082
34,31,-0.032193,0.009345,0.1972
34,32,0.008891,0.006251,0.0901
34,33,0.02117,0.006298,0.0433
35,0,-0.039895,0.011442,0.1981
35,1,0.008798,0.011591,0.1128
35,2,0.034426,0.01083,0.0224
35,3,-0.014337,0.00811,0.1762
35,4,0.006103,0.011496,0.1199
35,5,0.026817,0.007761,0.03
35,6,-0.006896,0.013908,0.1647
35,7,0.001249,0.011462,0.1354
35,8,-0.007797,0.011415,0.1673
35,9,-0.01112,0.011323,0.1735
35,10,0.011074,0.012595,0.1051
35,11,0.019038,0.012866,0.0758
35,12,-0.026068,0.011393,0.1948
35,13,0.008234,0.01252,0.1152
35,14,-0.003417,0.01207,0.1497
35,15,0.024809,0.010737,0.0482
35,16,0.005161,0.012015,0.1229
35,17,0.034257,0.005964,0.013
35,18,-0.042733,0.010831,0.1977
35,19,-0.010827,0.010199,0.1647
35,20,-0.004087,0.013081,0.1561
35,21,-0.001455,0.01474,0.1548
35,22,0.008968,0.010699,0.1049
35,23,0.01511,0.008826,0.0744
35,24,-0.032741,0.011797,0.197
35,25,0.018174,0.010164,0.0702
35,26,-0.005367,0.006934,0.1489
35,27,-0.001007,0.009638,0.1419
35,28,0.019631,0.009859,0.0613
35,29,0.028552,0.010297,0.0363
35,30,-0.002001,0.007254,0.1405
35,31,-0.013964,0.013815,0.1823
35,32,0.010477,0.008971,0.0959
35,33,0.029728,0.008389,0.0258
36,0,0.008874,0.012648,0.1115
36,1,0.002645,0.011793,0.1302
36,2,-0.000411,0.01081,0.1408
36,3,0.021829,0.00879,0.0486
36,4,-0.003763,0.009902,0.1476
36,5,0.039267,0.008358,0.0114
36,6,0.038421,0.012329,0.0204
36,7,-0.011944,0.011565,0.1668
36,8,0.017283,0.010147,0.0735
36,9,0.014427,0.009158,0.0776
36,10,0.035901,0.012759,0.0306
36,11,-0.019762,0.012621,0.1863
36,12,-0.037774,0.010184,0.1978
36,13,0.032915,0.011497,0.0343
36,14,0.000913,0.011839,0.1397
36,15,0.006454,0.009491,0.1128
36,16,0.034632,0.011493,0.035
36,17,0.014482,0.006171,0.0636
36,18,0.020429,0.010702,0.0625
36,19,0.003078,0.010187,0.1278
36,20,0.000368,0.011983,0.1413
36,21,0.019037,0.014026,0.0824
36,22,-0.020847,0.010713,0.1876
36,23,0.013468,0.007257,0.0761
36,24,0.02014,0.010374,0.0601
36,25,0.035503,0.009193,0.0176
36,26,0.009248,0.004944,0.0847
36,27,0.006413,0.009803,0.1133
36,28,-0.013957,0.010152,0.1727
36,29,-0.01933,0.011597,0.1896
36,30,0.001373,0.00869,0.1357
36,31,0.004702,0.01325,0.1302
36,32,0.015023,0.008823,0.0733
36,33,0.007219,0.00822,0.1059
37,0,-0.011214,0.009259,0.168
37,1,0.021245,0.010363,0.0572
37,2,-0.014543,0.011458,0.1738
37,3,0.031279,0.012204,0.0364
37,4,0.023274,0.012035,0.0595
37,6,0.042021,0.012473,0.0127
37,7,0.033469,0.010703,0.0274
37,8,0.051764,0.012574,0.0075
37,9,0.029241,0.01109,0.0367
37,10,0.020379,0.01109,0.0611
37,11,-0.032607,0.010871,0.1979
37,12,0.032413,0.015712,0.043
37,13,-0.031955,0.009711,0.1972
37,14,0.012091,0.009349,0.0872
37,15,0.012672,0.013691,0.1028
37,16,-0.004376,0.008856,0.154
37,18,0.016307,0.012132,0.0837
37,19,0.002773,0.010286,0.1282
37,20,0.001303,0.013964,0.144
37,21,-0.001176,0.013466,0.1531
37,22,-0.002519,0.010222,0.1479
37,23,0.020711,0.010105,0.0627
37,24,-0.021519,0.014644,0.195
37,25,0.005188,0.012872,0.1268
37,26,0.018897,0.009332,0.0665
37,27,-0.001342,0.009819,0.1372
37,28,-0.006906,0.010569,0.1591
37,29,-0.006952,0.013176,0.1644
37,30,0.031493,0.01308,0.0381
37,31,0.048133,0.01374,0.009
37,32,0.010577,0.013692,0.1087
37,33,-0.030072,0.011141,0.1923
37,34,0.042062,0.006833,0.0031
37,35,-0.006766,0.010128,0.1589
37,36,0.042456,0.009125,0.0058
38,0,0.011632,0.010618,0.0973
38,1,0.003356,0.009422,0.1233
38,2,0.033038,0.011506,0.0347
38,3,0.002386,0.010942,0.1305
38,4,0.001648,0.011997,0.1376
38,5,0.04702,0.01042,0.0112
38,6,0.005924,0.012732,0.1268
38,7,0.026267,0.010269,0.0456
38,8,0.029128,0.012254,0.0437
38,9,-0.014489,0.011,0.1727
38,10,0.01199,0.009914,0.0927
38,11,0.023431,0.010864,0.0537
38,12,0.071499,0.013752,0.001
38,13,0.002978,0.010301,0.1302
38,15,0.065704,0.012853,0.0032
38,16,-0.000712,0.008731,0.137
38,17,-0.005017,0.009165,0.1406
38,18,0.014318,0.01157,0.0906
38,19,0.019694,0.010579,0.0683
38,20,0.04494,0.014387,0.0184
38,21,-0.031336,0.01364,0.1966
38,22,0.007137,0.010177,0.1095
38,23,0.027892,0.010261,0.0437
38,24,0.005121,0.013512,0.1289
38,25,0.001247,0.012346,0.1387
38,26,0.035299,0.009679,0.027
38,27,0.004611,0.01092,0.1232
38,30,0.032296,0.012551,0.04
38,31,-0.007842,0.014118,0.1647
38,32,0.013059,0.011618,0.0946
38,33,0.035656,0.009803,0.0275
38,34,0.043838,0.006224,0.002
38,35,-0.004511,0.01079,0.1554
38,36,0.021044,0.009765,0.0619
38,37,0.068053,0.011873,0.0009
39,0,-0.001763,0.008283,0.141
39,1,0.03955,0.00767,0.0081
39,2,-0.014363,0.01099,0.1726
39,3,-0.013606,0.012361,0.1695
39,4,-0.003852,0.010448,0.1478
39,5,-0.040693,0.010775,0.1988
39,6,0.029207,0.011794,0.04
39,7,-0.013452,0.008115,0.1775
39,8,0.011247,0.012094,0.1043
39,9,0.047144,0.010349,0.0078
39,10,-0.006993,0.010085,0.1558
39,11,-0.001925,0.007937,0.142
39,12,0.041496,0.0136,0.0238
39,13,-0.020644,0.009981,0.1877
39,14,-0.007194,0.009097,0.1641
39,15,0.029165,0.012093,0.0399
39,16,-0.008773,0.007144,0.1676
39,17,0.02738,0.009893,0.0487
39,18,0.006901,0.010968,0.1161
39,19,0.008618,0.008623,0.0989
39,20,0.008015,0.013007,0.1203
39,21,0.028826,0.011988,0.0458
39,22,0.025008,0.008671,0.0449
39,23,0.017665,0.011635,0.0806
39,24,0.033214,0.014178,0.0364
39,25,0.032783,0.012543,0.0326
39,26,0.041157,0.011132,0.0197
39,27,0.008411,0.010565,0.1065
39,28,0.024038,0.009551,0.0526
39,29,0.000935,0.012779,0.143
39,30,0.015852,0.012058,0.0849
39,31,0.037003,0.010558,0.0234
39,32,0.007599,0.011383,0.1117
39,33,0.012912,0.010177,0.089
39,34,0.031655,0.005066,0.0102
39,35,0.040017,0.008011,0.012
39,36,-0.005828,0.008424,0.1572
39,37,0.011118,0.010432,0.0971
39,38,0.016037,0.010752,0.0833
40,0,-0.037201,0.012019,0.1983
40,1,0.027496,0.011469,0.0442
40,2,0.044182,0.012469,0.0146
40,3,-0.001071,0.012454,0.1484
40,4,0.001763,0.013086,0.1387
40,5,0.000574,0.010364,0.1355
40,6,0.007596,0.013744,0.1245
40,7,0.05058,0.011812,0.0084
40,8,0.015841,0.014133,0.0944
40,9,0.012814,0.012141,0.0971
40,10,-0.008055,0.013153,0.1686
40,11,-0.007569,0.01411,0.1686
40,12,0.016356,0.016164,0.1002
40,13,0.018672,0.0119,0.0719
40,14,-0.002891,0.012159,0.1546
40,15,-0.002688,0.013912,0.1596
40,16,-0.016423,0.011655,0.1848
40,17,0.03529,0.009183,0.0198
40,18,-0.008566,0.013072,0.1667
40,19,-0.018318,0.011831,0.184
40,20,0.011187,0.016105,0.1194
40,21,0.015286,0.014764,0.0992
40,22,0.004726,0.012219,0.1272
40,23,0.013319,0.011961,0.0957
40,24,0.054231,0.015228,0.0061
40,25,-0.005146,0.012915,0.1588
40,26,0.002211,0.008315,0.1227
40,27,0.016837,0.010606,0.0769
40,28,0.018981,0.01189,0.0753
40,29,-0.00557,0.014864,0.1671
40,30,0.005508,0.012078,0.126
40,31,-0.010953,0.015741,0.1771
40,32,0.059842,0.013305,0.0019
40,33,0.025072,0.01159,0.0525
40,34,-0.013008,0.008747,0.1735
40,35,0.023787,0.013369,0.062
40,36,0.002172,0.011205,0.1343
40,37,0.006032,0.012821,0.1242
40,38,-0.012317,0.011583,0.1716
41,0,0.022008,0.009828,0.0574
41,1,-0.027061,0.009122,0.1945
41,2,0.066946,0.011098,0.0015
41,3,-0.007882,0.011008,0.1602
41,4,0.020434,0.012024,0.0705
41,5,0.017212,0.00878,0.0685
41,6,-0.005685,0.011878,0.161
41,7,0.023989,0.010026,0.0494
41,8,-0.016241,0.011362,0.178
41,9,0.010689,0.010245,0.0976
41,10,0.010438,0.011854,0.1054
41,11,-0.010479,0.010668,0.1687
41,12,0.010483,0.014147,0.1149
41,13,0.01253,0.010624,0.0944
41,14,0.022445,0.0097,0.0539
41,15,-0.013008,0.012469,0.1729
41,16,0.01724,0.008963,0.0703
41,17,0.041847,0.008982,0.0135
41,18,0.007431,0.011696,0.1149
41,19,0.020727,0.01034,0.0635
41,20,0.021143,0.013885,0.0731
41,21,0.038004,0.014159,0.0247
41,22,0.022646,0.009663,0.0564
41,23,-0.008626,0.010332,0.1633
41,24,0.004199,0.013346,0.1348
41,25,0.040857,0.01125,0.0195
41,26,0.019283,0.009253,0.0633
41,27,0.000272,0.010661,0.1368
41,28,-0.00848,0.011024,0.1644
41,29,0.014584,0.013178,0.0943
41,30,-0.005901,0.011869,0.1618
41,31,-0.007004,0.011905,0.1614
41,32,0.039891,0.011179,0.0164
41,33,0.022173,0.009671,0.0562
41,34,-0.012702,0.007132,0.1683
41,35,0.010432,0.009614,0.0973
41,36,0.026049,0.010079,0.0429
41,37,-0.003794,0.011694,0.1527
41,38,-0.009802,0.010475,0.1616
41,39,0.04621,0.011204,0.0144
41,40,0.03122,0.012279,0.0347
42,0,-0.008626,0.013153,0.165
42,1,0.010169,0.011634,0.1054
42,2,-0.030088,0.012023,0.1965
42,3,0.009355,0.010343,0.1035
42,4,-0.000423,0.011832,0.1454
42,5,0.006115,0.009615,0.1163
42,6,-0.012093,0.015547,0.1772
42,7,0.063073,0.01193,0.0025
42,8,0.020195,0.013277,0.0726
42,9,0.006119,0.010747,0.1164
42,10,0.022557,0.013508,0.0696
42,11,0.028829,0.013424,0.0435
42,12,0.021883,0.013957,0.0713
42,13,-0.041808,0.013568,0.199
42,14,-0.003194,0.013034,0.1539
42,15,0.02586,0.01173,0.0461
42,16,-0.018584,0.011894,0.1825
42,17,-0.016726,0.006492,0.1805
42,18,0.029751,0.013109,0.044
42,19,-0.022904,0.010333,0.188
42,20,-0.002564,0.014856,0.1612
42,21,-0.028374,0.016351,0.1959
42,22,0.025704,0.011784,0.0519
42,23,0.044497,0.009516,0.011
42,24,0.017095,0.013103,0.0866
42,25,-0.010881,0.011538,0.1762
42,26,-0.042272,0.008343,0.1991
42,27,0.025625,0.010137,0.0448
42,28,0.063151,0.011385,0.0012
42,29,0.013001,0.013134,0.099
42,30,0.018317,0.010191,0.0694
42,31,0.014235,0.014038,0.0968
42,32,-0.01204,0.010792,0.1757
42,33,-0.011675,0.009705,0.1761
42,34,0.017991,0.010404,0.0724
42,35,0.007574,0.013762,0.118
42,36,-0.052157,0.013582,0.1999
42,37,0.004122,0.012447,0.1322
42,38,0.013521,0.011858,0.095
42,39,0.018832,0.010542,0.0661
42,40,0.032663,0.012841,0.0389
43,0,0.03842,0.00847,0.0128
43,1,-0.012856,0.007582,0.1692
43,2,0.019669,0.010874,0.0693
43,3,0.030343,0.011396,0.0454
43,4,-0.01436,0.009884,0.1712
43,5,0.003429,0.010403,0.1247
43,6,0.030689,0.010228,0.0345
43,7,0.007399,0.007387,0.1037
43,8,0.006528,0.011815,0.1163
43,9,0.02002,0.010127,0.0657
43,10,-0.001453,0.010343,0.1444
43,11,0.008907,0.009358,0.1038
43,12,0.027433,0.013862,0.0552
43,13,0.004809,0.008018,0.1183
43,14,0.014692,0.008648,0.0747
43,15,-0.015321,0.013352,0.1786
43,16,0.028244,0.006906,0.0194
43,17,0.02619,0.00965,0.0488
43,18,0.004394,0.010691,0.1231
43,19,0.02115,0.008672,0.0552
43,20,0.053487,0.012826,0.0074
43,21,-0.014045,0.011282,0.171
43,22,0.015947,0.008739,0.0753
43,23,0.032621,0.009902,0.0354
43,24,0.012499,0.013178,0.1023
43,25,0.001316,0.012014,0.1364
43,26,0.017999,0.009008,0.0708
43,27,0.041946,0.010187,0.0173
43,28,-0.017789,0.008953,0.1767
43,29,0.020888,0.012383,0.0687
43,30,0.021607,0.011686,0.0703
43,31,0.028936,0.011565,0.0425
43,32,0.038124,0.012024,0.0279
43,33,0.073802,0.011847,0.0008
43,34,-0.014809,0.004588,0.1795
43,35,0.039177,0.009256,0.0132
43,36,-0.034648,0.007345,0.1981
43,37,0.03147,0.010724,0.0349
43,38,0.02057,0.010741,0.0688
43,39,0.013082,0.012839,0.0991
43,40,-0.022183,0.0116,0.1855
43,41,0.047317,0.009234,0.0083
43,42,0.016333,0.01037,0.0801
44,0,-0.018945,0.008854,0.1814
44,1,0.005792,0.009491,0.1153
44,2,-0.02452,0.011244,0.189
44,3,0.03427,0.011758,0.03
44,4,-0.025888,0.010965,0.1895
44,5,0.029987,0.010288,0.0447
44,6,-0.015807,0.010762,0.1828
44,7,-0.005489,0.008883,0.1499
44,8,-0.026804,0.011465,0.1922
44,9,0.047588,0.010422,0.0086
44,10,0.034448,0.0093,0.0226
44,11,0.035384,0.009809,0.0188
44,12,0.043851,0.013621,0.0171
44,13,0.025523,0.009921,0.0456
44,14,-0.000504,0.009825,0.1363
44,15,0.040148,0.011685,0.0161
44,16,0.004482,0.008155,0.1174
44,17,0.022623,0.009167,0.0543
44,18,0.019296,0.011634,0.0726
44,19,0.017792,0.009971,0.0725
44,20,0.037331,0.01223,0.0308
44,21,0.02533,0.011406,0.0505
44,22,0.000784,0.00923,0.1287
44,23,0.006462,0.009858,0.1139
44,24,-0.004661,0.013151,0.1568
44,25,0.000356,0.011242,0.1393
44,26,0.00946,0.009282,0.0977
44,27,0.004565,0.010132,0.1168
44,28,0.05325,0.009835,0.0059
44,29,0.040984,0.012323,0.0145
44,30,0.015131,0.011501,0.0867
44,31,0.009359,0.013291,0.1158
44,32,0.025785,0.011493,0.0564
44,33,0.016659,0.009563,0.0751
44,34,0.065434,0.00615,0.0
44,35,0.022773,0.009335,0.0492
44,36,0.025496,0.008757,0.035
44,37,0.014497,0.011705,0.0921
44,38,0.021832,0.010641,0.0628
44,39,-0.008958,0.012743,0.1688
44,40,0.027447,0.011221,0.0471
44,41,-0.040104,0.009413,0.1982
44,42,0.007284,0.009432,0.1093
44,43,-0.010042,0.01084,0.1649
45,0,0.007259,0.010976,0.1138
45,1,0.016987,0.009833,0.0741
45,2,0.01843,0.010985,0.0731
45,3,0.009139,0.009223,0.1022
45,4,0.024843,0.009968,0.0491
45,5,-0.0128,0.008461,0.1719
45,6,-0.013367,0.012062,0.1796
45,7,0.027331,0.009498,0.0391
45,8,0.010227,0.011095,0.1053
45,9,0.009157,0.009682,0.1046
45,10,-0.036103,0.010605,0.1965
45,11,0.025608,0.010965,0.0481
45,12,0.007323,0.01143,0.1192
45,13,0.015015,0.010114,0.0787
45,14,-0.002385,0.011759,0.1485
45,15,0.020681,0.011341,0.0654
45,16,0.023966,0.009635,0.0473
45,17,0.003668,0.006662,0.1133
45,18,-0.011873,0.009726,0.1661
45,19,0.023731,0.009662,0.0536
45,20,0.008604,0.012448,0.1104
45,21,0.006233,0.01365,0.1279
45,22,0.030192,0.009387,0.0342
45,23,-0.001339,0.0088,0.1382
45,24,0.029323,0.011017,0.0339
45,25,0.043595,0.00984,0.0093
45,26,0.005443,0.007032,0.1099
45,27,0.030755,0.00934,0.0264
45,28,0.009101,0.01054,0.1052
45,29,0.029631,0.011128,0.035
45,30,0.007278,0.008766,0.1083
45,31,0.026387,0.011587,0.0547
45,32,-0.004065,0.009914,0.151
45,33,0.040502,0.008684,0.0116
45,37,0.016326,0.009276,0.071
45,38,-0.050375,0.010432,0.1994
45,39,0.028879,0.008144,0.0255
45,40,-0.038288,0.012672,0.198
45,41,0.001036,0.010198,0.1359
45,42,-0.012729,0.011194,0.1738
45,43,0.015878,0.008098,0.0686
45,44,0.021326,0.00958,0.0582
46,0,0.010063,0.008478,0.0935
46,1,-0.021448,0.008296,0.1819
46,2,-0.01698,0.007671,0.1763
46,3,-0.008898,0.004359,0.1561
46,4,0.022564,0.006761,0.0413
46,5,0.029885,0.005184,0.0108
46,6,0.001405,0.008978,0.1314
46,7,0.006071,0.007764,0.1051
46,8,-0.00809,0.007828,0.1617
46,9,-0.029123,0.006604,0.1916
46,10,0.024211,0.009295,0.0462
46,11,0.015056,0.009857,0.0818
46,12,0.017445,0.00619,0.0486
46,13,-0.014167,0.010849,0.1717
46,14,-0.004467,0.007672,0.1396
46,15,0.030919,0.005876,0.0111
46,16,-0.018317,0.00998,0.1788
46,17,0.019627,0.003653,0.0331
46,18,-0.022924,0.007462,0.1896
46,19,0.020144,0.007651,0.0531
46,20,-0.037241,0.008034,0.1975
46,21,-0.023205,0.009021,0.1873
46,22,-0.002663,0.006526,0.134
46,23,-0.027988,0.004558,0.1938
46,24,0.006516,0.006828,0.1057
46,25,0.03047,0.005338,0.012
46,26,0.003353,0.003532,0.1114
46,27,-0.020307,0.006177,0.1823
46,28,0.036239,0.005989,0.0117
46,29,0.026051,0.007326,0.028
46,30,0.008975,0.004265,0.0834
46,31,0.021414,0.007653,0.0496
46,32,-0.006749,0.0048,0.1517
46,33,0.021015,0.004851,0.0403
46,34,-0.007068,0.009535,0.1438
46,35,-0.004281,0.009968,0.146
46,36,0.045168,0.009585,0.0161
46,37,-0.031484,0.005438,0.196
46,38,-0.024441,0.005961,0.1893
46,39,-0.04091,0.004571,0.1985
46,40,-0.031814,0.008339,0.1956
46,43,0.019364,0.004986,0.035
46,44,0.003739,0.005438,0.112
46,45,0.022727,0.007301,0.0466
47,0,0.004444,0.00948,0.1208
47,1,0.007928,0.00879,0.1011
47,2,-0.022677,0.012823,0.1892
47,3,-0.001311,0.013905,0.1491
47,4,0.01622,0.012541,0.0861
47,5,0.000667,0.012621,0.1423
47,6,0.023488,0.013183,0.0583
47,7,-0.006992,0.008107,0.161
47,8,0.019524,0.013229,0.0763
47,9,0.050204,0.011655,0.0084
47,10,-0.005637,0.010658,0.1547
47,11,0.009951,0.008873,0.0981
47,12,0.019247,0.015813,0.0879
47,13,-0.006064,0.010289,0.1595
47,14,-0.038094,0.009978,0.1985
47,15,0.064201,0.012515,0.0022
47,16,0.017262,0.008404,0.0624
47,17,-0.005771,0.010609,0.1509
47,18,0.046627,0.01247,0.0141
47,19,0.013551,0.009382,0.0835
47,20,-0.002363,0.015937,0.1624
47,21,0.000284,0.012846,0.1464
47,22,0.015204,0.010469,0.081
47,23,0.01289,0.011585,0.0943
47,24,0.012822,0.016106,0.1114
47,25,0.036919,0.013766,0.0309
47,26,0.044727,0.011013,0.0143
47,27,0.015355,0.011778,0.0859
47,28,-0.007361,0.011847,0.1635
47,29,0.024915,0.013412,0.059
47,30,0.074197,0.014447,0.0015
47,31,0.028437,0.012722,0.0405
47,32,0.056693,0.01354,0.0057
47,33,0.053011,0.011771,0.0077
47,34,0.018743,0.005547,0.0421
47,35,0.014967,0.009282,0.0777
47,36,0.006365,0.008489,0.111
47,37,-0.005524,0.011627,0.1579
47,38,0.023693,0.012239,0.0603
47,39,0.038089,0.014022,0.0292
47,40,0.003973,0.012206,0.1294
47,41,-0.008071,0.011639,0.1648
47,42,0.045093,0.011826,0.0098
47,44,0.055162,0.013145,0.0079
47,45,-0.02039,0.009117,0.1865
47,46,-0.010348,0.00478,0.1659
48,0,0.003631,0.011157,0.1285
48,1,-0.005247,0.009725,0.1517
48,2,0.04539,0.011657,0.0146
48,3,0.044789,0.012628,0.0143
48,4,-0.029708,0.013003,0.1951
48,5,-0.004623,0.011157,0.1522
48,6,0.032998,0.013899,0.0329
48,7,-0.006834,0.009537,0.1573
48,8,0.00569,0.014301,0.1306
48,9,0.015852,0.012191,0.0849
48,10,0.026111,0.013479,0.0573
48,11,-0.00722,0.012185,0.1688
48,12,-0.000822,0.016868,0.1606
48,13,0.029198,0.011534,0.0419
48,14,0.000173,0.011389,0.1405
48,15,0.0182,0.013512,0.085
48,16,-0.012684,0.009136,0.1668
48,17,0.024295,0.009038,0.0499
48,18,0.08535,0.014181,0.0
48,19,0.018808,0.01046,0.0715
48,20,-0.03238,0.01647,0.1959
48,21,0.023947,0.015475,0.0684
48,22,0.036067,0.012322,0.027
48,23,0.011409,0.012073,0.1002
48,24,0.003127,0.015608,0.1426
48,25,-0.022204,0.013079,0.1881
48,26,-0.012021,0.010223,0.1694
48,27,0.064652,0.011571,0.0006
48,28,0.015697,0.012037,0.0878
48,29,-0.008661,0.014818,0.1683
48,30,0.026944,0.014033,0.0534
48,31,0.030984,0.014779,0.045
48,32,0.033203,0.01192,0.0338
48,33,0.005049,0.011776,0.1246
48,34,-0.005147,0.007737,0.1501
48,35,-0.018522,0.012095,0.1875
48,36,0.00234,0.010935,0.1354
48,37,-0.005094,0.013723,0.1679
48,38,0.005013,0.012263,0.1281
48,41,-0.031977,0.012286,0.1952
48,42,0.022053,0.013749,0.0676
48,43,0.009281,0.010985,0.1061
48,44,0.006172,0.01295,0.1261
48,45,0.008834,0.011247,0.1102
48,46,0.024459,0.006043,0.0343
48,47,0.019174,0.014039,0.0805
49,0,0.006292,0.01376,0.1263
49,2,0.017189,0.010412,0.0781
49,3,-0.038705,0.008915,0.1983
49,4,-0.010868,0.011116,0.1688
49,5,0.023684,0.009217,0.0456
49,6,0.01104,0.014095,0.1103
49,7,-0.007247,0.012363,0.16
49,8,-0.0203,0.011779,0.1881
49,9,-0.038664,0.010522,0.1986
49,10,0.025755,0.013783,0.0605
49,11,-0.005867,0.013424,0.1611
49,12,-0.006344,0.010828,0.1653
49,13,0.000467,0.013165,0.1398
49,14,-0.024472,0.012358,0.1889
49,15,0.006463,0.011426,0.1238
49,16,0.018352,0.01222,0.0796
49,17,0.030597,0.007646,0.022
49,18,0.019631,0.012606,0.0735
49,19,-0.009406,0.010747,0.163
49,20,-0.001955,0.013519,0.1507
49,21,-0.029702,0.015021,0.1944
49,22,0.041024,0.01071,0.0163
49,23,0.025,0.008476,0.0397
49,24,0.025379,0.011934,0.0484
49,25,-0.07291,0.009818,0.2
49,26,0.017012,0.006744,0.0586
49,27,-0.037734,0.010738,0.198
49,28,0.012611,0.010703,0.0935
49,29,0.005079,0.011663,0.1227
49,30,0.011559,0.00825,0.0893
49,31,-0.059772,0.014604,0.2
49,32,0.024773,0.010082,0.048
49,33,-0.000204,0.009231,0.1384
49,34,0.044792,0.012291,0.0206
49,35,-0.02167,0.013624,0.1858
49,36,-0.014321,0.013537,0.174
49,37,0.010954,0.010223,0.0963
49,38,0.038155,0.010664,0.0204
49,39,-0.018872,0.008465,0.1831
49,40,-0.011996,0.012925,0.1739
49,41,-0.033627,0.010587,0.1963
49,42,-0.014048,0.014396,0.1788
49,43,0.008977,0.007745,0.0979
49,44,0.043006,0.008288,0.0091
49,45,0.018702,0.011921,0.0754
49,46,0.022682,0.010569,0.0637
49,47,0.008758,0.010089,0.1066
49,48,0.012599,0.011594,0.0955
50,0,-0.006759,0.01233,0.1653
50,1,-0.035149,0.012256,0.1968
50,2,0.003045,0.012116,0.1306
50,3,0.045827,0.013424,0.0178
50,4,-0.026047,0.013788,0.1941
50,5,-0.008772,0.012698,0.1697
50,6,0.007347,0.014766,0.1251
50,7,0.008069,0.011861,0.1161
50,8,0.020681,0.013899,0.0739
50,9,-0.015856,0.0119,0.1802
50,10,-0.010217,0.012922,0.1686
50,11,0.004473,0.012385,0.1322
50,12,-0.008003,0.016894,0.1729
50,13,0.01619,0.011356,0.0811
50,14,0.007461,0.011346,0.1176
50,15,0.028717,0.015379,0.0543
50,16,0.017012,0.010455,0.0741
50,17,0.07034,0.011225,0.0012
50,18,0.00327,0.01382,0.1343
50,19,-0.029889,0.011978,0.1943
50,20,0.03847,0.017746,0.0345
50,21,0.033758,0.015802,0.0407
50,22,-0.016452,0.012398,0.1842
50,23,-0.004829,0.013726,0.1601
50,25,0.037514,0.013942,0.0262
50,26,0.015294,0.011867,0.085
50,27,0.011463,0.011631,0.1005
50,28,0.064144,0.012013,0.0036
50,29,0.028069,0.014871,0.0519
50,30,0.027416,0.01422,0.0546
50,32,0.04305,0.013619,0.0191
50,33,0.009818,0.011727,0.1045
50,34,-0.019163,0.007132,0.1849
50,35,-0.003139,0.011396,0.1502
50,36,-0.000137,0.011069,0.1397
50,37,0.010823,0.013696,0.1109
50,38,0.008669,0.013867,0.1182
50,39,0.00448,0.012532,0.1243
50,40,0.051222,0.016066,0.0119
50,41,0.016695,0.012307,0.0859
50,42,-0.007644,0.012826,0.1681
50,43,0.013871,0.013373,0.0986
50,44,0.03293,0.013395,0.035
50,45,-0.009153,0.011476,0.1656
50,46,0.000292,0.005587,0.1277
50,47,0.03977,0.015033,0.028
50,48,0.017829,0.015179,0.0886
50,49,0.0157,0.011224,0.0833
51,0,-0.026697,0.012857,0.1929
51,1,0.010534,0.011663,0.1035
51,2,-0.009029,0.011445,0.1682
51,3,0.016204,0.011355,0.0803
51,4,0.0131,0.011505,0.0927
51,5,-0.020717,0.010051,0.1893
51,6,-0.04055,0.013084,0.1996
51,7,0.034139,0.011651,0.0327
51,8,-0.005476,0.011809,0.1602
51,9,-0.028728,0.011026,0.1946
51,10,0.029213,0.013114,0.0454
51,11,0.006465,0.013037,0.1226
51,12,0.011493,0.013005,0.1054
51,13,-0.042121,0.01191,0.1992
51,14,0.003859,0.012764,0.1328
51,15,-0.002612,0.011859,0.1536
51,16,-0.00154,0.01083,0.1465
51,17,0.023868,0.007416,0.044
51,18,0.034353,0.011586,0.0264
51,19,0.006298,0.011406,0.116
51,20,0.018371,0.014298,0.0833
51,21,0.025427,0.015174,0.0624
51,22,-0.015562,0.011946,0.1796
51,23,0.054093,0.009907,0.0021
51,24,0.027254,0.013357,0.0491
51,25,0.005502,0.011769,0.1253
51,26,0.052686,0.008009,0.0015
51,27,-0.012311,0.011262,0.1749
51,28,-0.036267,0.012172,0.1979
51,29,0.024742,0.012853,0.0568
51,30,-0.034482,0.01003,0.1979
51,31,-0.022178,0.014257,0.1913
51,32,0.010555,0.011062,0.1035
51,33,-0.002849,0.009708,0.1492
51,34,-0.033938,0.009049,0.1962
51,35,0.048429,0.013293,0.0102
51,36,0.002373,0.011527,0.1319
51,37,0.033277,0.010535,0.0213
51,38,0.037935,0.011325,0.0184
51,39,0.028215,0.009585,0.0333
51,40,-0.00561,0.013283,0.1646
51,41,0.036766,0.01218,0.0225
51,42,0.000379,0.013328,0.146
51,44,-0.004176,0.010296,0.1545
51,45,-0.004248,0.012042,0.1556
51,46,0.003896,0.007653,0.1151
51,48,0.02146,0.012763,0.0707
51,49,0.042194,0.013104,0.0192
51,50,0.022462,0.013169,0.0663
52,0,-0.026248,0.011735,0.1896
52,1,0.006211,0.01152,0.1182
52,2,-0.004207,0.012383,0.1553
52,3,0.019839,0.009695,0.0635
52,4,0.025907,0.011232,0.0465
52,5,-0.000274,0.008169,0.1366
52,6,-0.005169,0.012683,0.1581
52,7,-0.036111,0.011529,0.1988
52,8,-0.021552,0.011355,0.1896
52,9,0.012184,0.010751,0.0952
52,10,-0.031917,0.012537,0.1943
52,11,-0.022789,0.014035,0.1893
52,12,-0.021585,0.011159,0.1918
52,13,0.059627,0.011483,0.0043
52,14,0.001427,0.013733,0.1444
52,15,-0.017193,0.010849,0.1888
52,16,-0.03123,0.01288,0.195
52,17,-0.016146,0.005733,0.1771
52,18,0.008728,0.011815,0.1129
52,19,0.017147,0.010469,0.0776
52,20,-0.017084,0.014065,0.1862
52,21,-0.000565,0.014232,0.1464
52,22,-0.023584,0.011053,0.1897
52,23,-0.010651,0.008034,0.1686
52,24,0.020614,0.01185,0.0671
52,25,0.007132,0.009443,0.1101
52,26,0.029971,0.006367,0.0187
52,27,0.035986,0.009382,0.0158
52,28,-0.031548,0.010516,0.1955
52,29,0.038443,0.010957,0.0156
52,30,0.022779,0.007307,0.0358
52,31,-0.001377,0.014202,0.1561
52,32,-0.04417,0.008961,0.1996
52,33,-0.019615,0.00874,0.1849
52,34,0.017122,0.010991,0.0783
52,35,-0.008398,0.013233,0.17
52,36,0.020509,0.012957,0.0764
52,37,0.016454,0.009366,0.07
52,38,0.013197,0.010129,0.0895
52,39,0.016929,0.008288,0.0663
52,40,-0.032906,0.012475,0.1956
52,43,0.03045,0.008229,0.0215
52,44,0.040432,0.010006,0.0115
52,45,0.016044,0.010945,0.0823
52,47,-0.016513,0.008954,0.182
52,48,0.016697,0.010814,0.077
52,49,-0.007088,0.014112,0.1612
52,50,0.010968,0.011617,0.1037
52,51,0.004813,0.013053,0.13
53,0,0.009251,0.007807,0.0945
53,2,0.0325,0.007539,0.0176
53,3,0.008628,0.004218,0.0838
53,4,-0.003828,0.007176,0.1449
53,5,0.004359,0.004629,0.1038
53,6,0.009102,0.009449,0.1045
53,7,-0.004014,0.010153,0.1482
53,8,0.030622,0.008425,0.0215
53,9,0.001758,0.006591,0.1263
53,10,0.009999,0.010326,0.105
53,11,0.025339,0.011871,0.0571
53,12,0.000934,0.006649,0.1328
53,13,-0.003369,0.00964,0.1427
53,14,0.04703,0.009163,0.0059
53,15,-0.012056,0.006378,0.1784
53,16,8.5e-05,0.010614,0.1323
53,17,-0.018685,0.004294,0.1825
53,18,0.006878,0.008184,0.1073
53,19,0.009247,0.007931,0.096
53,20,0.059582,0.008342,0.0002
53,21,-0.009379,0.010469,0.1674
53,22,-0.034763,0.008208,0.1983
53,23,-0.001604,0.005685,0.1376
53,24,-0.024316,0.007282,0.1943
53,25,-0.01031,0.00661,0.1714
53,26,0.007235,0.004488,0.0964
53,27,0.041906,0.007009,0.0021
53,28,0.005803,0.006604,0.1073
53,29,-0.005417,0.008101,0.1581
53,30,0.024533,0.004236,0.0136
53,31,-0.01478,0.009982,0.1796
53,32,-0.01127,0.005177,0.171
53,33,0.01839,0.005244,0.0441
53,34,0.016784,0.01116,0.0799
53,35,-0.026311,0.010792,0.1893
53,36,-0.022347,0.01224,0.1873
53,37,0.007874,0.00707,0.1001
53,38,0.008729,0.005582,0.0894
53,39,-0.022399,0.004496,0.1916
53,40,-0.001856,0.00892,0.1447
53,41,0.036769,0.006406,0.0078
53,42,0.015183,0.011465,0.0891
53,43,0.023516,0.00458,0.0103
53,44,0.011441,0.00551,0.074
53,45,-0.007508,0.008456,0.1549
53,46,0.005786,0.010231,0.1112
53,47,0.017084,0.004799,0.0371
53,48,0.011821,0.006871,0.082
53,50,-0.006788,0.007773,0.1626
53,51,-0.023506,0.009883,0.1866
53,52,0.015246,0.011181,0.0852
54,0,0.046955,0.013085,0.0177
54,2,-0.015008,0.011123,0.181
54,3,-0.001536,0.009876,0.1467
54,4,-0.004152,0.011423,0.1583
54,5,0.009391,0.00845,0.0976
54,6,0.002871,0.013072,0.1368
54,7,0.010858,0.011984,0.1035
54,8,0.02426,0.012509,0.0519
54,9,0.004676,0.011788,0.1248
54,10,0.023645,0.013703,0.0669
54,11,-0.00387,0.013966,0.1574
54,12,0.007906,0.011031,0.1171
54,13,0.005024,0.014137,0.1317
54,14,0.007544,0.012101,0.1131
54,15,0.009538,0.010094,0.1031
54,16,0.042651,0.013296,0.0231
54,17,0.003328,0.006336,0.1176
54,18,0.030187,0.012264,0.0426
54,19,0.031688,0.011461,0.036
54,20,-0.010117,0.013895,0.1743
54,21,-0.024879,0.01446,0.1922
54,22,0.015739,0.012915,0.089
54,23,0.031462,0.009291,0.026
54,24,0.017865,0.012065,0.0788
54,25,-0.040766,0.009533,0.1989
54,26,0.001026,0.006373,0.1284
54,27,-0.037244,0.010402,0.1978
54,28,-0.022681,0.010704,0.1904
54,29,0.009129,0.012573,0.1137
54,30,0.024825,0.008278,0.0345
54,31,-0.027567,0.014597,0.1942
54,32,-0.018707,0.009229,0.1871
54,33,0.000968,0.008845,0.1334
54,34,-0.010577,0.010805,0.1593
54,35,-0.038898,0.014656,0.1981
54,36,-0.028465,0.014464,0.1929
54,37,0.036757,0.009828,0.0116
54,38,0.011075,0.010886,0.1018
54,39,0.008604,0.009128,0.1058
54,40,-0.00811,0.013269,0.1655
54,41,0.053595,0.010687,0.0056
54,42,0.034538,0.014601,0.037
54,43,0.01492,0.007832,0.0729
54,44,-0.023593,0.010308,0.1921
54,45,0.028758,0.011207,0.043
54,46,0.024518,0.010745,0.0595
54,47,-0.016355,0.010617,0.1835
54,48,-0.021718,0.01219,0.1905
54,50,-0.038515,0.012268,0.1974
54,51,0.004664,0.013985,0.1363
54,52,0.006803,0.012852,0.1182
55,0,0.063686,0.009973,0.0009
55,1,0.052753,0.010931,0.0044
55,2,-0.002004,0.011913,0.1448
55,3,-0.026907,0.013412,0.189
55,4,0.00347,0.013217,0.131
55,5,0.005491,0.011748,0.1245
55,6,0.019722,0.013793,0.0776
55,7,0.005367,0.010524,0.1221
55,8,0.013972,0.014273,0.1025
55,9,-0.005263,0.011715,0.1624
55,10,0.028212,0.011951,0.0454
55,11,0.005318,0.010904,0.1227
55,12,-0.004505,0.016251,0.1639
55,13,0.013807,0.010641,0.0868
55,14,0.013351,0.012216,0.0969
55,15,0.002455,0.015142,0.1445
55,16,-0.051423,0.008636,0.1997
55,17,0.029592,0.009364,0.0377
55,18,0.02875,0.01377,0.0481
55,19,0.032622,0.010716,0.0291
55,20,0.001453,0.015198,0.1476
55,21,0.046572,0.015381,0.0139
55,22,0.029588,0.012175,0.0392
55,23,-0.007931,0.011874,0.1654
55,24,0.000307,0.015983,0.154
55,25,0.041601,0.01374,0.0222
55,26,-0.00069,0.010878,0.1389
55,27,0.001754,0.01164,0.1369
55,28,-0.002619,0.011631,0.1508
55,29,0.061028,0.01349,0.0025
55,30,0.032004,0.012888,0.0375
55,31,0.001478,0.014632,0.1477
55,32,0.018548,0.012936,0.08
55,33,0.053798,0.011332,0.0045
55,34,0.014299,0.006875,0.0712
55,35,0.036575,0.011209,0.0192
55,36,0.012358,0.010274,0.0934
55,37,0.004567,0.012765,0.1305
55,38,0.038226,0.012716,0.0235
55,39,-0.000241,0.012536,0.1398
55,40,-0.0116,0.014725,0.1787
55,41,0.021656,0.012923,0.0686
55,42,-0.016424,0.013176,0.1878
55,43,0.006942,0.013417,0.1213
55,45,0.027606,0.00976,0.0371
55,46,-0.002019,0.006909,0.1398
55,47,0.006096,0.014458,0.1284
55,48,0.009735,0.01428,0.1148
55,49,0.005939,0.011489,0.125
55,50,-0.014726,0.015479,0.1829
55,51,-0.026323,0.011533,0.1929
55,52,-0.012924,0.010399,0.1766
55,53,-0.020025,0.006742,0.1869
55,54,-0.011873,0.010993,0.1787
56,0,-0.037938,0.011186,0.1987
56,1,0.036918,0.011383,0.0219
56,2,0.012135,0.011533,0.099
56,3,0.0075,0.011538,0.1167
56,4,-0.01352,0.012404,0.1798
56,5,0.020679,0.010805,0.0619
56,6,-0.003748,0.014149,0.1653
56,7,0.021222,0.011072,0.0641
56,8,0.012401,0.013444,0.1019
56,9,0.038098,0.011467,0.0258
56,10,0.021093,0.012382,0.0677
56,11,0.02249,0.011682,0.0642
56,12,0.017586,0.01501,0.0898
56,13,-0.019492,0.011137,0.1839
56,14,0.013673,0.011222,0.0886
56,15,0.031551,0.014217,0.0398
56,16,0.018064,0.010458,0.0717
56,17,0.034617,0.008878,0.0228
56,18,0.015115,0.012621,0.0895
56,19,0.043695,0.009753,0.0121
56,20,0.020037,0.014986,0.0779
56,21,0.063533,0.014818,0.0036
56,22,-0.020914,0.011879,0.1873
56,23,-0.006106,0.011431,0.1568
56,24,-0.008227,0.014399,0.1716
56,25,0.032539,0.012631,0.0364
56,26,0.020314,0.009909,0.0603
56,27,0.016086,0.01107,0.0829
56,28,0.012008,0.011727,0.0987
56,29,-0.030753,0.013295,0.1959
56,30,0.032455,0.012161,0.0343
56,31,0.001724,0.015335,0.1473
56,32,0.011086,0.012136,0.1024
56,33,0.0426,0.011882,0.0132
56,34,0.020733,0.008015,0.0465
56,35,-0.022378,0.010726,0.1905
56,36,0.0276,0.011503,0.0446
56,37,0.016685,0.012624,0.0845
56,38,0.017836,0.012257,0.0811
56,39,0.003724,0.011487,0.1279
56,40,-0.016414,0.013762,0.1846
56,41,0.010615,0.011821,0.103
56,42,-0.018267,0.013833,0.186
56,43,0.007169,0.011116,0.1165
56,45,-0.018155,0.010712,0.1823
56,46,0.027895,0.00725,0.024
56,47,-0.032107,0.012803,0.1977
56,48,0.045791,0.014051,0.0144
56,49,-0.015324,0.012873,0.1817
56,50,0.011248,0.013712,0.1072
56,51,0.004231,0.011854,0.1272
56,52,0.036715,0.011102,0.0197
56,53,0.017765,0.008048,0.0611
56,54,0.015195,0.012583,0.091
57,0,0.019955,0.011073,0.0646
57,1,-0.018742,0.01156,0.1879
57,2,0.023766,0.012601,0.0596
57,3,0.024274,0.012605,0.0623
57,4,0.00076,0.013886,0.144
57,5,0.034977,0.011976,0.0329
57,6,0.04085,0.013921,0.0197
57,7,-0.009969,0.011327,0.1682
57,8,-0.008348,0.014787,0.1707
57,9,0.000457,0.011759,0.1406
57,10,0.004878,0.013431,0.1337
57,11,-0.015792,0.011007,0.1796
57,12,0.038471,0.0168,0.0388
57,13,0.016925,0.010172,0.0749
57,14,0.01998,0.011006,0.0615
57,15,0.015127,0.015362,0.1012
57,16,-0.012333,0.009361,0.1734
57,17,0.038281,0.009824,0.0238
57,18,-0.016297,0.014237,0.1807
57,19,-0.009662,0.010153,0.1645
57,20,0.030943,0.016958,0.0543
57,21,-0.009592,0.014136,0.1747
57,22,-0.00955,0.011541,0.1695
57,23,0.047233,0.012815,0.0121
57,24,0.019281,0.016138,0.0899
57,25,0.024338,0.014564,0.0643
57,26,0.037103,0.010435,0.0267
57,27,-0.009117,0.012042,0.1662
57,28,-0.004507,0.012193,0.1541
57,29,-0.017152,0.014064,0.1854
57,30,0.025531,0.014262,0.0633
57,31,0.042191,0.014647,0.0193
57,32,0.033344,0.013308,0.0387
57,33,-0.006962,0.012088,0.1607
57,34,-0.013011,0.00719,0.173
57,35,0.013948,0.010561,0.085
57,36,-0.005006,0.010046,0.1548
57,37,0.019381,0.013105,0.0768
57,38,0.009062,0.012707,0.1131
57,39,-0.006641,0.013287,0.1596
57,40,0.003951,0.014286,0.1355
57,41,-0.014413,0.012861,0.1767
57,42,-0.008552,0.012288,0.1722
57,44,0.019671,0.013571,0.0794
57,45,-0.02154,0.010788,0.1879
57,46,-0.002451,0.005774,0.142
57,48,-0.015503,0.014097,0.181
57,49,0.048528,0.010085,0.0051
57,50,-0.008559,0.017214,0.1716
57,52,0.015835,0.010884,0.0809
57,53,-0.009081,0.007008,0.1697
57,54,-0.019002,0.011209,0.1856
57,55,-0.006647,0.015713,0.1681
57,56,-0.008151,0.014679,0.1683
58,0,0.023568,0.009881,0.0517
58,1,0.004063,0.009289,0.1234
58,2,0.045945,0.012094,0.0081
58,3,0.019676,0.011884,0.0741
58,4,0.010005,0.012111,0.1089
58,5,0.032552,0.011539,0.031
58,6,0.023965,0.012822,0.0629
58,7,0.006873,0.009809,0.1127
58,8,-0.015804,0.013939,0.1832
58,9,0.011792,0.011214,0.0989
58,10,-0.019087,0.012003,0.1897
58,11,0.010859,0.010799,0.0982
58,12,0.032291,0.01587,0.0476
58,13,0.021967,0.010901,0.0581
58,14,-0.01522,0.010412,0.1834
58,15,-0.025288,0.013345,0.1936
58,16,-0.000127,0.008808,0.1379
58,17,0.010564,0.009136,0.0937
58,18,-0.037603,0.012622,0.1972
58,19,0.027881,0.009936,0.0383
58,20,-0.000404,0.015566,0.1533
58,21,0.015752,0.012495,0.0883
58,22,-0.006583,0.010272,0.1567
58,23,0.019511,0.011704,0.0678
58,24,-0.004128,0.014792,0.1592
58,25,0.025795,0.013638,0.0568
58,26,0.025876,0.009654,0.0486
58,27,-0.019439,0.010577,0.1874
58,28,0.027545,0.011391,0.0471
58,29,0.014247,0.012851,0.0943
58,30,0.016615,0.013727,0.089
58,31,0.026478,0.013924,0.0512
58,32,0.035235,0.01174,0.0269
58,33,0.00382,0.011902,0.1293
58,34,-0.005058,0.005265,0.1474
58,35,0.002229,0.010974,0.1402
58,36,-0.005527,0.009029,0.1533
58,37,0.027923,0.012615,0.048
58,38,0.018085,0.012264,0.0791
58,41,0.033591,0.0119,0.0309
58,42,0.045782,0.01238,0.0075
58,43,0.055931,0.012811,0.0087
58,44,-0.013334,0.011458,0.1753
58,45,0.023302,0.009785,0.0538
58,46,0.032093,0.005803,0.0087
58,47,0.003373,0.014123,0.1378
58,49,0.016608,0.009415,0.0702
58,50,0.005409,0.014782,0.1324
58,51,-0.029006,0.011762,0.1971
58,52,0.025041,0.010859,0.0467
58,53,-0.051484,0.005998,0.1998
58,54,0.006004,0.009864,0.1188
58,55,0.048041,0.013634,0.0105
58,56,0.027618,0.012606,0.0472
58,57,0.026149,0.014865,0.0603
59,0,-0.03734,0.011087,0.1982
59,1,-0.023275,0.010585,0.1923
59,2,-0.031103,0.01223,0.1942
59,3,0.038316,0.012551,0.0253
59,4,0.00183,0.012439,0.1366
59,5,0.032331,0.011321,0.029
59,6,0.007719,0.01379,0.127
59,7,0.007637,0.010797,0.114
59,8,0.021307,0.013509,0.0745
59,9,0.018059,0.011386,0.0731
59,10,-0.017544,0.013349,0.1867
59,11,0.002072,0.012269,0.1386
59,12,0.017106,0.016885,0.0991
59,13,-0.002389,0.011159,0.1523
59,14,0.02285,0.009637,0.0506
59,15,0.035002,0.01494,0.0377
59,16,0.011707,0.009791,0.0941
59,17,0.064751,0.010194,0.0027
59,18,0.011723,0.013578,0.107
59,19,0.018245,0.01124,0.0753
59,20,0.009631,0.01466,0.1172
59,21,0.008755,0.014453,0.1231
59,22,0.049445,0.011875,0.0071
59,23,0.031786,0.011507,0.0368
59,24,0.012091,0.016327,0.1149
59,26,0.033052,0.009758,0.0303
59,27,-0.000938,0.011994,0.1455
59,28,0.037147,0.012518,0.0248
59,29,0.036441,0.014389,0.0324
59,31,-0.04658,0.014362,0.1992
59,33,-0.017511,0.011528,0.1783
59,34,0.00864,0.006967,0.0974
59,35,0.021719,0.010535,0.0597
59,36,-0.002483,0.010808,0.1501
59,37,0.033307,0.013666,0.0383
59,38,-0.010866,0.012234,0.1685
59,39,0.01531,0.011607,0.089
59,40,0.014507,0.014508,0.0994
59,41,-0.008021,0.011487,0.1619
59,42,0.002802,0.01279,0.1395
59,43,0.041829,0.012643,0.0194
59,44,0.039704,0.012903,0.0251
59,45,0.024162,0.010931,0.0515
59,46,0.008374,0.005815,0.0921
59,47,0.026888,0.012835,0.0535
59,48,0.024465,0.014797,0.0656
59,49,0.003452,0.011626,0.1339
59,50,-0.00322,0.014805,0.1561
59,51,0.000753,0.012392,0.146
59,52,0.013479,0.010438,0.087
59,53,-0.006505,0.005527,0.1521
59,54,-0.021497,0.010656,0.1888
59,55,0.033622,0.014604,0.0349
59,56,0.012404,0.013081,0.1053
59,57,0.022782,0.014852,0.0737
59,58,0.064508,0.013436,0.002
60,0,-0.020214,0.012393,0.1889
60,1,0.006495,0.011815,0.1182
60,2,0.010476,0.012073,0.1094
60,4,-0.018803,0.011268,0.1846
60,5,0.009963,0.008657,0.0966
60,6,0.028496,0.012968,0.0455
60,9,0.016544,0.010303,0.0767
60,10,0.026191,0.012407,0.0532
60,11,-0.013657,0.013015,0.1795
60,12,0.022515,0.011233,0.0557
60,13,-0.046179,0.013015,0.1991
60,14,-0.01539,0.011708,0.1817
60,15,0.026037,0.01168,0.0487
60,16,-0.02457,0.010434,0.186
60,17,0.009916,0.007532,0.0873
60,18,-0.013239,0.011538,0.1795
60,19,0.000236,0.010945,0.1369
60,20,0.022947,0.014365,0.0683
60,21,-0.018453,0.014872,0.1884
60,22,0.004708,0.011248,0.1251
60,23,0.022911,0.009219,0.0497
60,24,0.006237,0.012254,0.1243
60,25,0.00417,0.011228,0.1279
60,26,-0.017198,0.007194,0.1787
60,27,0.039352,0.009786,0.0113
60,28,0.05304,0.011691,0.0043
60,29,-0.00313,0.011619,0.1549
60,30,-0.038753,0.009605,0.1988
60,31,-0.045579,0.013907,0.1996
60,32,-0.050482,0.009482,0.1998
60,33,-0.007713,0.009329,0.1613
60,34,0.011481,0.010383,0.0966
60,35,0.027247,0.012371,0.0552
60,36,-0.005308,0.012585,0.1542
60,37,0.035328,0.010457,0.0186
60,38,0.012713,0.009788,0.0892
60,39,0.015134,0.009991,0.0783
60,40,-0.01159,0.014777,0.1818
60,41,-0.015324,0.01068,0.1821
60,42,0.040125,0.013264,0.0232
60,43,0.019764,0.008592,0.0571
60,44,0.039018,0.010643,0.0131
60,45,0.021723,0.011511,0.0621
60,46,-0.013508,0.009696,0.1746
60,47,-0.036751,0.009404,0.1982
60,48,-0.004003,0.01262,0.1575
60,49,0.024989,0.014506,0.0659
60,50,0.049108,0.012016,0.0094
60,51,0.003314,0.013138,0.1351
60,52,0.034753,0.013469,0.0356
60,53,-0.026009,0.010917,0.1892
60,54,0.021295,0.013805,0.0737
60,55,0.002811,0.010785,0.1313
60,56,0.007308,0.011608,0.1168
60,57,0.001485,0.011915,0.143
60,58,0.041779,0.010358,0.0113
60,59,0.007095,0.011576,0.1182
61,0,-0.003078,0.010245,0.1529
61,1,0.026715,0.009481,0.0358
61,2,-0.014129,0.010571,0.1699
61,3,0.04619,0.014205,0.0165
61,4,0.01546,0.011858,0.0874
61,5,0.044773,0.012524,0.0155
61,6,0.007567,0.011951,0.118
61,7,0.035682,0.008836,0.0183
61,8,0.010603,0.012994,0.1064
61,9,0.020359,0.0117,0.0674
61,10,-0.014568,0.011578,0.1787
61,11,-0.005971,0.010074,0.1617
61,12,0.018283,0.016024,0.09
61,13,0.005105,0.009173,0.1137
61,14,0.042793,0.011248,0.01
61,15,0.001054,0.014259,0.1458
61,16,-0.007715,0.008457,0.1639
61,17,0.023233,0.010993,0.0615
61,18,0.004441,0.014258,0.1366
61,19,0.022402,0.011071,0.0615
61,20,-0.004187,0.01456,0.162
61,21,-0.009454,0.013752,0.1742
61,22,-0.008477,0.011028,0.1655
61,23,-0.003245,0.011333,0.1463
61,25,0.034449,0.012857,0.0379
61,26,0.034131,0.009543,0.0307
61,27,0.015249,0.010636,0.0824
61,28,0.038415,0.011555,0.0219
61,29,0.032237,0.014062,0.0414
61,30,0.033014,0.013412,0.0437
61,32,0.051578,0.01429,0.0092
61,33,-0.016373,0.01118,0.177
61,34,-0.010871,0.005683,0.1685
61,35,0.01892,0.009706,0.0656
61,36,-0.00377,0.00834,0.1513
61,37,0.034955,0.01294,0.0329
61,38,-0.001763,0.012577,0.1463
61,39,0.004307,0.013096,0.1279
61,40,0.034374,0.012639,0.0307
61,41,0.043847,0.010157,0.013
61,42,0.027207,0.011519,0.0452
61,43,0.000433,0.013171,0.1392
61,44,0.022505,0.011947,0.0647
61,45,0.038504,0.00932,0.0116
61,46,-0.010028,0.005505,0.1649
61,47,0.03003,0.013775,0.0514
61,48,0.026366,0.013178,0.0556
61,49,0.031089,0.009499,0.0261
61,51,0.022294,0.011388,0.055
61,52,0.052912,0.00951,0.0007
61,53,0.00257,0.005006,0.1193
61,54,0.004264,0.008873,0.123
61,55,0.01662,0.013753,0.0879
61,56,-0.010242,0.012861,0.1728
61,57,0.044254,0.014757,0.0249
61,58,0.0282,0.014041,0.0526
61,59,0.006988,0.013162,0.1215
61,60,-0.009872,0.010399,0.177
62,0,-0.000412,0.008866,0.1337
62,1,0.026858,0.008073,0.0332
62,2,0.04425,0.012444,0.0134
62,3,0.046189,0.011474,0.0143
62,4,0.01966,0.010806,0.0704
62,5,0.052685,0.009785,0.0048
62,6,0.007151,0.012052,0.1177
62,7,0.00617,0.007919,0.1104
62,8,-0.01214,0.012939,0.1715
62,9,0.000271,0.009305,0.1331
62,10,0.010973,0.010303,0.0987
62,11,0.02964,0.009757,0.0304
62,12,-0.027363,0.014198,0.1937
62,13,0.031747,0.00995,0.0276
62,14,0.044779,0.0105,0.0065
62,15,-0.018344,0.013212,0.1788
62,16,0.040498,0.007338,0.0039
62,17,0.050294,0.009126,0.0097
62,18,0.007966,0.011394,0.1134
62,19,0.057202,0.009085,0.0029
62,20,0.001372,0.013899,0.1431
62,21,-0.015795,0.012957,0.1845
62,22,0.046534,0.009987,0.007
62,23,0.035186,0.009528,0.0238
62,24,0.021113,0.01474,0.0816
62,25,-0.001775,0.012012,0.1462
62,26,0.01386,0.009925,0.0849
62,27,0.005766,0.010172,0.1167
62,28,0.058331,0.010486,0.0026
62,29,0.012114,0.012781,0.1029
62,30,0.026719,0.012723,0.0577
62,31,-0.027141,0.012235,0.1923
62,32,0.00226,0.012272,0.1353
62,33,0.027133,0.011195,0.0499
62,34,0.039866,0.006263,0.0041
62,35,0.048782,0.009967,0.0062
62,36,0.003569,0.008372,0.1218
62,37,0.023604,0.012424,0.0591
62,38,0.043123,0.009873,0.016
62,39,-0.037355,0.011641,0.1964
62,40,0.034285,0.012494,0.0309
62,41,0.014408,0.011478,0.0901
62,42,0.013974,0.009518,0.0837
62,43,-0.010948,0.011965,0.1611
62,45,0.011595,0.008631,0.0894
62,46,-0.00789,0.004987,0.1537
62,47,0.023587,0.012396,0.0623
62,48,-0.000752,0.012173,0.1457
62,49,0.027983,0.008965,0.0333
62,50,0.005781,0.014769,0.1301
62,51,0.043594,0.010711,0.0093
62,52,-0.020787,0.009992,0.1857
62,53,-0.0019,0.005069,0.1374
62,54,0.011266,0.009337,0.0944
62,57,-0.00087,0.015116,0.1529
62,58,0.019118,0.012399,0.076
62,59,0.013479,0.013712,0.1017
62,60,0.01018,0.010939,0.1026
62,61,0.036218,0.012874,0.0299
63,0,-0.031391,0.010412,0.1955
63,1,0.02623,0.009929,0.0462
63,2,-0.009503,0.011937,0.1667
63,3,0.003788,0.011927,0.126
63,4,0.015921,0.011162,0.084
63,6,0.026623,0.012793,0.0522
63,7,-0.006968,0.009763,0.1608
63,8,0.044287,0.012092,0.0148
63,9,0.007453,0.01151,0.1145
63,10,0.014755,0.011835,0.092
63,11,-0.029121,0.0107,0.1952
63,12,0.032051,0.015087,0.0475
63,13,0.004434,0.010227,0.1234
63,14,0.024163,0.010594,0.0546
63,15,0.012374,0.012613,0.0983
63,16,-0.023159,0.008199,0.188
63,18,-0.004286,0.011989,0.1524
63,19,0.025998,0.009742,0.0436
63,20,0.033102,0.014272,0.0422
63,21,-0.022882,0.014454,0.1932
63,22,0.006868,0.010558,0.1136
63,23,0.010911,0.011219,0.0999
63,24,0.004556,0.014534,0.1356
63,25,0.002722,0.013179,0.1345
63,26,0.044494,0.010257,0.0134
63,27,0.015656,0.011396,0.0857
63,28,0.046871,0.010285,0.0126
63,29,0.000297,0.013486,0.143
63,30,0.051412,0.012637,0.0106
63,31,0.008782,0.012588,0.1141
63,32,0.013933,0.011645,0.0899
63,33,0.013875,0.010183,0.0857
63,34,0.011659,0.005828,0.0829
63,35,0.000679,0.01059,0.138
63,36,-0.031673,0.009644,0.1972
63,38,0.024788,0.012348,0.0573
63,39,0.039557,0.011708,0.0236
63,40,0.010642,0.012171,0.103
63,41,-0.011055,0.011619,0.1661
63,42,0.009809,0.011061,0.1076
63,43,0.064149,0.011382,0.0038
63,44,0.003948,0.010781,0.1244
63,45,-0.021297,0.009107,0.1859
63,46,0.021402,0.004948,0.0355
63,47,0.049144,0.012105,0.0135
63,48,0.026771,0.013827,0.0574
63,49,0.033825,0.011101,0.0266
63,50,0.020932,0.012617,0.0726
63,51,0.038662,0.011108,0.0163
63,52,-0.003201,0.009743,0.1469
63,53,0.03294,0.006743,0.0101
63,54,0.012592,0.010416,0.0938
63,55,0.014389,0.013607,0.0971
63,56,0.020214,0.012149,0.0723
63,57,-0.027147,0.01425,0.1938
63,58,0.026921,0.013033,0.0522
63,59,0.014379,0.013601,0.0966
63,60,0.023992,0.011352,0.0562
63,61,0.008831,0.012362,0.1088
63,62,0.035908,0.011424,0.0336
