A,B,mbc,pval
0,1,0.03858382850705085,0.9821
0,2,0.009343008490503363,0.6819
0,3,0.013969956953900294,0.7547
0,4,0.0006746708551227537,0.5131
0,5,-0.03573575391205282,0.0279
0,6,0.033255568882934294,0.9489
0,7,0.006347285533296775,0.6653
0,8,0.025609085958303017,0.8927
0,9,-0.014486610817338572,0.2056
0,12,-0.0031868517697709324,0.4324
0,14,0.004758167717051324,0.6152
0,15,-0.007386758155837254,0.3336
0,16,0.02647646548159934,0.9457
0,17,-0.002199969130399939,0.4621
0,18,-0.006446585628609971,0.3707
0,19,0.013898169142306727,0.7501
0,20,0.024178007487693297,0.884
0,21,-0.018230450432076644,0.1814
0,22,-0.011012846130084127,0.3074
0,23,-0.005068869142924621,0.3881
0,24,-0.017583294555525375,0.1589
0,25,0.01142191986820967,0.7093
0,26,-0.015546380003249425,0.1991
0,27,0.02771092344189171,0.9085
0,28,-0.005810542450913706,0.3971
0,29,0.028745465528215986,0.9245
0,30,-0.018266826242748214,0.1817
0,31,0.024663623461808344,0.8995
0,32,0.001203239764559935,0.5301
0,33,-0.0177666438861345,0.1697
0,34,-0.0014064515578592926,0.4631
0,35,-0.0248362869082532,0.069
0,36,0.004408235017504068,0.595
0,37,-0.019631240475216166,0.1703
0,38,0.004462688424770161,0.5836
0,39,-0.008024629569808444,0.3406
0,40,-0.024349178486029945,0.097
0,41,-0.003145263970228223,0.4376
0,42,-0.020646324188975787,0.1335
0,43,0.016944238074502682,0.7956
0,44,-0.013369324115896317,0.2523
0,45,0.0019827112557228256,0.5466
0,46,0.005834549778229468,0.6996
0,47,0.0016386221284765937,0.5312
0,48,-0.0034140902267060973,0.4292
0,49,0.0011281091590726888,0.5311
0,50,-0.010073997097858655,0.3148
0,51,-0.018930184114283953,0.1338
0,52,-0.013606453326803299,0.2192
0,53,0.004314022568697628,0.6605
0,54,0.029502480591014103,0.963
0,55,0.03481622720117624,0.9587
0,56,-0.036805407996067685,0.02
0,57,0.022611995593326776,0.8786
0,58,0.012999232068532174,0.7333
0,59,-0.032724810592987326,0.0464
0,60,-0.009882771793376639,0.2815
0,61,-0.025362064244700118,0.1026
0,62,-0.010911672432224693,0.2857
0,63,-0.037835267321241546,0.0298
1,2,-0.0009732920869813743,0.4816
1,3,0.008846308115363823,0.6648
1,4,0.030889812448895448,0.9428
1,5,0.00475355894028317,0.5838
1,6,-0.029919204354030057,0.0638
1,7,0.005988330631525349,0.6486
1,8,-0.0004879543606560074,0.4894
1,9,0.024075004529210162,0.8892
1,10,0.014685608659036365,0.7616
1,11,0.020899423585649286,0.8897
1,12,0.015503217465748495,0.7662
1,13,-0.027081157867834826,0.0514
1,14,0.008164752372175245,0.6961
1,15,-0.002488730878786964,0.4502
1,16,0.008167840275793403,0.6915
1,17,-0.02531368618391514,0.1116
1,18,0.02023743672010192,0.8577
1,19,0.0016137316746584916,0.5285
1,20,-0.019725257411316918,0.1477
1,21,-0.002018036009520124,0.4698
1,22,0.02047368716538578,0.8457
1,23,0.002608149799064678,0.56
1,24,-0.0344751642492722,0.0475
1,25,0.011090629688545989,0.6949
1,26,0.00602464049373553,0.6027
1,27,0.00415654183087747,0.5741
1,28,-0.0015775754119958644,0.4755
1,29,-0.03509779522222143,0.0524
1,30,-0.0018888850780547461,0.456
1,31,0.024039208365376902,0.9088
1,32,-0.042831192538947176,0.0162
1,33,0.018184637572615597,0.8293
1,34,0.017928121225429736,0.9354
1,35,-0.002590041255382673,0.4448
1,36,0.0003694270803680447,0.5106
1,37,0.006489885514322772,0.6465
1,38,-0.00794462459561807,0.3445
1,39,0.023166748170568435,0.8797
1,40,0.018976844143935058,0.8304
1,41,-0.02207198604046513,0.1184
1,42,0.010722072174671965,0.7292
1,43,-0.01067690469463657,0.2951
1,44,0.0038331091951738267,0.5748
1,45,0.004838628726099779,0.6017
1,46,-0.008614687128125154,0.242
1,47,-0.006095658466422304,0.3754
1,48,-0.005012609651346204,0.4187
1,50,-0.04796855069658756,0.0115
1,51,0.008037397247587947,0.6842
1,52,-0.0021403517020589786,0.4492
1,55,0.033121927913588534,0.9411
1,56,0.020585793640565366,0.8452
1,57,-0.019886869316392507,0.1591
1,58,-0.007361304896255877,0.3575
1,59,-0.025152085436667432,0.106
1,60,-0.0015584153921522116,0.4873
1,61,-0.0025885908224630057,0.4534
1,62,0.013698694780740883,0.753
1,63,0.011953405715833178,0.6997
2,3,-0.003923739716883018,0.4407
2,5,-0.016628437986532418,0.2387
2,7,0.0069848551943261,0.6571
2,8,-0.024669963534713544,0.1305
2,10,-0.0038015176502270527,0.4125
2,11,-0.000951944043306347,0.4759
2,12,-0.013247689949542032,0.2837
2,13,0.017911471301978576,0.8186
2,14,-0.004180599609430794,0.4125
2,15,0.021381709277772745,0.8298
2,16,-0.0007640879576237571,0.4772
2,17,-0.024855752778308492,0.1329
2,18,0.01996065012849733,0.8116
2,19,0.013159223049562612,0.714
2,20,0.0015743169225314077,0.5295
2,21,-0.01848831834874549,0.167
2,22,-0.008788726666224699,0.3289
2,23,-0.013636966550536235,0.2728
2,24,0.003612049015393367,0.57
2,25,-0.023362259163721984,0.1483
2,26,0.0032570253768321096,0.5528
2,27,0.02104883389082427,0.8124
2,28,-0.011125127022700555,0.3215
2,29,0.006631582205042342,0.6175
2,30,0.013522576657807036,0.7134
2,31,-0.007031033188667999,0.3648
2,32,-0.005517186057931923,0.3933
2,33,0.025509290280786245,0.8683
2,34,-0.0060880438011316025,0.306
2,35,0.016302514173374402,0.821
2,36,0.005075563301823944,0.6181
2,37,-0.021150654597358282,0.1752
2,38,0.026056869137883704,0.8654
2,39,-0.008340741244598906,0.3558
2,40,0.02812058639174948,0.9107
2,41,0.05585070098633386,0.9925
2,42,-0.024750910850711825,0.0852
2,43,-0.003078641199727798,0.4467
2,44,-0.03592414893390847,0.058
2,45,0.014090147682323063,0.7578
2,46,-0.006293321820584835,0.3037
2,47,-0.04103184564606448,0.0397
2,48,0.021016037621099826,0.802
2,49,0.014013440282684104,0.7719
2,50,-0.015761033790615345,0.2479
2,51,-0.011177539647607313,0.2777
2,52,-7.922021813766329e-05,0.5068
2,53,0.01175902958936863,0.8283
2,54,-0.005334987540219664,0.3729
2,55,-0.024075743629536985,0.1525
2,56,-0.00010392517801197749,0.4986
2,57,0.018089139971680636,0.7902
2,58,0.03543886380913092,0.9516
2,59,-0.05790052621764746,0.0086
2,60,0.0010969332288878124,0.5258
2,61,-0.029035550678264837,0.1256
2,62,0.03735738948067452,0.9534
2,63,-0.01639440058582126,0.2498
3,4,0.02233367729897049,0.8399
3,5,0.0151855339692709,0.7396
3,6,-0.008732965780505674,0.3494
3,9,0.005484821203893813,0.5989
3,10,0.004137981878017728,0.5885
3,11,0.004810194537099156,0.6085
3,12,0.017609789727923892,0.7764
3,13,0.00831915466527859,0.6761
3,14,0.008012702938982664,0.6639
3,15,-0.004814420500170788,0.4121
3,16,0.015378516587477386,0.8195
3,17,-0.004727746362898016,0.4271
3,18,0.012697824161244105,0.7054
3,19,-0.013515362005252194,0.2752
3,20,-0.01578200041241306,0.2342
3,21,-0.037430351569766776,0.0349
3,22,0.013415231340815398,0.7184
3,23,-0.03330546663299161,0.0736
3,24,-0.05566847004870883,0.0077
3,25,0.008360194925948045,0.6424
3,26,-0.002366455135241739,0.4593
3,27,0.021155197272735436,0.8002
3,28,-0.021159721501104484,0.1768
3,29,-0.02577909979827671,0.1281
3,30,0.03126358585618455,0.9093
3,31,0.0281051523028113,0.9171
3,32,-0.05094629052158199,0.0128
3,33,-0.019910585853334335,0.188
3,34,-0.010216946366943376,0.1931
3,35,0.001645370542589458,0.5315
3,36,0.005122705231250331,0.613
3,37,0.022401922566535743,0.8426
3,38,-0.0052760558795845215,0.4162
3,39,-0.024325417302092187,0.1592
3,40,-0.009928121202532515,0.3139
3,41,-0.03674900106302941,0.0536
3,42,0.006319058391731994,0.6302
3,43,0.01718343616706798,0.7562
3,44,0.024179728841679012,0.8601
3,45,-0.009926441106359851,0.3198
3,46,0.0009834870991663773,0.5219
3,47,-0.013732623475247794,0.2737
3,48,0.023274728678145833,0.8526
3,49,-0.021891713490181885,0.1206
3,50,0.03730603283857953,0.9349
3,51,0.0017875610046593294,0.5352
3,52,0.008385640655443756,0.6675
3,53,0.000691099762022153,0.5174
3,54,0.00014890297161092232,0.5069
3,55,-0.03528156431694271,0.0919
3,56,-0.008628603577107968,0.3475
3,57,0.008534400262717992,0.6362
3,58,-0.0020219824652983054,0.4623
3,59,0.023266231090070113,0.8426
3,61,0.03103146549977096,0.9022
3,62,0.025373871290100086,0.862
3,63,-0.00415407817871465,0.4268
4,5,0.03360558328575896,0.9362
4,7,0.001683430250383807,0.5283
4,8,0.00993552818396524,0.6711
4,10,-0.0019312653416528292,0.4726
4,11,0.016247673617625618,0.8059
4,12,0.006180942746201015,0.5999
4,13,-0.014670766526373325,0.2239
4,14,0.012224056807220938,0.7551
4,15,0.00496591503015915,0.5906
4,16,-0.0032322721934800215,0.4362
4,17,0.026554089436398885,0.8766
4,18,0.0191736604091038,0.8035
4,19,-0.026847340386889938,0.0992
4,20,-0.03636161048943211,0.0529
4,21,-0.028506715309142713,0.0985
4,22,0.02586489654938036,0.8639
4,23,0.027320890151186127,0.8936
4,24,-0.011535219899645028,0.3115
4,25,0.015942453284917245,0.7499
4,26,0.015051619500525922,0.7629
4,27,-0.015846098118355714,0.2477
4,28,-0.03465522755894525,0.0923
4,29,0.027358763103421523,0.9001
4,30,0.025726035742757204,0.8763
4,31,-0.021976409562043272,0.157
4,32,0.04323513263008663,0.9626
4,33,-0.0008925724574487358,0.4839
4,34,0.003798578930047708,0.6325
4,35,-0.010084990905646967,0.3127
4,36,-0.009552915660087194,0.2958
4,37,0.007913801684603098,0.6408
4,38,-0.010120087977337633,0.3424
4,39,-0.007952449537467314,0.3725
4,40,-0.013087072768466925,0.2752
4,41,0.010196058735874704,0.6735
4,42,0.004277415505186812,0.5913
4,43,-0.024423959984232028,0.1465
4,44,-0.028810612991280526,0.1113
4,45,0.023336616313022245,0.854
4,46,0.013519431972720142,0.8389
4,47,0.023600496039579602,0.8449
4,48,-0.03772439552417742,0.0441
4,49,-0.01183170154612618,0.2803
4,50,-0.03856349947667975,0.0373
4,51,0.002808534595995565,0.5621
4,52,0.011082159965441948,0.7182
4,53,-0.001665416994702916,0.4535
4,54,-0.00021250258927646187,0.5011
4,55,-0.00538595653899695,0.4076
4,56,-0.025807384829825575,0.1099
4,57,-0.008184698555388416,0.3629
4,58,0.007526876641585287,0.6285
4,59,-0.004293144061434687,0.4178
4,60,-0.016320274704535585,0.1893
4,61,-0.010028102847731545,0.3343
4,62,0.0066936048400997,0.6176
4,63,0.02401163547092804,0.8397
5,6,0.02418863825386096,0.8728
5,7,0.02472867778802641,0.9352
5,8,0.00048267656749108963,0.5188
5,9,0.010399713150149035,0.6722
5,10,0.014675792557550898,0.7849
5,11,0.009527838739997798,0.6916
5,12,-0.015439339234271097,0.2519
5,13,-0.011996819581379348,0.2565
5,14,-0.013389377365767558,0.2447
5,15,0.0032496415996973566,0.5679
5,16,0.024668535083525796,0.9246
5,18,-0.0009955774671474291,0.4815
5,19,-0.02234396246018911,0.1767
5,20,-0.018294115720026757,0.1879
5,21,-0.016813350322024977,0.2172
5,22,0.005239897241023057,0.5807
5,23,-0.03100257993506613,0.0855
5,24,-0.014249663681373781,0.2808
5,25,-0.00835567157649543,0.367
5,26,-0.010376547602925884,0.3303
5,27,0.000184525038470528,0.4999
5,28,-0.04426479540722946,0.0222
5,29,0.00366338300943289,0.566
5,30,0.021162301414555457,0.8104
5,31,-0.017857028969076483,0.1737
5,32,-0.0016957225912541695,0.473
5,33,0.0028220743166508656,0.5449
5,34,-0.002344294454738555,0.4175
5,35,0.014294031244919406,0.7771
5,36,0.012909636017501586,0.7412
5,38,0.02490180133939038,0.8422
5,39,-0.04029070064839604,0.0306
5,40,-0.024615354205388892,0.139
5,41,-0.011534835995462341,0.289
5,42,-0.010901118133244552,0.2835
5,43,-0.02600319177211927,0.1314
5,44,-0.004833392749799566,0.4292
5,45,-0.01650167946217747,0.1973
5,46,0.010232918849657874,0.7981
5,47,-0.018640358100712878,0.1897
5,48,-0.021232595994130025,0.1881
5,49,0.014305136533237629,0.7853
5,50,-0.02612754168283837,0.1237
5,51,-0.031839695137714466,0.0551
5,52,-0.005217340013337946,0.3726
5,53,0.0024044389162374107,0.5864
5,54,0.010145411419407249,0.7093
5,55,0.004355907508210256,0.5767
5,56,0.006254627646809573,0.6197
5,57,0.019151728895939385,0.774
5,58,-0.004007709435183617,0.4321
5,59,0.011204413170098336,0.6953
5,60,-0.007644644104034594,0.3426
5,61,0.024393672176870794,0.8518
5,62,0.03155928512543589,0.9223
6,7,-0.019743671784530188,0.1124
6,8,0.020514116551318268,0.8347
6,10,0.0046527542994854055,0.6055
6,11,-0.01491996622781244,0.1944
6,12,0.004587719931633151,0.5773
6,13,0.007975736538279262,0.6728
6,14,0.016350592613348626,0.7996
6,15,0.03192731056802722,0.9375
6,16,0.007081152606321748,0.6567
6,17,0.026237184161881658,0.8875
6,18,-0.016947076860340315,0.217
6,19,-0.011711840395365223,0.2909
6,20,-0.016138313661319507,0.2079
6,21,-0.0008356407109260784,0.4857
6,22,0.007645195524202437,0.6493
6,23,-0.0017569375454469243,0.4587
6,24,0.0027407186139819283,0.5504
6,25,-0.00048743439739919783,0.4973
6,26,0.004814988398966739,0.5918
6,27,-0.006788119748770633,0.3734
6,28,-0.01874210367270376,0.1707
6,29,0.011536070172134698,0.7088
6,30,0.003434198521562157,0.5746
6,31,0.011337581506602606,0.7251
6,32,-0.028993352177799976,0.0975
6,33,-0.002159098840564265,0.4486
6,34,-0.0007612983141470623,0.4856
6,35,-0.0013658106951486676,0.4821
6,36,0.022526655426384115,0.9049
6,37,0.023088037329800814,0.8702
6,38,-0.005693384505888797,0.4011
6,39,0.012624131834585408,0.73
6,40,0.0013883818633080997,0.5354
6,41,-0.01806907307267381,0.1833
6,42,-0.01715109494320505,0.207
6,43,0.002777609735861265,0.55
6,44,-0.017738599616942467,0.1912
6,45,-0.01644713368930626,0.1874
6,46,-0.0017738231152704812,0.4384
6,47,0.02060377820155167,0.8534
6,48,0.02543139989104315,0.898
6,49,0.010048143276188803,0.7091
6,50,-0.01261002055980639,0.2983
6,51,-0.02119652996153511,0.1447
6,52,0.007030941918027696,0.6576
6,53,0.0035157871089154264,0.6272
6,54,0.00577298758343858,0.6438
6,55,0.018082435661017117,0.805
6,56,0.00026874353936135533,0.5001
6,57,0.03244701623364998,0.9265
6,58,0.01944688927460931,0.8024
6,59,-0.004779588453548624,0.4028
6,60,0.022896684832042654,0.8995
6,61,0.009925592502474347,0.683
6,62,-0.021880794463429616,0.1645
6,63,0.015782332919182504,0.7603
7,9,0.007298058688869291,0.6543
7,10,0.0054631853072588075,0.6294
7,11,-0.003637949026919076,0.424
7,12,0.014583049119665804,0.7735
7,13,-0.014626070278241383,0.1657
7,14,0.011087806939565945,0.778
7,15,-0.014824095623589313,0.1567
7,16,0.012872901547254347,0.8151
7,17,-0.0023422432453609203,0.4469
7,18,0.00945363560482107,0.6924
7,19,-0.006914666999263623,0.3588
7,20,0.030458271672750857,0.9554
7,21,-0.00048425613956020277,0.4938
7,22,-0.0034399461475412172,0.4165
7,23,-0.006895835589555692,0.3425
7,24,-0.006065035499812674,0.3597
7,25,-0.0153458747099651,0.1759
7,26,-0.001949730296958797,0.4576
7,27,-0.013836470745305274,0.2168
7,28,-0.007032237311036002,0.3549
7,29,-0.00649190500710977,0.3561
7,30,0.007801755747111454,0.6684
7,31,-0.009325444202652265,0.2894
7,32,0.0007363573193594461,0.5151
7,33,-0.015261881251417137,0.191
7,34,-0.003728272533825166,0.37
7,35,0.0011566943125583488,0.5302
7,36,-0.009559369671117379,0.2787
7,37,0.021281545982252577,0.8756
7,38,0.009064074451807845,0.6909
7,39,-0.017850093394575575,0.1444
7,40,0.024256754169666987,0.9026
7,41,0.0221436950437542,0.896
7,42,0.04212476638540375,0.9929
7,43,-0.004158163733471305,0.4002
7,44,-0.010592164702606209,0.2867
7,45,0.015132788915284141,0.8365
7,46,0.00222063757085736,0.5895
7,47,0.0018553888775585182,0.5444
7,48,-0.00952921372030838,0.3023
7,49,-0.003287754646129384,0.4174
7,50,0.0063869712799114,0.6453
7,51,0.022578230885982535,0.9124
7,52,-0.032184348229272276,0.0113
7,53,0.0011937929636923943,0.5499
7,54,0.00099933596580398,0.5307
7,55,-0.004468551241275338,0.3997
7,56,0.013072362458645409,0.7705
7,57,-0.016155489310609058,0.2019
7,58,-0.0013887254495306364,0.4759
7,59,-0.0008348520061016895,0.4795
7,61,0.018251059910967534,0.823
7,62,-0.0015870790784617153,0.4628
7,63,-0.018431108363574204,0.1504
8,9,0.003506153375367398,0.5589
8,10,0.003323943685596546,0.5641
8,11,0.004130090705196224,0.5906
8,12,-0.0030211180892132177,0.4482
8,13,-0.023128283599610985,0.0976
8,14,0.019238602011550837,0.8563
8,15,0.014109048802788867,0.7436
8,16,0.016951463967116217,0.8372
8,17,-0.025271322387016876,0.1305
8,18,0.03112351502173388,0.8973
8,19,0.01723380721421681,0.7821
8,20,-0.03263595695949585,0.0686
8,21,0.004349951874532142,0.5905
8,22,0.0007968461933506126,0.5135
8,23,7.11948757686962e-05,0.5032
8,24,-0.025308880899701503,0.1145
8,25,0.0032806479798411638,0.5569
8,26,0.01910138333367409,0.8057
8,27,0.010256675281532457,0.6723
8,28,-0.017047304305846566,0.2436
8,29,0.004650751286943246,0.582
8,30,0.026718117124175957,0.8891
8,31,-0.01882064851843837,0.1702
8,32,0.002861411658258519,0.5472
8,33,-0.02868024319435354,0.1119
8,34,-0.0022227359577253586,0.4257
8,35,-0.010953959837319609,0.2772
8,36,0.01907841296274225,0.8521
8,37,0.02788755150636925,0.9014
8,38,0.008099786380119312,0.6416
8,39,0.006294286411482709,0.6189
8,40,0.009461069277019661,0.6559
8,41,-0.02630822852058966,0.1245
8,42,-0.002532583318826744,0.4388
8,43,-0.016051954078955474,0.2435
8,44,-0.04410486706057644,0.0345
8,45,-0.000991899236284026,0.4795
8,46,-0.0051364986283057605,0.3344
8,47,-0.0050353664858337165,0.4138
8,48,-0.005754433268434966,0.3976
8,49,-0.024410603640027576,0.0854
8,50,0.011916064482482116,0.7099
8,51,-0.00650427124060147,0.3717
8,52,-0.01512255108612718,0.2078
8,53,0.009457385997621146,0.7545
8,54,0.02459577999368437,0.9387
8,55,-0.011644841868827381,0.3006
8,56,0.009717263706174331,0.6733
8,57,-0.009721847938167516,0.3376
8,58,-0.023635742097292845,0.1496
8,59,-0.003407132394837091,0.4463
8,61,0.0036804133822171204,0.5576
8,62,-0.03501213426205999,0.0688
8,63,0.035442394388992805,0.9352
9,10,0.007843861638224136,0.6664
9,11,0.011605321309463188,0.7246
9,12,0.007344207481158759,0.6253
9,13,-0.021096133712766835,0.1171
9,14,0.015909936119653783,0.8088
9,15,-0.014008729111519819,0.2558
9,16,0.013361816896672742,0.7881
9,17,-0.0031159619695266465,0.4438
9,18,0.016253102924389976,0.7764
9,19,-0.004596930527963019,0.4166
9,20,0.005137441650804607,0.598
9,21,0.001630813104805112,0.5337
9,22,0.026445759297346227,0.8982
9,23,0.02604948169328661,0.8808
9,24,-0.003915248107263004,0.4282
9,25,0.01290468836769579,0.7282
9,26,-0.01677995929977606,0.2243
9,27,0.024750663518420375,0.8701
9,28,-0.00018664948069919808,0.5011
9,29,-0.025070952295800378,0.1143
9,30,0.009791730975370802,0.6592
9,31,-0.006624777359408773,0.3801
9,32,-0.002954962636393464,0.4489
9,33,0.027828890220762237,0.8889
9,34,0.011565464326425178,0.8162
9,35,0.0005833636245396273,0.5171
9,36,0.009311026186176222,0.6989
9,37,-0.003908219925400969,0.4302
9,38,-0.030559645607586693,0.0916
9,39,0.029260425962440523,0.9101
9,40,0.007674007497456603,0.6397
9,41,-4.8910176369122876e-05,0.5004
9,42,0.003675974045503774,0.5759
9,43,0.00414814164969777,0.5744
9,44,0.02937368616191473,0.9055
9,45,-0.0036797715554629682,0.4183
9,46,-0.018931198678509634,0.0667
9,47,0.0375971018581875,0.9507
9,48,0.01178589495196643,0.7095
9,49,-0.03126737444370188,0.0351
9,50,-0.007314051582002654,0.3646
9,51,-0.03645233383465782,0.0238
9,52,0.003283599858760857,0.5728
9,53,0.0038083166260441167,0.6246
9,54,-0.0005191117389595122,0.479
9,55,-0.01852017867136336,0.178
9,56,0.016725606149204906,0.751
9,57,-0.016988597468986073,0.2262
9,58,-4.014549064814536e-06,0.5129
9,59,-0.0036446809857551502,0.4407
9,60,0.013233389039108307,0.7624
9,61,-0.0020345640708923293,0.4625
9,62,-0.019307867757596877,0.1861
9,63,-0.01074861622753311,0.3162
10,12,-0.007896016317342356,0.3409
10,14,-0.009882906146096014,0.2688
10,15,0.011460555241676008,0.7212
10,16,0.01439231562438381,0.8353
10,17,0.0005456065021436629,0.5044
10,18,-0.0007173713526301765,0.4825
10,19,0.0017096334099693947,0.5353
10,20,-0.0013043690132136644,0.4733
10,21,-0.010486085990777343,0.2963
10,22,0.010187240145284299,0.6979
10,23,0.05131097298796534,0.9929
10,24,0.002655825979433477,0.5488
10,25,-0.025606471379917367,0.0797
10,26,0.031412615037082425,0.9469
10,27,-0.0025471794191526263,0.4544
10,28,0.02052423786684395,0.8442
10,29,-0.02754059947273522,0.0912
10,30,0.005511453545712452,0.6066
10,31,-0.02783272242698298,0.057
10,32,0.00167192584055859,0.5313
10,33,0.00270637600827904,0.5385
10,34,0.02776862543553293,0.9849
10,35,0.008421801248923572,0.6733
10,36,0.015007431028870229,0.8309
10,37,0.014884342503484709,0.7911
10,38,0.011096269557174483,0.697
10,39,-0.016443720647964125,0.2068
10,40,-0.001885671909272202,0.4698
10,41,-0.0032524172530554096,0.4343
10,42,0.022970579977598913,0.8872
10,43,-0.005484361986496462,0.3865
10,44,0.0242497713505472,0.8891
10,45,-0.029241119961125855,0.0523
10,46,0.00549570055169795,0.6942
10,47,0.00514682769417907,0.6055
10,48,0.023349554074052266,0.875
10,49,0.014426555046164444,0.7925
10,50,-0.0035063327319087593,0.4221
10,51,0.009811952455843745,0.7249
10,52,-0.02154600885721648,0.0996
10,53,0.006525702306193301,0.7355
10,54,0.02169604131039366,0.9126
10,55,0.025706175677383983,0.8732
10,56,0.012854028134779332,0.7613
10,57,0.001518628577092859,0.5311
10,58,-0.023996875051897314,0.1001
10,59,-0.02773063789556811,0.1009
10,60,0.012745510634461213,0.7714
10,61,-0.032760963160036224,0.0522
10,62,0.02628320734719742,0.8974
10,63,0.006793761634483674,0.618
11,12,-0.004087730309140053,0.4118
11,14,-0.049009346676984526,0.0039
11,15,0.0250649115322955,0.9074
11,16,-0.028009630462951605,0.0431
11,17,-0.002117633997563008,0.4488
11,18,-0.013271850576713252,0.2395
11,19,0.04002307843524134,0.9793
11,20,-0.016237248056902583,0.207
11,21,-0.008820284554186495,0.3091
11,22,0.020939169290262908,0.8671
11,23,6.063022171993525e-05,0.5053
11,24,-0.008654395421193527,0.3145
11,25,-0.012099816289804291,0.2571
11,26,0.0282337294373191,0.9302
11,27,0.001634236296742391,0.5333
11,28,-0.009940457089155993,0.3103
11,29,-0.001337208813194931,0.4776
11,30,-0.035697934859305204,0.0288
11,31,0.013555985880687169,0.7611
11,32,-0.003437417758284863,0.445
11,33,0.014939678182157553,0.7857
11,34,0.01129248221675986,0.8338
11,35,0.028949275418244293,0.9453
11,36,-0.007047738227610133,0.342
11,37,-0.02901669488723181,0.0568
11,38,0.01564543205608493,0.7918
11,39,0.003327126872334729,0.5769
11,40,-0.014450670843791294,0.2237
11,41,-0.011458579714560253,0.2745
11,42,0.0192067921506529,0.8843
11,43,-0.008759348196779525,0.3135
11,44,0.02924620146123858,0.9426
11,45,0.015325314628542782,0.8106
11,46,0.01505553225554665,0.8708
11,47,0.0037650555205898106,0.5853
11,48,-0.001627621717164287,0.471
11,49,0.000672014322010495,0.5226
11,50,-0.010615372732490039,0.2895
11,51,0.0073980988231070015,0.6657
11,52,-0.010680701249316667,0.2578
11,53,0.014382680986665954,0.8411
11,54,0.0008373115609874551,0.5291
11,55,-0.0051469475959719495,0.3845
11,56,0.017302974050172948,0.7944
11,57,-0.027929451289658323,0.0929
11,58,-0.005342784658173598,0.3905
11,59,-0.0006333850723465896,0.4811
11,60,-0.013124106552702495,0.2253
11,61,-0.014333542178098867,0.2155
11,62,0.02318987679490965,0.8734
11,63,-0.022838776069655457,0.1275
12,13,-0.03261644164843214,0.0427
12,14,-0.02144497421822976,0.1162
12,16,-0.012060914602092007,0.2378
12,17,-0.020227991375971102,0.2028
12,18,0.02313928065462142,0.8514
12,19,-0.03786984855614685,0.0587
12,22,0.0003946323425406275,0.5056
12,23,0.006606517793023227,0.6178
12,24,-0.0003029488692052376,0.4999
12,25,-0.0007926068572834442,0.4818
12,26,0.023652288195692178,0.8294
12,27,-0.06418102827520782,0.0023
12,28,-0.04574349653516262,0.028
12,29,-0.02400196574464405,0.1481
12,30,0.010090075572414751,0.671
12,31,0.026690470731926434,0.8793
12,32,0.00589054197388882,0.5985
12,33,-0.021402874497106882,0.1863
12,34,-0.024244332861758016,0.03
12,35,-0.03605312466422271,0.0376
12,36,-0.018266673788176462,0.1465
12,37,0.009394805309908369,0.6648
12,38,0.06435393733595308,0.9964
12,39,0.04372880524846103,0.9667
12,40,0.009747228332106514,0.6628
12,41,-0.01168609353495972,0.3038
12,42,0.014253535713029692,0.746
12,43,0.018084133058975674,0.7979
12,44,0.030696776957823812,0.8923
12,45,0.0050918457296580885,0.5982
12,46,0.011755230556731956,0.8457
12,47,0.004526342461302762,0.5812
12,48,-0.006487762201503132,0.3771
12,49,0.003609125218533231,0.5736
12,50,0.002898136363666203,0.5458
12,51,-8.801380543170221e-05,0.511
12,52,-0.02510318416694402,0.0812
12,53,-0.006648869880267415,0.2774
12,54,0.003739627884828457,0.5841
12,55,-0.030777563286237847,0.105
12,56,0.0006095497074484288,0.5077
12,57,0.02883437374919838,0.8594
12,58,0.01717718778889686,0.7561
12,59,0.0010776325430871352,0.5098
12,60,0.010515828121041088,0.7056
12,61,-0.016322105713565568,0.2575
12,62,-0.06818126321349269,0.0013
12,63,0.02325611248456352,0.8183
13,14,0.0008746866261263749,0.524
13,15,-0.015273603551658953,0.1994
13,16,0.0001284509312046774,0.5126
13,17,0.006635203016376471,0.6337
13,18,-0.010615512748185976,0.308
13,19,0.023708727762155418,0.8957
13,20,-0.011858650726599359,0.264
13,21,0.004720953600419457,0.6061
13,22,0.01632681442466933,0.8152
13,23,0.007795937381948696,0.674
13,24,0.02051170469256145,0.8686
13,25,-0.019652051097804917,0.1665
13,26,0.009259143064733067,0.6796
13,27,0.019320016533298467,0.8432
13,28,0.015913900166732123,0.7944
13,29,0.018900898352324804,0.8574
13,30,-0.024235920942739343,0.0893
13,31,-0.015352143384722176,0.1846
13,32,-0.01766589760859781,0.1743
13,33,-0.0033652158046871797,0.4306
13,34,0.0015664809779529986,0.5664
13,35,0.010757702544111736,0.7369
13,36,0.025375099104512144,0.944
13,37,-0.0272667547777501,0.061
13,38,-0.011454979401797018,0.2736
13,39,-0.021905102182356022,0.1151
13,40,0.01152618076836841,0.7479
13,41,0.003917814494213113,0.5949
13,42,-0.024906636429793547,0.0784
13,43,0.004234502086025324,0.5931
13,44,0.019696988052937518,0.8411
13,45,0.0022898880920883074,0.5518
13,46,-0.0042329982517738,0.3572
13,47,-0.01034146362925527,0.2824
13,48,0.014698334818456291,0.7717
13,49,0.01165586157373872,0.7469
13,50,0.011984358515551312,0.752
13,51,-0.029722852293461905,0.0372
13,52,0.035561604690671746,0.9838
13,53,-0.004252192998941863,0.3667
13,54,0.00985896941100932,0.7225
13,55,0.017468283293970294,0.8286
13,56,-0.036530784041593684,0.0262
13,57,-0.0018870210842046504,0.4598
13,58,0.006878527778770203,0.6517
13,59,-0.00519694967199495,0.3847
13,60,-0.03184563866467763,0.0368
13,61,-0.005116827661820341,0.3976
13,62,0.007749628328062286,0.6724
13,63,-0.013736995005157545,0.2189
14,15,-0.003978627149600972,0.3988
14,16,-0.00014777996782390685,0.4949
14,17,0.006245248836562938,0.6442
14,18,-0.016095441131012522,0.1846
14,19,0.009527243312241172,0.7053
14,20,-0.0013409309106051388,0.4658
14,21,-0.00759878224804865,0.3441
14,22,0.006148948696848112,0.6395
14,23,-0.012451286867610574,0.2456
14,24,0.006709451438910295,0.6547
14,25,-0.02360025878523745,0.0875
14,26,-0.004045951059610028,0.4185
14,27,0.030151256562808898,0.9294
14,30,0.0056408314563043006,0.6353
14,31,0.01857850120627786,0.8606
14,32,0.015660446364880534,0.8034
14,33,-0.027379492786750427,0.0684
14,34,-0.0022391897400890755,0.4251
14,35,-0.010481824218629561,0.2768
14,36,0.006330105481089455,0.6756
14,37,0.004623172962173373,0.6073
14,39,-0.018351624802966423,0.1483
14,40,0.003378668227673138,0.5775
14,41,0.014147672018877046,0.7873
14,42,0.000970705130802708,0.5263
14,43,-0.013215482330178491,0.2357
14,44,-0.0001739520594577528,0.4966
14,45,-0.002989655488681037,0.4375
14,46,-0.0061064780480273514,0.2665
14,47,-0.013162777795627188,0.227
14,48,-0.0003963434774325262,0.4894
14,49,-0.009008660782322602,0.3024
14,50,-0.00047213255213667546,0.4941
14,51,-0.0014188978191497185,0.4717
14,52,-0.00549635115409407,0.3777
14,53,0.012492491892996225,0.8956
14,54,0.011117374145594354,0.7715
14,55,0.0101322243343716,0.7008
14,56,0.0012318650006234114,0.5296
14,57,0.003698580722668692,0.5902
14,58,-0.02466916732061298,0.0725
14,59,0.01791504028325952,0.8371
14,60,-0.005413762930875351,0.3651
14,61,0.028231686438505908,0.9338
14,62,0.01971123288521285,0.8684
14,63,0.009657436635265864,0.6853
15,16,-0.00949959020138741,0.2775
15,17,0.02414371844881636,0.8675
15,18,0.0030561161440282674,0.5514
15,19,-0.033070497553486726,0.064
15,22,-0.03249545146627395,0.0665
15,23,-0.016384271870574247,0.2161
15,24,0.009903367070021304,0.6744
15,25,0.061138504322186996,0.9953
15,26,-0.00999970892833013,0.3321
15,27,-0.025524061398963203,0.1382
15,28,-0.018580381949718363,0.2081
15,29,-0.011193328207977487,0.2987
15,30,0.01710750560174125,0.7764
15,31,-0.006447855564419232,0.3838
15,32,-0.023658038014642085,0.1296
15,33,-0.002565563157022388,0.4564
15,34,0.010026516072619823,0.8207
15,35,0.017426752992299177,0.8196
15,36,-0.002458667451958167,0.4351
15,37,-0.0013885147086432454,0.4812
15,38,0.061627750142074424,0.9911
15,39,0.00707624180524546,0.6306
15,40,-0.009529390002964953,0.323
15,41,-0.013105763998100713,0.2945
15,42,0.012368993601444564,0.7556
15,43,-0.03148073225711284,0.0829
15,44,0.0298421377359291,0.9137
15,45,-0.0013189883602427155,0.4749
15,46,0.0066428656211009384,0.7092
15,47,0.05676757548945461,0.9896
15,48,0.01447033819161421,0.733
15,49,-0.008644958354327407,0.3122
15,50,0.0006583241296690159,0.5096
15,51,-0.003684691032425227,0.4231
15,52,-0.018706898617948373,0.1285
15,53,0.0012671691952793795,0.5331
15,54,0.007343815713874225,0.675
15,55,-0.01848103463194305,0.1927
15,56,0.020292537083566924,0.8243
15,57,-0.003644913296126203,0.4322
15,58,-0.04565291123564986,0.0188
15,59,0.007476502972277329,0.6226
15,60,0.011509422782571924,0.7251
15,61,-0.019473092428806994,0.1871
15,62,-0.025657409221311513,0.1576
15,63,-0.010290696722034115,0.3366
16,17,0.002642865630977904,0.5527
16,18,0.0031977049095948474,0.5725
16,20,-0.009427632890364373,0.2981
16,21,0.003496003433413778,0.587
16,22,0.0054424292074706235,0.6206
16,23,0.0227749882854569,0.92
16,24,-0.0017576515479726669,0.4551
16,25,-0.031169455214714002,0.0431
16,26,-0.02523995355152166,0.0545
16,28,-0.00721510446216854,0.3584
16,29,-0.0004125394403805492,0.4937
16,30,0.002122763277270134,0.551
16,31,-0.014428681362562522,0.2057
16,32,-0.014576577235932416,0.1779
16,34,0.005530158305508855,0.7078
16,35,0.002946508068757904,0.5785
16,36,0.0165855779107633,0.8668
16,37,-0.01409060580959997,0.1802
16,38,-0.013160639270902521,0.2237
16,39,-0.013598696791310916,0.196
16,40,-0.011898186649205385,0.215
16,41,0.01354428338348085,0.7768
16,42,-0.005855816285982568,0.3519
16,43,0.01091162115421202,0.7367
16,44,0.0017251288005250664,0.5296
16,45,0.0206485772974717,0.9051
16,46,-0.00433511714136689,0.347
16,47,0.020027420857869776,0.885
16,48,-0.008823931442279729,0.3227
16,49,0.016743325906773087,0.8533
16,50,0.005538500341686856,0.6287
16,51,-0.00013312318331968673,0.5054
16,52,-0.016528958580619646,0.1471
16,53,0.0007643161644859055,0.528
16,54,0.02551474136312176,0.9623
16,55,-0.044030109282051345,0.0059
16,56,0.0050415505355689985,0.629
16,57,-0.00925938754754212,0.3057
16,58,-0.003784528258978803,0.4067
16,59,0.002672395331524932,0.5561
16,60,-0.011057876500267636,0.2254
16,61,-0.010294343865570592,0.2618
16,62,0.017772827149869913,0.8597
16,63,-0.016251185590804566,0.1896
17,18,-0.007308883443324524,0.3672
17,19,-0.048489225636198986,0.0197
17,20,-0.01617639346130385,0.2359
17,21,-0.025704065090449296,0.1082
17,22,-0.0008230036100239919,0.4777
17,23,-0.014145414438292928,0.2677
17,24,0.00035425240480088194,0.5105
17,25,-0.019010842312481856,0.2008
17,26,0.0019023683348640447,0.5324
17,27,-0.02232037284737042,0.1473
17,28,0.012574273268595827,0.6978
17,29,-0.0015561749152654379,0.4759
17,30,0.029560456581452423,0.8832
17,31,-0.007735665190528312,0.3561
17,32,0.043396396584154034,0.9705
17,33,-0.020964746720716493,0.1839
17,34,-0.002136309125549649,0.4204
17,35,0.023491842933025066,0.8895
17,36,0.01870617012856647,0.854
17,38,-0.02917593358898564,0.1183
17,39,0.0134245492161462,0.7105
17,40,0.017075604024928494,0.802
17,41,0.022062436700799583,0.8551
17,42,-0.013776601242387039,0.2276
17,43,0.0008047916750052639,0.5116
17,44,-0.002806871549152406,0.4516
17,45,-0.013885275844222684,0.2612
17,46,0.002006353114852241,0.5485
17,47,0.005214742158732726,0.5892
17,48,0.006805493875173872,0.6223
17,49,0.017722364818445885,0.8391
17,50,0.03330575402305395,0.9138
17,51,0.009908410555659627,0.6909
17,52,-0.025095117355099963,0.0772
17,53,-0.01731484114828086,0.068
17,54,0.0013532558728878948,0.5286
17,55,0.014539378460965265,0.7368
17,56,0.02156958456916175,0.8429
17,57,0.02193096123933921,0.8307
17,58,-0.0229640757499502,0.1507
17,59,0.04064457102705643,0.952
17,60,0.0024248717433072104,0.5519
17,61,-0.007309062468452796,0.3739
17,62,0.018471125667915807,0.7826
18,19,0.030849811151677294,0.9242
18,20,-0.03200719185197916,0.0716
18,21,0.019654820627758248,0.8271
18,24,-0.0035913466364201297,0.4427
18,25,-0.004116081520199607,0.4293
18,27,-0.00039854167485007326,0.4889
18,28,0.004815826282910077,0.5823
18,29,0.017377391587480195,0.7701
18,30,0.01027618631830344,0.6762
18,31,0.01770441245192949,0.7955
18,32,0.0021448926444922363,0.5458
18,33,0.005905604866953298,0.6113
18,34,-0.013527200433631646,0.1413
18,35,-0.031936267773051835,0.0781
18,36,0.014754887364735444,0.8122
18,37,-0.004739410731716606,0.4213
18,38,-0.0007360915870639427,0.4875
18,39,0.012703322378391037,0.7106
18,40,-0.01762154491784158,0.2042
18,41,0.006885973631394235,0.6304
18,42,0.023969043983789625,0.8862
18,43,-0.011618762282660334,0.3119
18,44,0.006718032262045712,0.6194
18,45,-0.02609717034975891,0.1049
18,46,-0.01202488663766809,0.1705
18,47,0.03821902004236627,0.9534
18,48,0.07268771324350534,0.9992
18,49,0.01416956342630574,0.763
18,50,-0.008210915731911916,0.3655
18,51,0.028071888301240733,0.9293
18,52,-9.378213411234045e-05,0.5018
18,53,0.001588994026512756,0.5404
18,54,0.034863140389483814,0.9701
18,55,0.018881766275012788,0.7909
18,56,-0.00322072161446357,0.444
18,57,-0.011077254726398584,0.3266
18,58,-0.057309395233442764,0.0051
18,59,0.012429521096473283,0.7102
18,60,-0.013357336427503527,0.2331
18,61,-0.02676352055006387,0.1258
18,62,0.0023718871801697555,0.5451
18,63,-0.007822724725420735,0.3601
19,20,-0.018540573138606742,0.1817
19,21,-0.020401069508147508,0.1504
19,22,-0.0350324333280737,0.046
19,23,-0.019064873098474145,0.2073
19,24,0.016056410881343526,0.7642
19,25,-0.0003516723091588749,0.4918
19,26,0.007470830440271057,0.6274
19,28,0.001136179581337567,0.5175
19,29,0.023839253202628457,0.8601
19,30,-0.0005390588380871044,0.4902
19,31,0.012503158840694964,0.7322
19,32,-0.02212727285280525,0.1607
19,34,0.007410040661808731,0.7347
19,35,-0.015219902155953707,0.2224
19,36,0.0020773388149627147,0.548
19,37,-0.010354901871027796,0.3053
19,38,0.0022210491889370705,0.5445
19,39,0.01487525632676493,0.7498
19,40,-0.01846009977689996,0.1972
19,41,0.014938904736568719,0.7509
19,42,-0.021245848684255324,0.1347
19,43,-0.006888653886395806,0.381
19,44,0.009632597167105508,0.6635
19,45,0.032205451763925086,0.9267
19,46,0.008774200044491823,0.7546
19,47,-0.005288286768313764,0.4132
19,48,-0.005088285024695532,0.4063
19,49,-0.011513493282616947,0.2705
19,50,-0.02629059164770859,0.1092
19,51,0.00540325714760785,0.6084
19,52,0.006936051306292957,0.645
19,53,0.004975712419152777,0.6475
19,54,0.02482630713289421,0.9104
19,55,0.02028052772854686,0.8295
19,56,0.035302675331638306,0.9373
19,57,-0.017075338537886692,0.222
19,58,0.01677810350864311,0.7816
19,59,0.008775593408164096,0.6514
19,60,-0.014644911592175297,0.2342
19,61,0.0039568082741569316,0.5639
19,62,0.040091716870612935,0.9648
19,63,0.010785947882066285,0.6897
20,22,0.006992301735982471,0.6233
20,23,0.029523883505796482,0.8925
20,24,0.0046479996902868675,0.5869
20,25,0.010205704417530964,0.6867
20,26,0.002433829158961721,0.5443
20,27,0.011151704721361157,0.6933
20,28,-0.017034351953552684,0.2168
20,29,-0.02565573529359738,0.1225
20,30,0.028192524219020108,0.9083
20,31,-0.0036175885123254175,0.4347
20,32,-0.015044439645925669,0.2538
20,33,0.005688517229038891,0.6054
20,34,0.007199795037195605,0.702
20,35,4.1979288535692564e-05,0.4989
20,36,-0.007341524344706215,0.3315
20,37,-0.00892186936952609,0.3418
20,38,0.028162049852027367,0.8894
20,39,0.004782802439121933,0.5902
20,40,-0.004545388933610227,0.411
20,41,0.0216585170891528,0.8382
20,42,-0.0010104758224757137,0.4765
20,43,0.03846513625485728,0.9635
20,44,0.017243771329482207,0.75
20,45,-0.0012326926026238172,0.4718
20,46,-0.02238963530693872,0.0437
20,47,-0.0076268141886606175,0.3572
20,48,-0.017216900595825774,0.2454
20,49,-0.006198318547310177,0.3704
20,50,0.03208030076934169,0.906
20,51,0.007668166449428766,0.656
20,52,-0.026421925463981522,0.0848
20,53,0.018008892302920014,0.9194
20,54,-0.010974121491992577,0.2575
20,55,-0.008059283793762608,0.3575
20,56,0.014065306291846784,0.7613
20,57,0.03321568204775228,0.9225
20,58,-0.03118479248151004,0.0822
20,59,0.008900002335883577,0.6453
20,60,0.01765895444778041,0.8308
20,61,-0.013279171176097955,0.2908
20,62,-0.004923301408128205,0.4156
20,63,0.015569679290470845,0.7483
21,22,-0.015668914053879802,0.2312
21,23,0.005202486812994761,0.5987
21,24,0.03090280373491379,0.91
21,25,-0.03920002873630625,0.0303
21,26,-0.010394699847743417,0.3025
21,27,0.011622179316423462,0.714
21,28,0.013932679685694399,0.7543
21,29,0.00014655087027831714,0.5066
21,30,-0.03228584507913247,0.0639
21,31,0.007702446034619929,0.6696
21,32,0.01722422149551529,0.8028
21,33,0.024848857500711363,0.8705
21,34,-0.006168046439910954,0.3055
21,35,0.000959120582031227,0.528
21,36,0.02133658685868441,0.8766
21,37,-0.010840215968960879,0.2911
21,38,-0.02472696577843919,0.1128
21,39,0.015888058669822767,0.7633
21,40,-0.0001551985275934516,0.5035
21,41,0.033374420926719196,0.9552
21,42,-0.011187203277022396,0.2698
21,43,-0.03623561460234701,0.0641
21,44,0.016672437772156896,0.7919
21,45,0.002065032745225874,0.541
21,46,-0.012756075670970209,0.1679
21,47,0.0009866294477681313,0.5158
21,48,0.010325493489923513,0.7046
21,49,-0.011242189913439839,0.2756
21,50,0.01929202855640245,0.8177
21,51,0.012625331065654171,0.7713
21,52,0.0075449597790404515,0.6603
21,53,-0.001791124470475996,0.4472
21,54,-0.01107670942952787,0.2452
21,55,0.04029395028991143,0.9716
21,56,0.05331298247037098,0.9877
21,57,-0.0014990002273844475,0.4686
21,58,0.018589434188870622,0.8278
21,59,0.007399775490109494,0.6434
21,60,0.0008831195962663489,0.5272
21,61,-0.016372668114333577,0.2045
21,62,-0.00929760068139634,0.3214
21,63,-0.028305091628363182,0.0908
22,24,0.006505489603030333,0.6229
22,25,-0.0037036596601531554,0.4397
22,27,-0.033835757836943835,0.0687
22,28,-0.032484506428168615,0.0742
22,29,0.019621378348779327,0.8195
22,30,0.014979675809114716,0.7441
22,31,0.004671769976064112,0.593
22,32,-0.04814772198975816,0.018
22,33,-0.034866797832331216,0.0523
22,34,0.007291439820312343,0.7196
22,35,-0.003472929106339994,0.4246
22,36,-0.0128395831936266,0.2315
22,37,-0.025670253370459143,0.1045
22,38,-0.011801163532269957,0.302
22,39,0.01717320193876201,0.78
22,40,-0.013396194850158529,0.2575
22,41,0.008873480046017412,0.6605
22,42,0.014472000136990033,0.7902
22,43,-0.01059520418997454,0.3195
22,44,-0.015166182200438883,0.2637
22,45,0.01846408879312092,0.8113
22,46,-0.008097412166037288,0.2409
22,47,0.008091777707500252,0.657
22,48,0.016345328182755994,0.775
22,49,0.029088577986632107,0.9389
22,50,-0.04666471703481229,0.0177
22,51,-0.01836730913088424,0.1759
22,52,-0.018417398268694558,0.1364
22,53,-0.022258676343922208,0.0345
22,54,0.003678391531161739,0.5807
22,55,0.01310351944236834,0.7257
22,56,-0.03717964657224601,0.0432
22,57,-0.018857468866512368,0.1856
22,58,-0.015615045362621953,0.2315
22,59,0.024815867805187956,0.8716
22,60,0.01111345002193547,0.7132
22,61,-0.02276991038957002,0.1448
22,62,0.02715952346077446,0.9047
22,63,-0.017603697260588434,0.2202
23,24,0.002318280644305381,0.536
23,25,0.00594265159405332,0.6022
23,27,-0.003600909441696008,0.4383
23,28,-0.02712307126467079,0.116
23,29,-0.009910435436332727,0.3325
23,30,0.006153206736991345,0.6075
23,31,-0.004524010069884103,0.4208
23,32,-0.004838116172931763,0.4074
23,33,0.008719039737641994,0.6362
23,34,0.009430933319882703,0.774
23,35,0.0012922277199642772,0.5326
23,36,-0.002280490282591821,0.4517
23,37,-0.0030551137637862893,0.4432
23,38,0.01607222657141374,0.7502
23,39,-0.009960884062452923,0.3376
23,40,0.0004052778151715993,0.5055
23,41,-0.015164475157958384,0.2474
23,42,0.013933349596172038,0.7634
23,43,0.005768393350925059,0.5913
23,44,-0.002624350177287763,0.4611
23,45,-0.008689106466815347,0.3408
23,46,-0.019175263326294562,0.0649
23,47,-0.0017618357781173188,0.4709
23,48,0.014489751708341783,0.73
23,49,0.0037097537694115394,0.5762
23,50,-0.004698301614892893,0.4241
23,51,0.03455875356785052,0.9719
23,52,-0.00042937954475283016,0.4949
23,53,-0.003596528646888345,0.3825
23,54,0.017823653449178606,0.8511
23,55,-0.021881902249682304,0.1605
23,56,-0.014773934949995507,0.2697
23,57,0.03410840029133417,0.9306
23,58,-0.00046308155254262234,0.4881
23,59,0.0045941328446008015,0.5853
23,60,0.010990098185807075,0.7158
23,61,-0.023594769217336914,0.1423
23,62,0.02942179739058708,0.9074
23,63,-0.005867674924620651,0.405
24,25,-0.017889824395752492,0.2186
24,26,-0.02350534231654299,0.1418
24,27,-0.012459666539843473,0.2877
24,28,0.02073441221243395,0.8142
24,29,0.010420469595988337,0.6782
24,30,-0.010537747595824381,0.323
24,32,-0.024238106995172426,0.1385
24,33,-0.024694043341256945,0.1341
24,34,-0.006969495159500638,0.29
24,35,-0.036790868198074804,0.0204
24,36,0.012841293211151248,0.7695
24,37,-0.013066966249358939,0.2566
24,38,-0.011261424747712192,0.3158
24,39,0.021845166874272577,0.8512
24,40,0.050551386533414164,0.9922
24,41,-0.004302931641907232,0.4094
24,42,0.015955911957397106,0.8223
24,43,-0.007819102402975236,0.3653
24,44,-0.0252203385745556,0.1271
24,45,0.011903379943433682,0.7413
24,46,0.004210318389827544,0.6486
24,47,0.0004405887296972324,0.5039
24,48,-0.004169278699173552,0.4303
24,49,0.01940261507291993,0.8561
24,51,0.017026911043944073,0.8099
24,52,0.005046874332126652,0.599
24,53,-0.017805230520319664,0.0718
24,54,0.011362344476297803,0.7662
24,55,-0.00650002499133772,0.3848
24,56,-0.022803748368316286,0.1419
24,57,0.00851165452416693,0.6481
24,58,-0.01574768798926311,0.2479
24,59,-0.005918440364618332,0.3957
24,60,0.0021475160853419084,0.5381
24,62,-0.010346870053035102,0.3252
24,63,-0.01113507231115879,0.3158
25,26,-0.01578920739732506,0.2466
25,27,0.008281371463055113,0.6369
25,28,-0.0016609450431987608,0.4759
25,29,-0.012294931898277088,0.2889
25,31,0.007659145185702669,0.6363
25,33,-0.03271299486048632,0.0751
25,34,-0.017973733560252163,0.0689
25,35,0.01102897117248291,0.7239
25,36,0.020519651073202715,0.8776
25,37,-0.015096999921584395,0.2484
25,38,-0.009402009388911324,0.3396
25,39,0.005552482340674484,0.5988
25,40,-0.010827998842539138,0.3162
25,41,0.026380194028885796,0.8694
25,42,-0.020464088312116185,0.1303
25,43,-0.009033989321812758,0.346
25,44,-0.008155479664418402,0.3566
25,45,0.02894668113536534,0.9192
25,46,0.011051903137577796,0.8258
25,47,0.012995880025529507,0.7132
25,48,-0.016086539994660125,0.2565
25,49,-0.053042999442146854,0.0038
25,50,0.02838425680399404,0.892
25,51,-0.005145009349460763,0.3999
25,52,-0.007491286248494886,0.3382
25,53,-0.012716985091560168,0.1258
25,54,-0.027887451160330114,0.0408
25,55,0.03202404268096794,0.9093
25,56,0.0024342551246025594,0.5393
25,57,0.022926986960314373,0.8338
25,58,0.006592615233229125,0.6097
25,60,-0.005974962663446511,0.3937
25,61,0.006417473503162917,0.6107
25,62,-0.007857823997001986,0.3687
25,63,-0.02043359065091457,0.2072
26,27,0.04455804626219175,0.9717
26,28,0.012496452096305918,0.7077
26,29,-0.00016366083577403542,0.5053
26,30,0.019296898852406284,0.8177
26,31,0.016824001550783483,0.8034
26,32,-0.031234973756836877,0.0919
26,33,0.0370400243286868,0.9327
26,34,-0.026146711323384385,0.0156
26,35,-0.02157701159172501,0.1262
26,36,0.0021765473487730534,0.5528
26,37,-0.018424624351336086,0.1933
26,38,0.006810686866070171,0.615
26,39,0.02308574769651597,0.8677
26,40,-0.021433557934005167,0.1738
26,41,-0.011610457868140215,0.3212
26,42,-0.03068229550904599,0.0492
26,43,0.0008093296511333434,0.5057
26,44,-0.03444230266681551,0.0734
26,45,-0.009738225929424206,0.2983
26,46,-0.005305846719585121,0.3081
26,47,0.03291145137747784,0.9253
26,48,-0.0434967699114421,0.0267
26,49,0.014355737649430137,0.786
26,50,-0.008199683608527932,0.3692
26,51,0.028582938905116567,0.9275
26,52,0.0072232519355904,0.6517
26,53,-0.002430727097915087,0.4032
26,54,-0.01185107460752773,0.2055
26,55,-0.013327464090226419,0.2914
26,56,-0.010033959682535442,0.3137
26,57,0.003054491442024748,0.5569
26,58,-0.000405901741672813,0.4969
26,59,0.014821757425852173,0.7472
26,60,-0.04267872368185392,0.009
26,61,0.011352824895509867,0.6858
26,62,0.0014662208645759745,0.5125
26,63,0.028383527797856765,0.8772
27,28,0.0016873561176355856,0.5238
27,29,-0.0025323532180281136,0.4578
27,30,0.0018010495666482072,0.5379
27,31,-0.0154794003048307,0.2372
27,32,-0.023625311030399537,0.1677
27,34,-0.003579000276759252,0.3934
27,35,-0.007576882635514774,0.3482
27,36,0.0021314556372499837,0.5403
27,37,-0.02141280898616305,0.1682
27,38,-0.011520662986486923,0.3073
27,39,-0.016464283299507085,0.2564
27,40,0.003451742417145428,0.5525
27,41,-0.026383867197162215,0.1367
27,42,0.014403799204482464,0.7551
27,43,0.03537898842950085,0.9281
27,44,-0.00807836522866457,0.3641
27,45,0.019431770235086934,0.8337
27,46,-0.013636247938997306,0.1398
27,47,-0.011442648175823775,0.3045
27,48,0.056034320430802406,0.9949
27,49,-0.03501271007305746,0.0325
27,50,-0.006192432865910906,0.396
27,51,-0.01828038097585233,0.1942
27,52,0.029126576405508,0.9484
27,53,0.023652478119930126,0.9694
27,54,-0.023706833011987675,0.0806
27,55,-0.011243568230645902,0.3198
27,56,-0.0006131009426336092,0.4859
27,57,-0.016072223602719548,0.2532
27,58,-0.02667281688791906,0.1196
27,59,-0.010280428945911493,0.3205
27,60,0.03485502294358723,0.9669
27,61,0.006743720992838651,0.6159
27,62,-0.003397011380207946,0.4444
27,63,-0.00515010207388713,0.4145
28,30,0.027231419697827094,0.8769
28,31,-0.06167058570308673,0.0006
28,32,-0.016739823079758617,0.2171
28,33,-0.004753367082059089,0.4296
28,34,0.006570867248370268,0.6961
28,35,0.01904334483083914,0.8396
28,36,-0.020670501737583977,0.1467
28,37,-0.011492901439965453,0.2938
28,39,-0.0035028154550637396,0.4385
28,40,0.008352607975255378,0.6493
28,41,-0.022572986551561734,0.1553
28,42,0.06072211878940998,0.999
28,43,-0.012871706809137375,0.2943
28,44,0.036483164076692116,0.9354
28,45,-0.008031756501731376,0.3593
28,46,0.001771035253649727,0.5514
28,47,-0.028143021790847912,0.105
28,48,-0.003773312533198499,0.4307
28,49,0.004360105944291104,0.5913
28,50,0.04622748779005237,0.9664
28,51,-0.03377552753852224,0.0465
28,52,-0.03772524751781168,0.0214
28,53,-0.003653605004421219,0.3928
28,54,-0.008614525855618154,0.3091
28,55,-0.007746468274853589,0.368
28,56,0.0005218211418747166,0.504
28,57,-0.037661441475654235,0.0538
28,58,0.007537458717395811,0.6211
28,59,0.020886585170947793,0.8275
28,60,0.04623902104449364,0.9929
28,61,0.00534324620594287,0.5882
28,62,0.053583245510787705,0.992
28,63,0.025667874365864814,0.8545
29,30,0.019184127482808587,0.8
29,31,0.005476845076540178,0.5993
29,32,-0.015697706870794092,0.243
29,33,0.007839196097212108,0.6324
29,34,-0.004692256353521837,0.3557
29,35,0.016924254159779856,0.8065
29,36,-0.009305644211573164,0.2982
29,37,-0.012375829797460413,0.285
29,39,-0.008963752468155584,0.3418
29,40,-0.011132530697231037,0.3067
29,41,-0.0033806467219753343,0.4366
29,42,0.0018675976093951963,0.5352
29,43,-0.010990749493154258,0.2973
29,44,0.02305429889372663,0.8485
29,45,0.012248697174983282,0.7378
29,46,0.014213722407952253,0.8882
29,47,0.019121184856807583,0.7884
29,48,-0.024082737368283397,0.143
29,49,0.012122535648717387,0.7451
29,50,0.019360699270942146,0.8248
29,51,0.011587347113531031,0.7255
29,52,0.031006505788722553,0.9581
29,53,0.00481091026471348,0.6525
29,54,0.010877237707629663,0.7481
29,55,0.051777555720075634,0.9914
29,56,-0.031928185055701386,0.072
29,57,-0.008362275286970493,0.3573
29,58,0.006859052636182604,0.6264
29,59,0.015008494131552317,0.7394
29,60,-0.0038087964865923824,0.4186
29,61,0.011380717477280674,0.6857
29,62,0.0036656430917314147,0.5602
29,63,-0.006785513644760257,0.4013
30,31,-0.007406633540785149,0.3641
30,33,-0.0044932709717830765,0.4272
30,34,9.365832038777885e-05,0.4915
30,35,-0.008700275901268697,0.3142
30,36,-0.005474093531504337,0.3662
30,37,0.01362644623995385,0.7334
30,38,-0.00560751803329094,0.4089
30,39,0.0060215006576849,0.5996
30,40,-0.005162494881401713,0.4136
30,41,-0.02178420604236058,0.1562
30,42,0.002607055272239389,0.5516
30,43,0.017483558777223247,0.7793
30,44,-0.005098958105696316,0.4175
30,45,0.001426811860123831,0.5302
30,46,0.0028883580914158095,0.5886
30,47,0.053772364925716645,0.9878
30,48,0.012597114194895162,0.7225
30,49,0.006220983712992707,0.6291
30,50,0.012075952320257155,0.6942
30,51,-0.03237559255748051,0.0442
30,52,0.0009359125030790445,0.5116
30,53,0.0030263977122864777,0.5985
30,54,0.007369232093251246,0.6642
30,55,0.017282904229773258,0.7709
30,56,0.02362428952519622,0.8622
30,57,0.0001237038153561401,0.5007
30,58,0.01105241893465697,0.6656
30,60,-0.025283046974189868,0.0912
30,61,0.01906196049679625,0.791
30,62,-0.0052673627308890275,0.4049
30,63,0.03881088367624604,0.9365
31,32,0.01877796607753332,0.8183
31,33,-0.012598504650547881,0.2597
31,34,-0.013464163048185207,0.1078
31,35,-0.004360120018738471,0.4012
31,36,0.00520332398382105,0.6167
31,37,0.03426463267762431,0.9475
31,38,-0.018161849632757875,0.2151
31,39,0.039070457882321226,0.9583
31,40,-0.006291964058566544,0.387
31,41,-0.011158940472247716,0.3057
31,42,0.00020673763420904598,0.5099
31,43,0.009132238453131297,0.6581
31,44,-0.005739429898175357,0.3975
31,45,0.02826196015749664,0.9128
31,46,0.012003094474324464,0.819
31,47,0.03165076189398873,0.9505
31,48,0.026456067701827145,0.8989
31,49,-0.03663902481795268,0.0192
31,51,-0.010065084646758253,0.2962
31,52,0.0009894907713847714,0.5237
31,53,-0.00968935968800954,0.2235
31,54,-0.018112893698053717,0.1382
31,55,-0.0072253299520489275,0.3722
31,56,-0.00215103882311069,0.4612
31,57,0.027838599189813726,0.8974
31,58,0.007899048748936408,0.6642
31,59,-0.0462946907886782,0.0119
31,60,-0.036383456086248635,0.0245
31,62,-0.03012337844446043,0.0772
31,63,0.005214650821785506,0.604
32,33,-0.009487926868060381,0.3294
32,34,0.0008915843541450853,0.5186
32,35,-0.003882147271985246,0.4079
32,36,0.01669354165625316,0.8187
32,37,-0.00027229023832912397,0.5009
32,38,0.004498007081143445,0.5695
32,39,-0.022941370176047415,0.1779
32,40,0.03763439090048996,0.963
32,41,0.022191902692559162,0.8382
32,42,-0.024814705659293647,0.1004
32,43,0.026671439429140433,0.8598
32,44,-0.006966323415097635,0.4103
32,45,-0.013391568152774614,0.2468
32,46,-0.00372846957504654,0.3665
32,47,0.04370399319864434,0.9752
32,48,0.015904637089312005,0.7566
32,49,0.011991682334960794,0.7413
32,50,0.029960599966174742,0.8921
32,51,0.0012849046005333734,0.5221
32,52,-0.050840226728315625,0.0026
32,53,-0.0009625243508455007,0.4641
32,54,-0.024981343867566022,0.0753
32,55,-0.00045732625178794144,0.5033
32,56,0.0029570500233066354,0.5646
32,57,-0.006961124141718475,0.3821
32,58,0.011658413773794557,0.7141
32,60,-0.05342199820889782,0.0019
32,61,0.02516620958492941,0.8573
32,62,-0.024622217681636117,0.133
32,63,-0.008477025115252336,0.3632
33,34,0.006276709142638556,0.6761
33,35,0.02258898631446154,0.8841
33,36,0.004504349814587567,0.61
33,37,-0.0403539670155311,0.0476
33,38,0.007195885166893649,0.6116
33,39,-0.012702100581826097,0.287
33,40,0.006217794718197925,0.6131
33,41,-0.007172938716545401,0.3771
33,42,-0.019308339466699107,0.1549
33,43,0.05637891852961863,0.9929
33,44,0.0016532335000198767,0.5291
33,45,0.03348568813757813,0.9359
33,46,0.008601086367473355,0.7584
33,47,0.0390368791641708,0.9493
33,48,-0.0022874726213162207,0.4605
33,49,-0.003286545649121578,0.4416
33,50,-0.007534595335024131,0.3782
33,51,-0.005473190808816603,0.3895
33,52,-0.01147215434079285,0.2705
33,53,0.011442395461247404,0.8375
33,54,-0.007337790873640391,0.3323
33,55,0.03475651224742713,0.9356
33,56,0.03608925043941885,0.9511
33,57,-0.019162096146190254,0.2
33,58,-0.015134418728528252,0.2515
33,59,-0.0529311140737863,0.0114
33,60,-0.01688396073429189,0.1898
33,61,-0.06189989770746025,0.0025
33,62,0.025485396573987643,0.8627
33,63,0.018595411575353674,0.7893
34,37,0.017333982304361437,0.9263
34,38,0.020961452405748697,0.9533
34,39,0.0010654958362154433,0.5375
34,40,0.0014369813513607755,0.552
34,41,-0.0074251158592402835,0.2933
34,42,0.006854099953306197,0.7374
34,43,-0.005981445931041233,0.3169
34,44,0.01792436489303281,0.9317
34,46,0.0009826840063585631,0.564
34,47,0.008765851946468109,0.7744
34,48,-0.0002644295195800935,0.4867
34,49,0.0207034299149736,0.9452
34,50,-0.011725841390946203,0.1635
34,51,-0.014506348979184026,0.0785
34,52,0.007081512318712774,0.7332
34,53,0.010214648645956866,0.8573
34,54,-0.002465344378037869,0.4189
34,55,0.00516214174512156,0.6585
34,56,0.011169025658342595,0.8442
34,57,-0.013361282194555391,0.1671
34,58,-0.016975680237507847,0.0952
34,59,0.004093125280480726,0.6304
34,60,0.013173430118109815,0.8636
34,61,-0.010406054342526457,0.2031
34,62,0.02345595670341059,0.9551
34,63,0.006245134080531243,0.6652
35,37,-0.01411274588642257,0.2165
35,38,-0.014114355889202219,0.2403
35,39,0.022928908414865664,0.8662
35,40,0.007666272671625274,0.662
35,41,-0.004536510022674709,0.4091
35,42,0.008534923627424001,0.6758
35,43,0.015591861131430728,0.7769
35,44,0.014877798087431154,0.7716
35,46,-8.459302526172959e-05,0.5067
35,47,0.012437565368771589,0.7454
35,48,-0.00967394364634101,0.31
35,49,-0.001303340010119756,0.4795
35,50,-0.005751134827910753,0.3721
35,51,0.04386363401805681,0.9929
35,52,-0.0026854890950206247,0.4408
35,53,-0.005097103446420488,0.3507
35,54,-0.011070574256205695,0.2412
35,55,0.026586089758267872,0.9338
35,56,-0.0054334629892434745,0.391
35,57,0.0061081249218445325,0.6357
35,58,-0.007400821282891195,0.3367
35,59,0.011406661750705155,0.7174
35,60,0.01611874608240103,0.8196
35,61,0.008305596064143644,0.6667
35,62,0.034014760262777534,0.9518
35,63,-0.007837781664581019,0.3382
36,37,0.01837223384161216,0.8665
36,38,0.007168840929590118,0.6555
36,39,0.0002312871846551443,0.5024
36,40,-0.0007625354465300741,0.4834
36,41,0.01079195318820412,0.7312
36,42,-0.03248983143626678,0.0213
36,43,-0.02057860201414636,0.1095
36,44,0.012688867874344248,0.7789
36,46,0.014662371141647302,0.8911
36,47,0.0070618275346071985,0.6574
36,48,-0.003177618293057908,0.4253
36,49,-0.003689868639855498,0.4118
36,50,0.003496179484604858,0.5758
36,51,-0.00827818622683004,0.311
36,52,0.01400843715511823,0.8133
36,53,-0.005366769703337762,0.3199
36,54,-0.009279856141430367,0.2884
36,55,0.006379049730224163,0.63
36,56,0.015176992995029172,0.7808
36,57,-0.007701840500034795,0.3471
36,58,-0.01339808999632629,0.2327
36,59,-0.018700667408027335,0.1581
36,60,-0.0065315442813904,0.3458
36,61,-0.02877907400676239,0.048
36,62,0.0011504894587543342,0.5272
36,63,-0.02997440561122793,0.0453
37,38,0.05261678569811419,0.9838
37,39,-0.014654320347175741,0.269
37,40,-0.004197833814316782,0.4167
37,41,-0.03931185657447931,0.0422
37,42,-0.00369545878131414,0.4285
37,43,0.020982371348986215,0.8328
37,44,-0.005301328197831368,0.4105
37,45,-0.0031627243602141324,0.4431
37,46,-0.01683925130431754,0.0623
37,47,-0.008513496710394516,0.3574
37,48,-0.013395037746440555,0.2559
37,49,0.010494268311633612,0.6996
37,50,0.003703592239381614,0.5727
37,51,0.01392709851545195,0.7797
37,52,-0.0029532752508698713,0.4326
37,53,0.005609961331690307,0.6617
37,54,0.018378614265964884,0.8844
37,55,-0.020536094703640827,0.1695
37,56,-0.0047712704843909425,0.4086
37,57,0.016297220284537832,0.7658
37,58,0.006707404277639433,0.6147
37,59,0.01484196189782231,0.7461
37,60,0.024117892639826624,0.9005
37,61,0.01739568988100934,0.7783
37,62,0.012074616570768495,0.7257
38,39,-0.016640735690888163,0.2543
38,40,-0.02745765488961824,0.1107
38,41,-0.036629317695722884,0.0549
38,42,0.006767967468799267,0.6282
38,43,0.0103535724983529,0.6519
38,44,0.014171461614180546,0.7323
38,45,-0.05635101857091558,0.0022
38,46,-0.007118574220527661,0.2834
38,47,0.01222456569643952,0.7069
38,48,-0.005160834840467686,0.41
38,49,0.014735953853686375,0.7853
38,50,-0.006185370712282732,0.4009
38,51,0.01382794375855737,0.7564
38,52,0.010515366837500383,0.7289
38,53,0.007436208721079081,0.7044
38,54,0.0015928485542818734,0.5266
38,55,0.009094503352978012,0.6527
38,56,-0.006210333727266617,0.3914
38,57,-0.0012508283619702086,0.4887
38,58,0.0035563380010757207,0.559
38,59,-0.03155908535433466,0.0943
38,60,-0.0013094197636079059,0.4779
38,61,-0.02512876757600164,0.15
38,62,0.02979038938770673,0.8808
38,63,0.005354377488950077,0.589
39,41,0.025788194478190883,0.8668
39,42,0.015606267352426437,0.8187
39,43,-0.0022174404118613027,0.4624
39,44,-0.028853642697931933,0.0933
39,45,0.009399011709106385,0.6884
39,46,-0.006658935628199048,0.3069
39,47,0.027771454893951848,0.8923
39,49,-0.006446535705261661,0.3719
39,50,-0.01875972935143155,0.2075
39,51,0.020087651859374923,0.8394
39,52,0.010596462758614025,0.7335
39,53,-0.01916616418188044,0.0571
39,54,0.010314833376542064,0.7385
39,55,-0.007963366868617651,0.3724
39,56,-0.0017187932396618701,0.4677
39,57,-0.0414462901314067,0.0454
39,59,-0.010775536461732852,0.3145
39,60,0.010222160732582012,0.6957
39,61,-0.01081582072282922,0.3126
39,62,-0.028882625830539008,0.1035
39,63,0.028168992213052316,0.8967
40,41,0.006361149082609332,0.6256
40,42,0.021301358939312114,0.8687
40,43,-0.03295571914957234,0.0722
40,44,0.019950502902013112,0.8102
40,45,-0.02941131705688008,0.0769
40,46,-0.014483477151351815,0.0925
40,47,0.0025672946990104796,0.5454
40,49,-0.004487257581667302,0.4022
40,50,0.02791051588023566,0.9012
40,51,-0.009303402762388443,0.2921
40,52,-0.028181215563899752,0.0589
40,53,-0.0017142899464735323,0.4475
40,54,-0.00306109518505353,0.4212
40,55,-0.015428525492788848,0.2307
40,56,-0.031192275367654183,0.0653
40,57,-0.003356508362070844,0.4443
40,59,0.005128123654711736,0.5928
40,60,-0.004160467284792763,0.4236
40,61,0.004862916921625821,0.5787
40,62,0.02394483668747925,0.8556
40,63,0.009269841430571423,0.6729
41,43,0.032472029030564786,0.9183
41,44,-0.03853427534004251,0.0416
41,45,-0.008049501239475168,0.344
41,47,-0.01963574035073447,0.1884
41,48,-0.05145062341998503,0.0103
41,49,-0.0268138830928681,0.0735
41,50,0.00396619461703141,0.566
41,51,0.012265839001417596,0.7347
41,53,0.01156167008507865,0.8303
41,54,0.04438947815153592,0.987
41,55,-0.004049511245566824,0.4385
41,56,0.0018483838482923425,0.5317
41,57,-0.020121608229704976,0.1937
41,58,0.022030643393234708,0.8475
41,59,-0.01143578312525497,0.3144
41,60,-0.013904458271924158,0.2185
41,61,0.028407927977651223,0.8875
41,62,-0.011695680159544244,0.2961
41,63,-0.02393971381968086,0.1584
42,43,0.008883508556067718,0.6839
42,44,-0.007440666076269629,0.3361
42,45,-0.011362369430245992,0.2619
42,47,0.02742846249873934,0.9133
42,48,0.01688716243036165,0.798
42,49,0.007529612660652093,0.6696
42,50,-0.007225664711326241,0.356
42,51,0.004395805597237981,0.6066
42,53,0.01083297641841913,0.8111
42,54,0.026889753212366044,0.9595
42,55,-0.022466873578842368,0.1178
42,56,-0.015675806851665273,0.203
42,57,-0.009637258080328129,0.2951
42,58,0.027402256902508384,0.9181
42,59,0.006134116213136303,0.6361
42,60,0.033008652591299446,0.9565
42,61,0.019854608161284183,0.8297
42,62,0.023013026906457037,0.8756
42,63,0.01549138409652491,0.7906
43,44,-0.03804536118621316,0.051
43,45,-0.009487951047853398,0.3229
43,46,-0.0007454868416412637,0.4682
43,48,0.000999264172567264,0.5172
43,49,0.016993462567416524,0.822
43,50,0.012262388689674115,0.7094
43,52,0.004657014086858339,0.6018
43,53,0.010719993348640478,0.8061
43,54,-0.00012962596728028264,0.4965
43,55,-0.0167373318520652,0.2252
43,56,-0.00916545765849021,0.3377
43,58,0.026228918562428077,0.8636
43,59,0.012090595179344266,0.6935
43,60,0.007740687806025539,0.657
43,61,-0.023815035230210935,0.1434
43,62,-0.026872287626183357,0.1436
43,63,0.054066120622055916,0.9831
44,45,0.006211706886616365,0.6143
44,46,-0.0012668739462084726,0.4526
44,47,0.043145451072849,0.9564
44,48,-0.0017790484983487107,0.4762
44,49,0.021927741806109742,0.8548
44,50,0.011549675761747426,0.6944
44,51,-0.010124840563952284,0.2948
44,52,0.020615610795500592,0.8591
44,53,0.0024840961029047497,0.5716
44,54,-0.016709273849137445,0.1489
44,57,0.012717998221899913,0.6978
44,58,-0.04629920961827896,0.0241
44,59,0.010966547703177116,0.6758
44,60,0.03358184960485166,0.9553
44,61,-0.010743209660544538,0.3306
44,63,-0.00295493005365968,0.4446
45,46,0.01354474532576328,0.8761
45,47,-0.024316440099790965,0.1099
45,48,0.005512647651126802,0.6138
45,49,0.021321886220035564,0.8836
45,50,-0.016538323234898192,0.2213
45,51,-0.001139414003652576,0.4779
45,52,0.017424625901134656,0.8184
45,53,-0.00337410368236037,0.3913
45,54,0.012276641451641694,0.7991
45,55,0.017997620396416072,0.8275
45,56,-0.025682024353903148,0.1104
45,57,-0.017636845938946308,0.1918
45,58,0.011330112497003109,0.7025
45,59,-3.227276949877667e-05,0.5067
45,60,0.01263589331851163,0.763
45,61,0.014430928185224443,0.7592
45,62,-0.004557707450392933,0.4152
45,63,-0.023166816991030435,0.1372
46,47,-0.007403824505365437,0.2781
46,48,0.003871050865323714,0.6285
46,49,0.007867340112379764,0.7362
46,50,-0.0019626553083778747,0.4249
46,51,0.0038683877485084627,0.6514
46,53,0.0056088686722996816,0.7353
46,54,0.006390463851101003,0.7459
46,55,-0.006249429619427131,0.2894
46,56,0.013540073771565483,0.8723
46,57,0.0030605769700409787,0.5893
46,58,0.007361015226687073,0.734
46,59,-0.0004128080899692436,0.4702
46,60,-0.007572088175434748,0.2465
46,61,-0.009287237296343807,0.2108
46,62,-0.00451446429904438,0.3488
46,63,0.01696373130588148,0.9142
47,48,-0.0003655886739570783,0.4928
47,49,0.01799730693036932,0.8407
47,50,0.029233495155271846,0.891
47,52,-0.0066347739818135255,0.3508
47,53,0.0075711926795643735,0.7521
47,54,-0.0048682078397107535,0.3814
47,55,-0.008953569327280099,0.3453
47,56,-0.028930512994555856,0.0841
47,58,0.010453248454948527,0.689
47,59,0.013020687249991334,0.7136
47,60,-0.03936207631563301,0.0209
47,61,0.020153801718050823,0.7996
47,62,-0.0002924287019069538,0.4982
47,63,0.039988584840700274,0.9479
48,49,0.0027939597505980637,0.5487
48,50,0.010799298845290736,0.6823
48,51,0.010964743821730101,0.7
48,52,0.015985055775862105,0.8266
48,53,0.001374325122483244,0.544
48,54,-0.009865744329906499,0.2787
48,55,-0.011434102890216645,0.3134
48,56,0.04023744519051315,0.9605
48,57,-0.021004194908583355,0.1827
48,59,0.018898824501136197,0.7933
48,60,0.00015024696720621116,0.5072
48,61,0.00828802923493055,0.6277
48,62,-0.013413542433014425,0.258
48,63,0.017695134984855962,0.762
49,50,0.0067860087568108,0.6433
49,51,0.019088653426878585,0.8568
49,52,-0.0014370766908329375,0.4681
49,55,0.007437166250269317,0.6611
49,56,-0.012979348099982201,0.2633
49,57,0.028340669102940398,0.9147
49,58,0.0009544887394380728,0.5124
49,59,-0.010982275536576257,0.2766
49,60,0.020380326093645727,0.865
49,61,0.010636735706366566,0.7003
49,62,0.0257525022188819,0.9324
49,63,0.02280947537563952,0.879
50,51,0.0004758072628809105,0.5088
50,52,0.009598255473503634,0.6967
50,53,-0.0015520740290302895,0.4391
50,54,-0.02256657059333883,0.1179
50,55,-0.03709177296920318,0.0508
50,56,0.0058040509224298814,0.5949
50,57,-0.019385256721310393,0.2037
50,58,-0.013776936207294569,0.287
50,59,-0.020622161075152173,0.1867
50,60,0.026978981753242783,0.9084
50,62,-0.00895069309076279,0.3506
50,63,0.0017660620220512793,0.526
51,52,0.004168410708249799,0.6061
51,53,-0.009188735418797075,0.2322
51,54,0.0027391215754986134,0.57
51,55,-0.024898107735765028,0.1116
51,56,0.002562047731853901,0.5507
51,58,-0.03326081556967485,0.039
51,59,-0.005039742921587696,0.3878
51,60,0.00095764259343027,0.5259
51,61,-0.001049314760517743,0.4761
51,62,0.011846909907089637,0.7248
51,63,0.02556390534723054,0.8943
52,53,0.016479857038436737,0.9126
52,54,0.009871564931859976,0.7585
52,55,-0.004171379946653011,0.4046
52,56,0.011562260027998391,0.7596
52,57,0.012061649349102435,0.7248
52,58,0.013510660028774152,0.759
52,59,0.021795926885134192,0.8911
52,60,0.030357616425586355,0.9554
52,61,0.03338210565026928,0.9753
52,62,-0.019029959282435102,0.1643
52,63,0.004908294602599156,0.5939
53,55,-0.020786117032349217,0.0605
53,56,0.003338335641082305,0.62
53,57,-0.003239941224680983,0.3917
53,58,-0.025024706435949014,0.0215
53,59,-0.012978707607645967,0.1642
53,60,-0.0069770896732784604,0.2683
53,61,0.0007270233804158677,0.5144
53,62,0.001950717356380708,0.55
53,63,0.013850944710247717,0.8631
54,55,-0.00749584669044166,0.3251
54,56,0.010732342752712147,0.74
54,57,-0.017261378808229408,0.178
54,58,-0.004247183889714366,0.3913
54,59,-0.012945080520849542,0.2123
54,60,0.01111972862389103,0.7611
54,61,-0.004404744107438794,0.3881
54,62,0.009408701993849116,0.6921
54,63,0.005394736502021128,0.6224
55,57,-0.015231044757225547,0.2657
55,58,0.03908684126462258,0.9638
55,59,0.019381069968563445,0.8189
55,60,-0.007340941854773748,0.3504
55,61,0.006704064317723531,0.6039
55,63,-0.001453143546348634,0.4708
56,57,-0.017930821974097996,0.2201
56,58,0.015997888065855257,0.7674
56,59,0.00720106860472346,0.629
56,60,-0.003497027152238786,0.4363
56,61,-0.013498750015925225,0.271
56,63,0.014278318373956546,0.7304
57,58,0.008460620687980263,0.6435
57,59,0.022732304597031686,0.8234
57,60,0.004323703872238871,0.5755
57,61,0.03470626825649385,0.9121
57,62,-0.017535964502751397,0.2257
57,63,-0.03198468517368263,0.0835
58,59,0.04872410867424947,0.9841
58,60,0.01611742187625608,0.7987
58,61,0.009657773004339024,0.6607
58,62,-0.007213149209999664,0.3857
58,63,0.02612012417373278,0.8665
59,60,-0.010951637185199837,0.2703
59,61,-0.008240703925916132,0.3657
59,62,-0.009835759726322219,0.3363
59,63,0.018508869427662333,0.778
60,61,-0.024704094756416942,0.076
60,62,-0.003339562866290728,0.4308
60,63,0.025458798703443693,0.8758
61,62,0.0029054489241315544,0.5492
61,63,-0.023792429653675902,0.1723
62,63,0.013464291723614139,0.699
-1,-1,0.015360970595633865,0.8037
