item_id,item,dimension,shape_set,shape_subset,distractor,n_features,f1_color,f1_shape,f1_pos_tri,f1_pos_row,f1_pos_col,f1_size,f2_color,f2_shape,f2_pos_tri,f2_pos_row,f2_pos_col,f2_size,f3_color,f3_shape,f3_pos_tri,f3_pos_row,f3_pos_col,f3_size,f4_color,f4_shape,f4_pos_tri,f4_pos_row,f4_pos_col,f4_size
1,6,2,1,1,md,1,2,1,0,0,0,2,0,0,0,0,0,0,0,0,0,0,0,0,0,0,0,0,0,0
2,6,2,2,4,md,1,2,1,0,0,0,2,0,0,0,0,0,0,0,0,0,0,0,0,0,0,0,0,0,0
3,6,2,3,7,md,1,2,1,0,0,0,2,0,0,0,0,0,0,0,0,0,0,0,0,0,0,0,0,0,0
4,6,2,1,1,pd,1,2,1,0,0,0,2,0,0,0,0,0,0,0,0,0,0,0,0,0,0,0,0,0,0
5,6,2,2,4,pd,1,2,1,0,0,0,2,0,0,0,0,0,0,0,0,0,0,0,0,0,0,0,0,0,0
6,6,2,3,7,pd,1,2,1,0,0,0,2,0,0,0,0,0,0,0,0,0,0,0,0,0,0,0,0,0,0
7,10,3,1,1,md,3,1,0,0,0,0,0,0,2,0,0,0,0,0,0,0,0,0,0,0,0,0,0,0,0
8,10,3,2,4,md,3,1,0,0,0,0,0,0,2,0,0,0,0,0,0,0,0,0,0,0,0,0,0,0,0
9,10,3,3,7,md,3,1,0,0,0,0,0,0,2,0,0,0,0,0,0,0,0,0,0,0,0,0,0,0,0
10,10,3,1,1,pd,3,1,0,0,0,0,0,0,2,0,0,0,0,0,0,0,0,0,0,0,0,0,0,0,0
11,10,3,2,4,pd,3,1,0,0,0,0,0,0,2,0,0,0,0,0,0,0,0,0,0,0,0,0,0,0,0
12,10,3,3,7,pd,3,1,0,0,0,0,0,0,2,0,0,0,0,0,0,0,0,0,0,0,0,0,0,0,0
13,11,3,1,2,md,1,0,2,0,2,1,0,0,0,0,0,0,0,0,0,0,0,0,0,0,0,0,0,0,0
14,11,3,2,5,md,1,0,2,0,2,1,0,0,0,0,0,0,0,0,0,0,0,0,0,0,0,0,0,0,0
15,11,3,3,8,md,1,0,2,0,2,1,0,0,0,0,0,0,0,0,0,0,0,0,0,0,0,0,0,0,0
16,11,3,1,2,pd,1,0,2,0,2,1,0,0,0,0,0,0,0,0,0,0,0,0,0,0,0,0,0,0,0
17,11,3,2,5,pd,1,0,2,0,2,1,0,0,0,0,0,0,0,0,0,0,0,0,0,0,0,0,0,0,0
18,11,3,3,8,pd,1,0,2,0,2,1,0,0,0,0,0,0,0,0,0,0,0,0,0,0,0,0,0,0,0
19,12,4,1,1,md,2,2,2,0,0,0,0,2,2,0,0,0,0,0,0,0,0,0,0,0,0,0,0,0,0
20,12,4,2,4,md,2,2,2,0,0,0,0,2,2,0,0,0,0,0,0,0,0,0,0,0,0,0,0,0,0
21,12,4,3,7,md,2,2,2,0,0,0,0,2,2,0,0,0,0,0,0,0,0,0,0,0,0,0,0,0,0
22,12,4,1,1,pd,2,2,2,0,0,0,0,2,2,0,0,0,0,0,0,0,0,0,0,0,0,0,0,0,0
23,12,4,2,4,pd,2,2,2,0,0,0,0,2,2,0,0,0,0,0,0,0,0,0,0,0,0,0,0,0,0
24,12,4,3,7,pd,2,2,2,0,0,0,0,2,2,0,0,0,0,0,0,0,0,0,0,0,0,0,0,0,0
25,13,3,1,3,md,2,2,2,0,0,0,0,2,0,0,0,0,0,0,0,0,0,0,0,0,0,0,0,0,0
26,13,3,2,6,md,2,2,2,0,0,0,0,2,0,0,0,0,0,0,0,0,0,0,0,0,0,0,0,0,0
27,13,3,3,9,md,2,2,2,0,0,0,0,2,0,0,0,0,0,0,0,0,0,0,0,0,0,0,0,0,0
28,13,3,1,3,pd,2,2,2,0,0,0,0,2,0,0,0,0,0,0,0,0,0,0,0,0,0,0,0,0,0
29,13,3,2,6,pd,2,2,2,0,0,0,0,2,0,0,0,0,0,0,0,0,0,0,0,0,0,0,0,0,0
30,13,3,3,9,pd,2,2,2,0,0,0,0,2,0,0,0,0,0,0,0,0,0,0,0,0,0,0,0,0,0
31,14,5,1,1,md,3,2,1,0,0,0,0,1,0,0,0,0,0,0,2,0,0,0,0,0,0,0,0,0,0
32,14,5,2,4,md,3,2,1,0,0,0,0,1,0,0,0,0,0,0,2,0,0,0,0,0,0,0,0,0,0
33,14,5,3,7,md,3,2,1,0,0,0,0,1,0,0,0,0,0,0,2,0,0,0,0,0,0,0,0,0,0
34,14,5,1,1,pd,3,2,1,0,0,0,0,1,0,0,0,0,0,0,2,0,0,0,0,0,0,0,0,0,0
35,14,5,2,4,pd,3,2,1,0,0,0,0,1,0,0,0,0,0,0,2,0,0,0,0,0,0,0,0,0,0
36,14,5,3,7,pd,3,2,1,0,0,0,0,1,0,0,0,0,0,0,2,0,0,0,0,0,0,0,0,0,0
37,15,3,1,1,md,2,2,1,0,0,0,0,0,2,0,0,0,0,0,0,0,0,0,0,0,0,0,0,0,0
38,15,3,2,4,md,2,2,1,0,0,0,0,0,2,0,0,0,0,0,0,0,0,0,0,0,0,0,0,0,0
39,15,3,3,7,md,2,2,1,0,0,0,0,0,2,0,0,0,0,0,0,0,0,0,0,0,0,0,0,0,0
40,15,3,1,1,pd,2,2,1,0,0,0,0,0,2,0,0,0,0,0,0,0,0,0,0,0,0,0,0,0,0
41,15,3,2,4,pd,2,2,1,0,0,0,0,0,2,0,0,0,0,0,0,0,0,0,0,0,0,0,0,0,0
42,15,3,3,7,pd,2,2,1,0,0,0,0,0,2,0,0,0,0,0,0,0,0,0,0,0,0,0,0,0,0
43,16,4,1,2,md,1,1,1,0,2,2,0,0,0,0,0,0,0,0,0,0,0,0,0,0,0,0,0,0,0
44,16,4,2,5,md,1,1,1,0,2,2,0,0,0,0,0,0,0,0,0,0,0,0,0,0,0,0,0,0,0
45,16,4,3,8,md,1,1,1,0,2,2,0,0,0,0,0,0,0,0,0,0,0,0,0,0,0,0,0,0,0
46,16,4,1,2,pd,1,1,1,0,2,2,0,0,0,0,0,0,0,0,0,0,0,0,0,0,0,0,0,0,0
47,16,4,2,5,pd,1,1,1,0,2,2,0,0,0,0,0,0,0,0,0,0,0,0,0,0,0,0,0,0,0
48,16,4,3,8,pd,1,1,1,0,2,2,0,0,0,0,0,0,0,0,0,0,0,0,0,0,0,0,0,0,0
49,17,4,1,1,md,2,2,1,0,0,0,0,2,1,0,0,0,0,0,0,0,0,0,0,0,0,0,0,0,0
50,17,4,2,4,md,2,2,1,0,0,0,0,2,1,0,0,0,0,0,0,0,0,0,0,0,0,0,0,0,0
51,17,4,3,7,md,2,2,1,0,0,0,0,2,1,0,0,0,0,0,0,0,0,0,0,0,0,0,0,0,0
52,17,4,1,1,pd,2,2,1,0,0,0,0,2,1,0,0,0,0,0,0,0,0,0,0,0,0,0,0,0,0
53,17,4,2,4,pd,2,2,1,0,0,0,0,2,1,0,0,0,0,0,0,0,0,0,0,0,0,0,0,0,0
54,17,4,3,7,pd,2,2,1,0,0,0,0,2,1,0,0,0,0,0,0,0,0,0,0,0,0,0,0,0,0
55,18,3,1,3,md,4,2,2,0,0,0,0,0,2,0,0,0,0,0,0,0,0,0,0,0,0,0,0,0,0
56,18,3,2,6,md,4,2,2,0,0,0,0,0,2,0,0,0,0,0,0,0,0,0,0,0,0,0,0,0,0
57,18,3,3,9,md,4,2,2,0,0,0,0,0,2,0,0,0,0,0,0,0,0,0,0,0,0,0,0,0,0
58,18,3,1,3,pd,4,2,2,0,0,0,0,0,2,0,0,0,0,0,0,0,0,0,0,0,0,0,0,0,0
59,18,3,2,6,pd,4,2,2,0,0,0,0,0,2,0,0,0,0,0,0,0,0,0,0,0,0,0,0,0,0
60,18,3,3,9,pd,4,2,2,0,0,0,0,0,2,0,0,0,0,0,0,0,0,0,0,0,0,0,0,0,0
61,19,2,1,1,md,1,2,1,0,0,0,2,0,0,0,0,0,0,0,0,0,0,0,0,0,0,0,0,0,0
62,19,2,2,4,md,1,2,1,0,0,0,2,0,0,0,0,0,0,0,0,0,0,0,0,0,0,0,0,0,0
63,19,2,3,7,md,1,2,1,0,0,0,2,0,0,0,0,0,0,0,0,0,0,0,0,0,0,0,0,0,0
64,19,2,1,1,pd,1,2,1,0,0,0,2,0,0,0,0,0,0,0,0,0,0,0,0,0,0,0,0,0,0
65,19,2,2,4,pd,1,2,1,0,0,0,2,0,0,0,0,0,0,0,0,0,0,0,0,0,0,0,0,0,0
66,19,2,3,7,pd,1,2,1,0,0,0,2,0,0,0,0,0,0,0,0,0,0,0,0,0,0,0,0,0,0
67,20,2,1,1,md,2,2,2,0,0,0,0,0,0,0,0,0,0,0,0,0,0,0,0,0,0,0,0,0,0
68,20,2,2,4,md,2,2,2,0,0,0,0,0,0,0,0,0,0,0,0,0,0,0,0,0,0,0,0,0,0
69,20,2,3,7,md,2,2,2,0,0,0,0,0,0,0,0,0,0,0,0,0,0,0,0,0,0,0,0,0,0
70,20,2,1,1,pd,2,2,2,0,0,0,0,0,0,0,0,0,0,0,0,0,0,0,0,0,0,0,0,0,0
71,20,2,2,4,pd,2,2,2,0,0,0,0,0,0,0,0,0,0,0,0,0,0,0,0,0,0,0,0,0,0
72,20,2,3,7,pd,2,2,2,0,0,0,0,0,0,0,0,0,0,0,0,0,0,0,0,0,0,0,0,0,0
73,21,7,1,1,md,3,2,1,0,0,0,0,2,1,0,0,0,0,1,1,0,0,0,0,0,0,0,0,0,0
74,21,7,2,4,md,3,2,1,0,0,0,0,2,1,0,0,0,0,1,1,0,0,0,0,0,0,0,0,0,0
75,21,7,3,7,md,3,2,1,0,0,0,0,2,1,0,0,0,0,1,1,0,0,0,0,0,0,0,0,0,0
76,21,7,1,1,pd,3,2,1,0,0,0,0,2,1,0,0,0,0,1,1,0,0,0,0,0,0,0,0,0,0
77,21,7,2,4,pd,3,2,1,0,0,0,0,2,1,0,0,0,0,1,1,0,0,0,0,0,0,0,0,0,0
78,21,7,3,7,pd,3,2,1,0,0,0,0,2,1,0,0,0,0,1,1,0,0,0,0,0,0,0,0,0,0
79,22,2,1,1,md,1,2,2,0,0,0,1,0,0,0,0,0,0,0,0,0,0,0,0,0,0,0,0,0,0
80,22,2,2,4,md,1,2,2,0,0,0,1,0,0,0,0,0,0,0,0,0,0,0,0,0,0,0,0,0,0
81,22,2,3,7,md,1,2,2,0,0,0,1,0,0,0,0,0,0,0,0,0,0,0,0,0,0,0,0,0,0
82,22,2,1,1,pd,1,2,2,0,0,0,1,0,0,0,0,0,0,0,0,0,0,0,0,0,0,0,0,0,0
83,22,2,2,4,pd,1,2,2,0,0,0,1,0,0,0,0,0,0,0,0,0,0,0,0,0,0,0,0,0,0
84,22,2,3,7,pd,1,2,2,0,0,0,1,0,0,0,0,0,0,0,0,0,0,0,0,0,0,0,0,0,0
85,23,4,1,2,md,1,2,2,0,1,1,0,0,0,0,0,0,0,0,0,0,0,0,0,0,0,0,0,0,0
86,23,4,2,5,md,1,2,2,0,1,1,0,0,0,0,0,0,0,0,0,0,0,0,0,0,0,0,0,0,0
87,23,4,3,8,md,1,2,2,0,1,1,0,0,0,0,0,0,0,0,0,0,0,0,0,0,0,0,0,0,0
88,23,4,1,2,pd,1,2,2,0,1,1,0,0,0,0,0,0,0,0,0,0,0,0,0,0,0,0,0,0,0
89,23,4,2,5,pd,1,2,2,0,1,1,0,0,0,0,0,0,0,0,0,0,0,0,0,0,0,0,0,0,0
90,23,4,3,8,pd,1,2,2,0,1,1,0,0,0,0,0,0,0,0,0,0,0,0,0,0,0,0,0,0,0
91,24,7,1,2,md,3,0,2,0,0,0,0,0,0,0,2,2,0,0,1,0,0,1,0,0,0,0,0,0,0
92,24,7,2,5,md,3,0,2,0,0,0,0,0,0,0,2,2,0,0,1,0,0,1,0,0,0,0,0,0,0
93,24,7,3,8,md,3,0,2,0,0,0,0,0,0,0,2,2,0,0,1,0,0,1,0,0,0,0,0,0,0
94,24,7,1,2,pd,3,0,2,0,0,0,0,0,0,0,2,2,0,0,1,0,0,1,0,0,0,0,0,0,0
95,24,7,2,5,pd,3,0,2,0,0,0,0,0,0,0,2,2,0,0,1,0,0,1,0,0,0,0,0,0,0
96,24,7,3,8,pd,3,0,2,0,0,0,0,0,0,0,2,2,0,0,1,0,0,1,0,0,0,0,0,0,0
97,25,2,1,1,md,1,2,0,2,0,0,0,0,0,0,0,0,0,0,0,0,0,0,0,0,0,0,0,0,0
98,25,2,2,4,md,1,2,0,2,0,0,0,0,0,0,0,0,0,0,0,0,0,0,0,0,0,0,0,0,0
99,25,2,3,7,md,1,2,0,2,0,0,0,0,0,0,0,0,0,0,0,0,0,0,0,0,0,0,0,0,0
100,25,2,1,1,pd,1,2,0,2,0,0,0,0,0,0,0,0,0,0,0,0,0,0,0,0,0,0,0,0,0
101,25,2,2,4,pd,1,2,0,2,0,0,0,0,0,0,0,0,0,0,0,0,0,0,0,0,0,0,0,0,0
102,25,2,3,7,pd,1,2,0,2,0,0,0,0,0,0,0,0,0,0,0,0,0,0,0,0,0,0,0,0,0
103,26,5,1,2,md,3,0,2,0,0,0,0,0,0,0,2,2,0,0,0,0,0,0,0,0,0,0,0,0,0
104,26,5,2,5,md,3,0,2,0,0,0,0,0,0,0,2,2,0,0,0,0,0,0,0,0,0,0,0,0,0
105,26,5,3,8,md,3,0,2,0,0,0,0,0,0,0,2,2,0,0,0,0,0,0,0,0,0,0,0,0,0
106,26,5,1,2,pd,3,0,2,0,0,0,0,0,0,0,2,2,0,0,0,0,0,0,0,0,0,0,0,0,0
107,26,5,2,5,pd,3,0,2,0,0,0,0,0,0,0,2,2,0,0,0,0,0,0,0,0,0,0,0,0,0
108,26,5,3,8,pd,3,0,2,0,0,0,0,0,0,0,2,2,0,0,0,0,0,0,0,0,0,0,0,0,0
109,27,3,1,1,md,2,1,2,0,0,0,0,2,0,0,0,0,0,0,0,0,0,0,0,0,0,0,0,0,0
110,27,3,2,4,md,2,1,2,0,0,0,0,2,0,0,0,0,0,0,0,0,0,0,0,0,0,0,0,0,0
111,27,3,3,7,md,2,1,2,0,0,0,0,2,0,0,0,0,0,0,0,0,0,0,0,0,0,0,0,0,0
112,27,3,1,1,pd,2,1,2,0,0,0,0,2,0,0,0,0,0,0,0,0,0,0,0,0,0,0,0,0,0
113,27,3,2,4,pd,2,1,2,0,0,0,0,2,0,0,0,0,0,0,0,0,0,0,0,0,0,0,0,0,0
114,27,3,3,7,pd,2,1,2,0,0,0,0,2,0,0,0,0,0,0,0,0,0,0,0,0,0,0,0,0,0
115,28,2,1,3,md,4,0,2,0,0,0,0,0,2,0,0,0,0,0,0,0,0,0,0,0,0,0,0,0,0
116,28,2,2,6,md,4,0,2,0,0,0,0,0,2,0,0,0,0,0,0,0,0,0,0,0,0,0,0,0,0
117,28,2,3,9,md,4,0,2,0,0,0,0,0,2,0,0,0,0,0,0,0,0,0,0,0,0,0,0,0,0
118,28,2,1,3,pd,4,0,2,0,0,0,0,0,2,0,0,0,0,0,0,0,0,0,0,0,0,0,0,0,0
119,28,2,2,6,pd,4,0,2,0,0,0,0,0,2,0,0,0,0,0,0,0,0,0,0,0,0,0,0,0,0
120,28,2,3,9,pd,4,0,2,0,0,0,0,0,2,0,0,0,0,0,0,0,0,0,0,0,0,0,0,0,0
121,29,7,1,2,md,2,2,2,0,2,0,0,1,0,0,1,1,0,0,0,0,0,0,0,0,0,0,0,0,0
122,29,7,2,5,md,2,2,2,0,2,0,0,1,0,0,1,1,0,0,0,0,0,0,0,0,0,0,0,0,0
123,29,7,3,8,md,2,2,2,0,2,0,0,1,0,0,1,1,0,0,0,0,0,0,0,0,0,0,0,0,0
124,29,7,1,2,pd,2,2,2,0,2,0,0,1,0,0,1,1,0,0,0,0,0,0,0,0,0,0,0,0,0
125,29,7,2,5,pd,2,2,2,0,2,0,0,1,0,0,1,1,0,0,0,0,0,0,0,0,0,0,0,0,0
126,29,7,3,8,pd,2,2,2,0,2,0,0,1,0,0,1,1,0,0,0,0,0,0,0,0,0,0,0,0,0
127,30,7,1,2,md,2,2,1,0,2,0,0,1,0,0,1,1,0,0,0,0,0,0,0,0,0,0,0,0,0
128,30,7,2,5,md,2,2,1,0,2,0,0,1,0,0,1,1,0,0,0,0,0,0,0,0,0,0,0,0,0
129,30,7,3,8,md,2,2,1,0,2,0,0,1,0,0,1,1,0,0,0,0,0,0,0,0,0,0,0,0,0
130,30,7,1,2,pd,2,2,1,0,2,0,0,1,0,0,1,1,0,0,0,0,0,0,0,0,0,0,0,0,0
131,30,7,2,5,pd,2,2,1,0,2,0,0,1,0,0,1,1,0,0,0,0,0,0,0,0,0,0,0,0,0
132,30,7,3,8,pd,2,2,1,0,2,0,0,1,0,0,1,1,0,0,0,0,0,0,0,0,0,0,0,0,0
133,31,3,1,3,md,4,0,2,0,0,0,0,2,0,0,0,0,0,1,0,0,0,0,0,0,0,0,0,0,0
134,31,3,2,6,md,4,0,2,0,0,0,0,2,0,0,0,0,0,1,0,0,0,0,0,0,0,0,0,0,0
135,31,3,3,9,md,4,0,2,0,0,0,0,2,0,0,0,0,0,1,0,0,0,0,0,0,0,0,0,0,0
136,31,3,1,3,pd,4,0,2,0,0,0,0,2,0,0,0,0,0,1,0,0,0,0,0,0,0,0,0,0,0
137,31,3,2,6,pd,4,0,2,0,0,0,0,2,0,0,0,0,0,1,0,0,0,0,0,0,0,0,0,0,0
138,31,3,3,9,pd,4,0,2,0,0,0,0,2,0,0,0,0,0,1,0,0,0,0,0,0,0,0,0,0,0
139,34,3,1,3,md,2,0,2,2,0,0,0,0,2,0,0,0,0,0,0,0,0,0,0,0,0,0,0,0,0
140,34,3,2,6,md,2,0,2,2,0,0,0,0,2,0,0,0,0,0,0,0,0,0,0,0,0,0,0,0,0
141,34,3,3,9,md,2,0,2,2,0,0,0,0,2,0,0,0,0,0,0,0,0,0,0,0,0,0,0,0,0
142,34,3,1,3,pd,2,0,2,2,0,0,0,0,2,0,0,0,0,0,0,0,0,0,0,0,0,0,0,0,0
143,34,3,2,6,pd,2,0,2,2,0,0,0,0,2,0,0,0,0,0,0,0,0,0,0,0,0,0,0,0,0
144,34,3,3,9,pd,2,0,2,2,0,0,0,0,2,0,0,0,0,0,0,0,0,0,0,0,0,0,0,0,0
145,35,8,1,2,md,3,2,1,0,1,1,0,1,0,0,0,0,0,0,0,0,2,0,0,0,0,0,0,0,0
146,35,8,2,5,md,3,2,1,0,1,1,0,1,0,0,0,0,0,0,0,0,2,0,0,0,0,0,0,0,0
147,35,8,3,8,md,3,2,1,0,1,1,0,1,0,0,0,0,0,0,0,0,2,0,0,0,0,0,0,0,0
148,35,8,1,2,pd,3,2,1,0,1,1,0,1,0,0,0,0,0,0,0,0,2,0,0,0,0,0,0,0,0
149,35,8,2,5,pd,3,2,1,0,1,1,0,1,0,0,0,0,0,0,0,0,2,0,0,0,0,0,0,0,0
150,35,8,3,8,pd,3,2,1,0,1,1,0,1,0,0,0,0,0,0,0,0,2,0,0,0,0,0,0,0,0
151,36,6,1,1,md,3,2,1,0,0,0,0,2,1,0,0,0,0,1,0,0,0,0,0,0,0,0,0,0,0
152,36,6,2,4,md,3,2,1,0,0,0,0,2,1,0,0,0,0,1,0,0,0,0,0,0,0,0,0,0,0
153,36,6,3,7,md,3,2,1,0,0,0,0,2,1,0,0,0,0,1,0,0,0,0,0,0,0,0,0,0,0
154,36,6,1,1,pd,3,2,1,0,0,0,0,2,1,0,0,0,0,1,0,0,0,0,0,0,0,0,0,0,0
155,36,6,2,4,pd,3,2,1,0,0,0,0,2,1,0,0,0,0,1,0,0,0,0,0,0,0,0,0,0,0
156,36,6,3,7,pd,3,2,1,0,0,0,0,2,1,0,0,0,0,1,0,0,0,0,0,0,0,0,0,0,0
157,37,3,1,3,md,4,0,2,2,0,0,0,0,1,0,0,0,0,0,0,0,0,0,0,0,0,0,0,0,0
158,37,3,2,6,md,4,0,2,2,0,0,0,0,1,0,0,0,0,0,0,0,0,0,0,0,0,0,0,0,0
159,37,3,3,9,md,4,0,2,2,0,0,0,0,1,0,0,0,0,0,0,0,0,0,0,0,0,0,0,0,0
160,37,3,1,3,pd,4,0,2,2,0,0,0,0,1,0,0,0,0,0,0,0,0,0,0,0,0,0,0,0,0
161,37,3,2,6,pd,4,0,2,2,0,0,0,0,1,0,0,0,0,0,0,0,0,0,0,0,0,0,0,0,0
162,37,3,3,9,pd,4,0,2,2,0,0,0,0,1,0,0,0,0,0,0,0,0,0,0,0,0,0,0,0,0
163,39,2,1,3,md,4,0,0,2,0,0,0,0,0,1,0,0,0,0,0,0,0,0,0,0,0,0,0,0,0
164,39,2,2,6,md,4,0,0,2,0,0,0,0,0,1,0,0,0,0,0,0,0,0,0,0,0,0,0,0,0
165,39,2,3,9,md,4,0,0,2,0,0,0,0,0,1,0,0,0,0,0,0,0,0,0,0,0,0,0,0,0
166,39,2,1,3,pd,4,0,0,2,0,0,0,0,0,1,0,0,0,0,0,0,0,0,0,0,0,0,0,0,0
167,39,2,2,6,pd,4,0,0,2,0,0,0,0,0,1,0,0,0,0,0,0,0,0,0,0,0,0,0,0,0
168,39,2,3,9,pd,4,0,0,2,0,0,0,0,0,1,0,0,0,0,0,0,0,0,0,0,0,0,0,0,0
169,40,4,1,2,md,2,1,2,0,2,0,0,0,0,0,0,0,0,0,0,0,0,0,0,0,0,0,0,0,0
170,40,4,2,5,md,2,1,2,0,2,0,0,0,0,0,0,0,0,0,0,0,0,0,0,0,0,0,0,0,0
171,40,4,3,8,md,2,1,2,0,2,0,0,0,0,0,0,0,0,0,0,0,0,0,0,0,0,0,0,0,0
172,40,4,1,2,pd,2,1,2,0,2,0,0,0,0,0,0,0,0,0,0,0,0,0,0,0,0,0,0,0,0
173,40,4,2,5,pd,2,1,2,0,2,0,0,0,0,0,0,0,0,0,0,0,0,0,0,0,0,0,0,0,0
174,40,4,3,8,pd,2,1,2,0,2,0,0,0,0,0,0,0,0,0,0,0,0,0,0,0,0,0,0,0,0
175,42,4,1,1,md,2,1,2,0,0,0,0,2,1,0,0,0,0,0,0,0,0,0,0,0,0,0,0,0,0
176,42,4,2,4,md,2,1,2,0,0,0,0,2,1,0,0,0,0,0,0,0,0,0,0,0,0,0,0,0,0
177,42,4,3,7,md,2,1,2,0,0,0,0,2,1,0,0,0,0,0,0,0,0,0,0,0,0,0,0,0,0
178,42,4,1,1,pd,2,1,2,0,0,0,0,2,1,0,0,0,0,0,0,0,0,0,0,0,0,0,0,0,0
179,42,4,2,4,pd,2,1,2,0,0,0,0,2,1,0,0,0,0,0,0,0,0,0,0,0,0,0,0,0,0
180,42,4,3,7,pd,2,1,2,0,0,0,0,2,1,0,0,0,0,0,0,0,0,0,0,0,0,0,0,0,0
181,44,6,1,1,md,3,2,2,0,0,0,0,1,1,0,0,0,0,1,0,0,0,0,0,0,0,0,0,0,0
182,44,6,2,4,md,3,2,2,0,0,0,0,1,1,0,0,0,0,1,0,0,0,0,0,0,0,0,0,0,0
183,44,6,3,7,md,3,2,2,0,0,0,0,1,1,0,0,0,0,1,0,0,0,0,0,0,0,0,0,0,0
184,44,6,1,1,pd,3,2,2,0,0,0,0,1,1,0,0,0,0,1,0,0,0,0,0,0,0,0,0,0,0
185,44,6,2,4,pd,3,2,2,0,0,0,0,1,1,0,0,0,0,1,0,0,0,0,0,0,0,0,0,0,0
186,44,6,3,7,pd,3,2,2,0,0,0,0,1,1,0,0,0,0,1,0,0,0,0,0,0,0,0,0,0,0
187,45,7,1,2,md,3,2,1,0,0,0,0,1,0,0,0,2,0,1,0,0,0,0,0,0,0,0,0,0,0
188,45,7,2,5,md,3,2,1,0,0,0,0,1,0,0,0,2,0,1,0,0,0,0,0,0,0,0,0,0,0
189,45,7,3,8,md,3,2,1,0,0,0,0,1,0,0,0,2,0,1,0,0,0,0,0,0,0,0,0,0,0
190,45,7,1,2,pd,3,2,1,0,0,0,0,1,0,0,0,2,0,1,0,0,0,0,0,0,0,0,0,0,0
191,45,7,2,5,pd,3,2,1,0,0,0,0,1,0,0,0,2,0,1,0,0,0,0,0,0,0,0,0,0,0
192,45,7,3,8,pd,3,2,1,0,0,0,0,1,0,0,0,2,0,1,0,0,0,0,0,0,0,0,0,0,0
193,46,6,1,1,md,3,2,1,0,0,0,0,2,1,0,0,0,0,0,1,0,0,0,0,0,0,0,0,0,0
194,46,6,2,4,md,3,2,1,0,0,0,0,2,1,0,0,0,0,0,1,0,0,0,0,0,0,0,0,0,0
195,46,6,3,7,md,3,2,1,0,0,0,0,2,1,0,0,0,0,0,1,0,0,0,0,0,0,0,0,0,0
196,46,6,1,1,pd,3,2,1,0,0,0,0,2,1,0,0,0,0,0,1,0,0,0,0,0,0,0,0,0,0
197,46,6,2,4,pd,3,2,1,0,0,0,0,2,1,0,0,0,0,0,1,0,0,0,0,0,0,0,0,0,0
198,46,6,3,7,pd,3,2,1,0,0,0,0,2,1,0,0,0,0,0,1,0,0,0,0,0,0,0,0,0,0
199,47,2,1,3,md,4,0,2,0,0,0,0,0,0,2,0,0,0,0,0,0,0,0,0,0,0,0,0,0,0
200,47,2,2,6,md,4,0,2,0,0,0,0,0,0,2,0,0,0,0,0,0,0,0,0,0,0,0,0,0,0
201,47,2,3,9,md,4,0,2,0,0,0,0,0,0,2,0,0,0,0,0,0,0,0,0,0,0,0,0,0,0
202,47,2,1,3,pd,4,0,2,0,0,0,0,0,0,2,0,0,0,0,0,0,0,0,0,0,0,0,0,0,0
203,47,2,2,6,pd,4,0,2,0,0,0,0,0,0,2,0,0,0,0,0,0,0,0,0,0,0,0,0,0,0
204,47,2,3,9,pd,4,0,2,0,0,0,0,0,0,2,0,0,0,0,0,0,0,0,0,0,0,0,0,0,0
205,49,2,1,1,md,1,2,2,0,0,0,0,0,0,0,0,0,0,0,0,0,0,0,0,0,0,0,0,0,0
206,49,2,2,4,md,1,2,2,0,0,0,0,0,0,0,0,0,0,0,0,0,0,0,0,0,0,0,0,0,0
207,49,2,3,7,md,1,2,2,0,0,0,0,0,0,0,0,0,0,0,0,0,0,0,0,0,0,0,0,0,0
208,49,2,1,1,pd,1,2,2,0,0,0,0,0,0,0,0,0,0,0,0,0,0,0,0,0,0,0,0,0,0
209,49,2,2,4,pd,1,2,2,0,0,0,0,0,0,0,0,0,0,0,0,0,0,0,0,0,0,0,0,0,0
210,49,2,3,7,pd,1,2,2,0,0,0,0,0,0,0,0,0,0,0,0,0,0,0,0,0,0,0,0,0,0
211,50,2,1,1,md,1,0,2,2,0,0,0,0,0,0,0,0,0,0,0,0,0,0,0,0,0,0,0,0,0
212,50,2,2,4,md,1,0,2,2,0,0,0,0,0,0,0,0,0,0,0,0,0,0,0,0,0,0,0,0,0
213,50,2,3,7,md,1,0,2,2,0,0,0,0,0,0,0,0,0,0,0,0,0,0,0,0,0,0,0,0,0
214,50,2,1,1,pd,1,0,2,2,0,0,0,0,0,0,0,0,0,0,0,0,0,0,0,0,0,0,0,0,0
215,50,2,2,4,pd,1,0,2,2,0,0,0,0,0,0,0,0,0,0,0,0,0,0,0,0,0,0,0,0,0
216,50,2,3,7,pd,1,0,2,2,0,0,0,0,0,0,0,0,0,0,0,0,0,0,0,0,0,0,0,0,0
217,51,2,1,1,md,2,2,2,0,0,0,0,0,0,0,0,0,0,0,0,0,0,0,0,0,0,0,0,0,0
218,51,2,2,4,md,2,2,2,0,0,0,0,0,0,0,0,0,0,0,0,0,0,0,0,0,0,0,0,0,0
219,51,2,3,7,md,2,2,2,0,0,0,0,0,0,0,0,0,0,0,0,0,0,0,0,0,0,0,0,0,0
220,51,2,1,1,pd,2,2,2,0,0,0,0,0,0,0,0,0,0,0,0,0,0,0,0,0,0,0,0,0,0
221,51,2,2,4,pd,2,2,2,0,0,0,0,0,0,0,0,0,0,0,0,0,0,0,0,0,0,0,0,0,0
222,51,2,3,7,pd,2,2,2,0,0,0,0,0,0,0,0,0,0,0,0,0,0,0,0,0,0,0,0,0,0
223,52,5,1,3,md,2,2,1,0,0,0,0,1,1,2,0,0,0,0,0,0,0,0,0,0,0,0,0,0,0
224,52,5,2,6,md,2,2,1,0,0,0,0,1,1,2,0,0,0,0,0,0,0,0,0,0,0,0,0,0,0
225,52,5,3,9,md,2,2,1,0,0,0,0,1,1,2,0,0,0,0,0,0,0,0,0,0,0,0,0,0,0
226,52,5,1,3,pd,2,2,1,0,0,0,0,1,1,2,0,0,0,0,0,0,0,0,0,0,0,0,0,0,0
227,52,5,2,6,pd,2,2,1,0,0,0,0,1,1,2,0,0,0,0,0,0,0,0,0,0,0,0,0,0,0
228,52,5,3,9,pd,2,2,1,0,0,0,0,1,1,2,0,0,0,0,0,0,0,0,0,0,0,0,0,0,0
229,53,4,1,3,md,4,2,0,2,0,0,0,0,0,1,0,0,0,1,0,0,0,0,0,0,0,0,0,0,0
230,53,4,2,6,md,4,2,0,2,0,0,0,0,0,1,0,0,0,1,0,0,0,0,0,0,0,0,0,0,0
231,53,4,3,9,md,4,2,0,2,0,0,0,0,0,1,0,0,0,1,0,0,0,0,0,0,0,0,0,0,0
232,53,4,1,3,pd,4,2,0,2,0,0,0,0,0,1,0,0,0,1,0,0,0,0,0,0,0,0,0,0,0
233,53,4,2,6,pd,4,2,0,2,0,0,0,0,0,1,0,0,0,1,0,0,0,0,0,0,0,0,0,0,0
234,53,4,3,9,pd,4,2,0,2,0,0,0,0,0,1,0,0,0,1,0,0,0,0,0,0,0,0,0,0,0
235,54,6,1,2,md,2,0,2,0,1,0,0,2,0,0,2,2,0,0,0,0,0,0,0,0,0,0,0,0,0
236,54,6,2,5,md,2,0,2,0,1,0,0,2,0,0,2,2,0,0,0,0,0,0,0,0,0,0,0,0,0
237,54,6,3,8,md,2,0,2,0,1,0,0,2,0,0,2,2,0,0,0,0,0,0,0,0,0,0,0,0,0
238,54,6,1,2,pd,2,0,2,0,1,0,0,2,0,0,2,2,0,0,0,0,0,0,0,0,0,0,0,0,0
239,54,6,2,5,pd,2,0,2,0,1,0,0,2,0,0,2,2,0,0,0,0,0,0,0,0,0,0,0,0,0
240,54,6,3,8,pd,2,0,2,0,1,0,0,2,0,0,2,2,0,0,0,0,0,0,0,0,0,0,0,0,0
241,55,6,1,2,md,2,1,1,0,2,1,0,0,0,0,2,0,0,0,0,0,0,0,0,0,0,0,0,0,0
242,55,6,2,5,md,2,1,1,0,2,1,0,0,0,0,2,0,0,0,0,0,0,0,0,0,0,0,0,0,0
243,55,6,3,8,md,2,1,1,0,2,1,0,0,0,0,2,0,0,0,0,0,0,0,0,0,0,0,0,0,0
244,55,6,1,2,pd,2,1,1,0,2,1,0,0,0,0,2,0,0,0,0,0,0,0,0,0,0,0,0,0,0
245,55,6,2,5,pd,2,1,1,0,2,1,0,0,0,0,2,0,0,0,0,0,0,0,0,0,0,0,0,0,0
246,55,6,3,8,pd,2,1,1,0,2,1,0,0,0,0,2,0,0,0,0,0,0,0,0,0,0,0,0,0,0
247,56,3,1,2,md,1,0,2,0,2,2,0,0,0,0,0,0,0,0,0,0,0,0,0,0,0,0,0,0,0
248,56,3,2,5,md,1,0,2,0,2,2,0,0,0,0,0,0,0,0,0,0,0,0,0,0,0,0,0,0,0
249,56,3,3,8,md,1,0,2,0,2,2,0,0,0,0,0,0,0,0,0,0,0,0,0,0,0,0,0,0,0
250,56,3,1,2,pd,1,0,2,0,2,2,0,0,0,0,0,0,0,0,0,0,0,0,0,0,0,0,0,0,0
251,56,3,2,5,pd,1,0,2,0,2,2,0,0,0,0,0,0,0,0,0,0,0,0,0,0,0,0,0,0,0
252,56,3,3,8,pd,1,0,2,0,2,2,0,0,0,0,0,0,0,0,0,0,0,0,0,0,0,0,0,0,0
253,58,3,1,1,md,1,2,2,2,0,0,0,0,0,0,0,0,0,0,0,0,0,0,0,0,0,0,0,0,0
254,58,3,2,4,md,1,2,2,2,0,0,0,0,0,0,0,0,0,0,0,0,0,0,0,0,0,0,0,0,0
255,58,3,3,7,md,1,2,2,2,0,0,0,0,0,0,0,0,0,0,0,0,0,0,0,0,0,0,0,0,0
256,58,3,1,1,pd,1,2,2,2,0,0,0,0,0,0,0,0,0,0,0,0,0,0,0,0,0,0,0,0,0
257,58,3,2,4,pd,1,2,2,2,0,0,0,0,0,0,0,0,0,0,0,0,0,0,0,0,0,0,0,0,0
258,58,3,3,7,pd,1,2,2,2,0,0,0,0,0,0,0,0,0,0,0,0,0,0,0,0,0,0,0,0,0
259,59,5,1,3,md,2,1,1,2,0,0,0,2,1,0,0,0,0,0,0,0,0,0,0,0,0,0,0,0,0
260,59,5,2,6,md,2,1,1,2,0,0,0,2,1,0,0,0,0,0,0,0,0,0,0,0,0,0,0,0,0
261,59,5,3,9,md,2,1,1,2,0,0,0,2,1,0,0,0,0,0,0,0,0,0,0,0,0,0,0,0,0
262,59,5,1,3,pd,2,1,1,2,0,0,0,2,1,0,0,0,0,0,0,0,0,0,0,0,0,0,0,0,0
263,59,5,2,6,pd,2,1,1,2,0,0,0,2,1,0,0,0,0,0,0,0,0,0,0,0,0,0,0,0,0
264,59,5,3,9,pd,2,1,1,2,0,0,0,2,1,0,0,0,0,0,0,0,0,0,0,0,0,0,0,0,0
265,60,4,1,1,md,3,2,2,0,0,0,0,0,2,0,0,0,0,0,0,0,0,0,0,0,0,0,0,0,0
266,60,4,2,4,md,3,2,2,0,0,0,0,0,2,0,0,0,0,0,0,0,0,0,0,0,0,0,0,0,0
267,60,4,3,7,md,3,2,2,0,0,0,0,0,2,0,0,0,0,0,0,0,0,0,0,0,0,0,0,0,0
268,60,4,1,1,pd,3,2,2,0,0,0,0,0,2,0,0,0,0,0,0,0,0,0,0,0,0,0,0,0,0
269,60,4,2,4,pd,3,2,2,0,0,0,0,0,2,0,0,0,0,0,0,0,0,0,0,0,0,0,0,0,0
270,60,4,3,7,pd,3,2,2,0,0,0,0,0,2,0,0,0,0,0,0,0,0,0,0,0,0,0,0,0,0
271,61,2,1,3,md,4,2,0,0,0,0,0,0,2,0,0,0,0,0,0,0,0,0,0,0,0,0,0,0,0
272,61,2,2,6,md,4,2,0,0,0,0,0,0,2,0,0,0,0,0,0,0,0,0,0,0,0,0,0,0,0
273,61,2,3,9,md,4,2,0,0,0,0,0,0,2,0,0,0,0,0,0,0,0,0,0,0,0,0,0,0,0
274,61,2,1,3,pd,4,2,0,0,0,0,0,0,2,0,0,0,0,0,0,0,0,0,0,0,0,0,0,0,0
275,61,2,2,6,pd,4,2,0,0,0,0,0,0,2,0,0,0,0,0,0,0,0,0,0,0,0,0,0,0,0
276,61,2,3,9,pd,4,2,0,0,0,0,0,0,2,0,0,0,0,0,0,0,0,0,0,0,0,0,0,0,0
277,62,3,1,2,md,3,0,2,0,0,0,0,0,0,0,0,0,0,0,0,0,0,0,0,0,0,0,0,0,0
278,62,3,2,5,md,3,0,2,0,0,0,0,0,0,0,0,0,0,0,0,0,0,0,0,0,0,0,0,0,0
279,62,3,3,8,md,3,0,2,0,0,0,0,0,0,0,0,0,0,0,0,0,0,0,0,0,0,0,0,0,0
280,62,3,1,2,pd,3,0,2,0,0,0,0,0,0,0,0,0,0,0,0,0,0,0,0,0,0,0,0,0,0
281,62,3,2,5,pd,3,0,2,0,0,0,0,0,0,0,0,0,0,0,0,0,0,0,0,0,0,0,0,0,0
282,62,3,3,8,pd,3,0,2,0,0,0,0,0,0,0,0,0,0,0,0,0,0,0,0,0,0,0,0,0,0
283,63,5,1,1,md,3,1,2,0,0,0,0,2,1,0,0,0,0,0,0,0,0,0,0,0,0,0,0,0,0
284,63,5,2,4,md,3,1,2,0,0,0,0,2,1,0,0,0,0,0,0,0,0,0,0,0,0,0,0,0,0
285,63,5,3,7,md,3,1,2,0,0,0,0,2,1,0,0,0,0,0,0,0,0,0,0,0,0,0,0,0,0
286,63,5,1,1,pd,3,1,2,0,0,0,0,2,1,0,0,0,0,0,0,0,0,0,0,0,0,0,0,0,0
287,63,5,2,4,pd,3,1,2,0,0,0,0,2,1,0,0,0,0,0,0,0,0,0,0,0,0,0,0,0,0
288,63,5,3,7,pd,3,1,2,0,0,0,0,2,1,0,0,0,0,0,0,0,0,0,0,0,0,0,0,0,0
289,64,6,1,2,md,3,0,2,0,2,1,0,0,0,0,2,0,0,0,0,0,0,0,0,0,0,0,0,0,0
290,64,6,2,5,md,3,0,2,0,2,1,0,0,0,0,2,0,0,0,0,0,0,0,0,0,0,0,0,0,0
291,64,6,3,8,md,3,0,2,0,2,1,0,0,0,0,2,0,0,0,0,0,0,0,0,0,0,0,0,0,0
292,64,6,1,2,pd,3,0,2,0,2,1,0,0,0,0,2,0,0,0,0,0,0,0,0,0,0,0,0,0,0
293,64,6,2,5,pd,3,0,2,0,2,1,0,0,0,0,2,0,0,0,0,0,0,0,0,0,0,0,0,0,0
294,64,6,3,8,pd,3,0,2,0,2,1,0,0,0,0,2,0,0,0,0,0,0,0,0,0,0,0,0,0,0
295,65,2,1,1,md,2,0,2,0,0,0,0,2,0,0,0,0,0,0,0,0,0,0,0,0,0,0,0,0,0
296,65,2,2,4,md,2,0,2,0,0,0,0,2,0,0,0,0,0,0,0,0,0,0,0,0,0,0,0,0,0
297,65,2,3,7,md,2,0,2,0,0,0,0,2,0,0,0,0,0,0,0,0,0,0,0,0,0,0,0,0,0
298,65,2,1,1,pd,2,0,2,0,0,0,0,2,0,0,0,0,0,0,0,0,0,0,0,0,0,0,0,0,0
299,65,2,2,4,pd,2,0,2,0,0,0,0,2,0,0,0,0,0,0,0,0,0,0,0,0,0,0,0,0,0
300,65,2,3,7,pd,2,0,2,0,0,0,0,2,0,0,0,0,0,0,0,0,0,0,0,0,0,0,0,0,0
301,66,8,1,2,md,3,0,2,0,0,1,0,1,1,0,1,0,0,0,2,0,0,0,0,0,0,0,0,0,0
302,66,8,2,5,md,3,0,2,0,0,1,0,1,1,0,1,0,0,0,2,0,0,0,0,0,0,0,0,0,0
303,66,8,3,8,md,3,0,2,0,0,1,0,1,1,0,1,0,0,0,2,0,0,0,0,0,0,0,0,0,0
304,66,8,1,2,pd,3,0,2,0,0,1,0,1,1,0,1,0,0,0,2,0,0,0,0,0,0,0,0,0,0
305,66,8,2,5,pd,3,0,2,0,0,1,0,1,1,0,1,0,0,0,2,0,0,0,0,0,0,0,0,0,0
306,66,8,3,8,pd,3,0,2,0,0,1,0,1,1,0,1,0,0,0,2,0,0,0,0,0,0,0,0,0,0
307,67,5,1,2,md,2,2,0,0,2,0,0,1,0,0,1,0,0,0,0,0,0,0,0,0,0,0,0,0,0
308,67,5,2,5,md,2,2,0,0,2,0,0,1,0,0,1,0,0,0,0,0,0,0,0,0,0,0,0,0,0
309,67,5,3,8,md,2,2,0,0,2,0,0,1,0,0,1,0,0,0,0,0,0,0,0,0,0,0,0,0,0
310,67,5,1,2,pd,2,2,0,0,2,0,0,1,0,0,1,0,0,0,0,0,0,0,0,0,0,0,0,0,0
311,67,5,2,5,pd,2,2,0,0,2,0,0,1,0,0,1,0,0,0,0,0,0,0,0,0,0,0,0,0,0
312,67,5,3,8,pd,2,2,0,0,2,0,0,1,0,0,1,0,0,0,0,0,0,0,0,0,0,0,0,0,0
313,69,3,1,1,md,1,2,2,2,0,0,0,0,0,0,0,0,0,0,0,0,0,0,0,0,0,0,0,0,0
314,69,3,2,4,md,1,2,2,2,0,0,0,0,0,0,0,0,0,0,0,0,0,0,0,0,0,0,0,0,0
315,69,3,3,7,md,1,2,2,2,0,0,0,0,0,0,0,0,0,0,0,0,0,0,0,0,0,0,0,0,0
316,69,3,1,1,pd,1,2,2,2,0,0,0,0,0,0,0,0,0,0,0,0,0,0,0,0,0,0,0,0,0
317,69,3,2,4,pd,1,2,2,2,0,0,0,0,0,0,0,0,0,0,0,0,0,0,0,0,0,0,0,0,0
318,69,3,3,7,pd,1,2,2,2,0,0,0,0,0,0,0,0,0,0,0,0,0,0,0,0,0,0,0,0,0
319,70,2,1,2,md,1,2,1,0,0,0,0,0,0,0,0,0,0,0,0,0,0,0,0,0,0,0,0,0,0
320,70,2,2,5,md,1,2,1,0,0,0,0,0,0,0,0,0,0,0,0,0,0,0,0,0,0,0,0,0,0
321,70,2,3,8,md,1,2,1,0,0,0,0,0,0,0,0,0,0,0,0,0,0,0,0,0,0,0,0,0,0
322,70,2,1,2,pd,1,2,1,0,0,0,0,0,0,0,0,0,0,0,0,0,0,0,0,0,0,0,0,0,0
323,70,2,2,5,pd,1,2,1,0,0,0,0,0,0,0,0,0,0,0,0,0,0,0,0,0,0,0,0,0,0
324,70,2,3,8,pd,1,2,1,0,0,0,0,0,0,0,0,0,0,0,0,0,0,0,0,0,0,0,0,0,0
325,71,2,1,1,md,1,0,1,2,0,0,0,0,0,0,0,0,0,0,0,0,0,0,0,0,0,0,0,0,0
326,71,2,2,4,md,1,0,1,2,0,0,0,0,0,0,0,0,0,0,0,0,0,0,0,0,0,0,0,0,0
327,71,2,3,7,md,1,0,1,2,0,0,0,0,0,0,0,0,0,0,0,0,0,0,0,0,0,0,0,0,0
328,71,2,1,1,pd,1,0,1,2,0,0,0,0,0,0,0,0,0,0,0,0,0,0,0,0,0,0,0,0,0
329,71,2,2,4,pd,1,0,1,2,0,0,0,0,0,0,0,0,0,0,0,0,0,0,0,0,0,0,0,0,0
330,71,2,3,7,pd,1,0,1,2,0,0,0,0,0,0,0,0,0,0,0,0,0,0,0,0,0,0,0,0,0
331,72,4,1,1,md,2,2,2,0,0,0,0,1,1,0,0,0,0,0,0,0,0,0,0,0,0,0,0,0,0
332,72,4,2,4,md,2,2,2,0,0,0,0,1,1,0,0,0,0,0,0,0,0,0,0,0,0,0,0,0,0
333,72,4,3,7,md,2,2,2,0,0,0,0,1,1,0,0,0,0,0,0,0,0,0,0,0,0,0,0,0,0
334,72,4,1,1,pd,2,2,2,0,0,0,0,1,1,0,0,0,0,0,0,0,0,0,0,0,0,0,0,0,0
335,72,4,2,4,pd,2,2,2,0,0,0,0,1,1,0,0,0,0,0,0,0,0,0,0,0,0,0,0,0,0
336,72,4,3,7,pd,2,2,2,0,0,0,0,1,1,0,0,0,0,0,0,0,0,0,0,0,0,0,0,0,0
337,73,4,1,2,md,2,0,2,0,0,2,0,0,0,0,2,0,0,0,0,0,0,0,0,0,0,0,0,0,0
338,73,4,2,5,md,2,0,2,0,0,2,0,0,0,0,2,0,0,0,0,0,0,0,0,0,0,0,0,0,0
339,73,4,3,8,md,2,0,2,0,0,2,0,0,0,0,2,0,0,0,0,0,0,0,0,0,0,0,0,0,0
340,73,4,1,2,pd,2,0,2,0,0,2,0,0,0,0,2,0,0,0,0,0,0,0,0,0,0,0,0,0,0
341,73,4,2,5,pd,2,0,2,0,0,2,0,0,0,0,2,0,0,0,0,0,0,0,0,0,0,0,0,0,0
342,73,4,3,8,pd,2,0,2,0,0,2,0,0,0,0,2,0,0,0,0,0,0,0,0,0,0,0,0,0,0
343,74,5,1,1,md,3,2,1,0,0,0,0,2,1,0,0,0,0,1,0,0,0,0,0,0,0,0,0,0,0
344,74,5,2,4,md,3,2,1,0,0,0,0,2,1,0,0,0,0,1,0,0,0,0,0,0,0,0,0,0,0
345,74,5,3,7,md,3,2,1,0,0,0,0,2,1,0,0,0,0,1,0,0,0,0,0,0,0,0,0,0,0
346,74,5,1,1,pd,3,2,1,0,0,0,0,2,1,0,0,0,0,1,0,0,0,0,0,0,0,0,0,0,0
347,74,5,2,4,pd,3,2,1,0,0,0,0,2,1,0,0,0,0,1,0,0,0,0,0,0,0,0,0,0,0
348,74,5,3,7,pd,3,2,1,0,0,0,0,2,1,0,0,0,0,1,0,0,0,0,0,0,0,0,0,0,0
349,75,6,1,3,md,4,2,0,1,0,0,0,0,0,1,0,0,0,2,1,0,0,0,0,0,1,0,0,0,0
350,75,6,2,6,md,4,2,0,1,0,0,0,0,0,1,0,0,0,2,1,0,0,0,0,0,1,0,0,0,0
351,75,6,3,9,md,4,2,0,1,0,0,0,0,0,1,0,0,0,2,1,0,0,0,0,0,1,0,0,0,0
352,75,6,1,3,pd,4,2,0,1,0,0,0,0,0,1,0,0,0,2,1,0,0,0,0,0,1,0,0,0,0
353,75,6,2,6,pd,4,2,0,1,0,0,0,0,0,1,0,0,0,2,1,0,0,0,0,0,1,0,0,0,0
354,75,6,3,9,pd,4,2,0,1,0,0,0,0,0,1,0,0,0,2,1,0,0,0,0,0,1,0,0,0,0
355,76,5,1,3,md,2,2,1,0,0,0,0,1,1,2,0,0,0,0,0,0,0,0,0,0,0,0,0,0,0
356,76,5,2,6,md,2,2,1,0,0,0,0,1,1,2,0,0,0,0,0,0,0,0,0,0,0,0,0,0,0
357,76,5,3,9,md,2,2,1,0,0,0,0,1,1,2,0,0,0,0,0,0,0,0,0,0,0,0,0,0,0
358,76,5,1,3,pd,2,2,1,0,0,0,0,1,1,2,0,0,0,0,0,0,0,0,0,0,0,0,0,0,0
359,76,5,2,6,pd,2,2,1,0,0,0,0,1,1,2,0,0,0,0,0,0,0,0,0,0,0,0,0,0,0
360,76,5,3,9,pd,2,2,1,0,0,0,0,1,1,2,0,0,0,0,0,0,0,0,0,0,0,0,0,0,0
361,77,3,1,2,md,2,2,0,0,0,0,0,0,0,0,0,2,0,0,0,0,0,0,0,0,0,0,0,0,0
362,77,3,2,5,md,2,2,0,0,0,0,0,0,0,0,0,2,0,0,0,0,0,0,0,0,0,0,0,0,0
363,77,3,3,8,md,2,2,0,0,0,0,0,0,0,0,0,2,0,0,0,0,0,0,0,0,0,0,0,0,0
364,77,3,1,2,pd,2,2,0,0,0,0,0,0,0,0,0,2,0,0,0,0,0,0,0,0,0,0,0,0,0
365,77,3,2,5,pd,2,2,0,0,0,0,0,0,0,0,0,2,0,0,0,0,0,0,0,0,0,0,0,0,0
366,77,3,3,8,pd,2,2,0,0,0,0,0,0,0,0,0,2,0,0,0,0,0,0,0,0,0,0,0,0,0
367,78,7,1,1,md,3,2,1,0,0,0,0,2,1,0,0,0,0,1,1,0,0,0,0,0,0,0,0,0,0
368,78,7,2,4,md,3,2,1,0,0,0,0,2,1,0,0,0,0,1,1,0,0,0,0,0,0,0,0,0,0
369,78,7,3,7,md,3,2,1,0,0,0,0,2,1,0,0,0,0,1,1,0,0,0,0,0,0,0,0,0,0
370,78,7,1,1,pd,3,2,1,0,0,0,0,2,1,0,0,0,0,1,1,0,0,0,0,0,0,0,0,0,0
371,78,7,2,4,pd,3,2,1,0,0,0,0,2,1,0,0,0,0,1,1,0,0,0,0,0,0,0,0,0,0
372,78,7,3,7,pd,3,2,1,0,0,0,0,2,1,0,0,0,0,1,1,0,0,0,0,0,0,0,0,0,0
373,79,4,1,3,md,3,2,1,0,0,0,0,0,1,2,0,0,0,0,0,0,0,0,0,0,0,0,0,0,0
374,79,4,2,6,md,3,2,1,0,0,0,0,0,1,2,0,0,0,0,0,0,0,0,0,0,0,0,0,0,0
375,79,4,3,9,md,3,2,1,0,0,0,0,0,1,2,0,0,0,0,0,0,0,0,0,0,0,0,0,0,0
376,79,4,1,3,pd,3,2,1,0,0,0,0,0,1,2,0,0,0,0,0,0,0,0,0,0,0,0,0,0,0
377,79,4,2,6,pd,3,2,1,0,0,0,0,0,1,2,0,0,0,0,0,0,0,0,0,0,0,0,0,0,0
378,79,4,3,9,pd,3,2,1,0,0,0,0,0,1,2,0,0,0,0,0,0,0,0,0,0,0,0,0,0,0
379,80,4,1,1,md,3,2,2,0,0,0,0,2,0,0,0,0,0,0,0,0,0,0,0,0,0,0,0,0,0
380,80,4,2,4,md,3,2,2,0,0,0,0,2,0,0,0,0,0,0,0,0,0,0,0,0,0,0,0,0,0
381,80,4,3,7,md,3,2,2,0,0,0,0,2,0,0,0,0,0,0,0,0,0,0,0,0,0,0,0,0,0
382,80,4,1,1,pd,3,2,2,0,0,0,0,2,0,0,0,0,0,0,0,0,0,0,0,0,0,0,0,0,0
383,80,4,2,4,pd,3,2,2,0,0,0,0,2,0,0,0,0,0,0,0,0,0,0,0,0,0,0,0,0,0
384,80,4,3,7,pd,3,2,2,0,0,0,0,2,0,0,0,0,0,0,0,0,0,0,0,0,0,0,0,0,0
