"","mean","se_mean","sd","2.5%","25%","50%","75%","97.5%","n_eff","Rhat"
"beta[1]",0.0892007191225599,0.00970673680218349,0.469809098662464,-0.859095942787158,-0.224692284719169,0.118412448724815,0.431766056805113,0.929646010205007,2342.59029080082,1.00131340878528
"beta[2]",-0.102722564394147,0.00733153974573349,0.368206671245655,-0.914014920103649,-0.327912738488666,-0.0836364522404888,0.140246153250712,0.57024118997865,2522.27780987717,1.00023693136248
"beta[3]",0.0391223185971036,0.00838886500449617,0.486959639518713,-0.973292381747808,-0.27335974903231,0.0662247241492498,0.382903458534273,0.89536700287712,3369.60910587262,0.999690971344295
"beta[4]",-0.200247061366824,0.00961260218703679,0.540636533617141,-1.34954665505451,-0.539331402141896,-0.173789866243004,0.171006773076192,0.772117102579673,3163.21594062232,1.0002759892314
"beta[5]",-2.59253909392293,0.00832307048168323,0.500530997151245,-3.64815866461664,-2.90294533978368,-2.57178251375905,-2.25834297854327,-1.67197019895448,3616.55280875155,0.999344829653433
"beta[6]",-0.692520861659814,0.00781538145411278,0.479128162314869,-1.6890729682916,-1.00555130456965,-0.676850541503872,-0.362351231343916,0.188465670856138,3758.40032867107,0.999644018089482
"beta[7]",-0.553390469537934,0.00751464371044335,0.381509143869041,-1.37361628146252,-0.793545450453643,-0.531178562563529,-0.294642634336747,0.126632655582614,2577.46700339619,1.00018914943017
"beta[8]",-0.258551557212228,0.00723936855395366,0.363478806426617,-1.00370115116644,-0.491283667929654,-0.256054689010483,-0.0140457867659429,0.431725512031892,2520.90693244663,0.999975277092808
"beta[9]",-0.36266078474415,0.0076579060168051,0.453455196587374,-1.294599553583,-0.654433349169693,-0.339124034290646,-0.0511776595338912,0.470442875567933,3506.29701824851,1.00104262398171
"beta[10]",0.288761561785329,0.00862158433855493,0.389051520809866,-0.541438861326161,0.0391874742428208,0.311974047685122,0.562006535572474,0.989461046355327,2036.29208307857,1.00062462644673
"beta[11]",0.120539764701043,0.00749889107466297,0.343817934256163,-0.564221708633827,-0.102710784899162,0.119549255014862,0.349446233346612,0.799101396794845,2102.14642102328,1.00044044333587
"beta[12]",1.07369331543889,0.0119601593820597,0.620903085760695,-0.305063652173631,0.69434864833454,1.11905344179032,1.48750090880357,2.2199451569029,2695.09266546627,1.00047931807889
"beta[13]",-1.32987452853337,0.00962533069414274,0.620517628963858,-2.5514604119718,-1.74505867968586,-1.31786069162364,-0.902564295933715,-0.135084892297954,4156.01331264965,1.00033528358429
"beta[14]",-1.65570354974826,0.00820614254671597,0.488651385935961,-2.6534424496434,-1.95428514473926,-1.63493940977516,-1.33061985677809,-0.749723935716259,3545.84833950561,1.00085779847319
"beta[15]",-0.0709903913481636,0.0101531914953869,0.498255291663454,-1.14207023065903,-0.388321936458026,-0.0420742039250506,0.260492642250072,0.869798269970652,2408.23400739062,0.999938582829877
"beta[16]",-0.395082875674843,0.00959334154132577,0.461135576128116,-1.38793324894389,-0.687382061354153,-0.376990190043147,-0.0821319975977277,0.447419027525881,2310.5610331496,1.00160046184754
"beta[17]",-0.348772890690649,0.00697643517203698,0.388714750856993,-1.19247634684392,-0.585935564310187,-0.320089498503796,-0.0869912259197526,0.373170928408626,3104.52325260309,1.00067891009087
"beta[18]",-0.0782652378565049,0.00793363469223165,0.461381674720918,-1.01542350719963,-0.367328431072883,-0.0593823369737568,0.234303316113507,0.791535290356161,3382.02087263005,1.00025216251024
"beta[19]",-1.0355755396996,0.00933001911915218,0.47356238392974,-2.05932853440402,-1.3312802687303,-1.00319708132548,-0.708848506296808,-0.195313174606714,2576.25785458308,0.999955109862272
"beta[20]",-1.24221029946783,0.0063662462916613,0.37639381138281,-2.02641924875374,-1.48982486236151,-1.2175960937757,-0.979749965926472,-0.566628470151409,3495.57058384821,1.00048061492993
"beta[21]",-0.303575062832045,0.012951383049495,0.650152712359155,-1.76355844439366,-0.704916714086555,-0.245139162640392,0.14175376206014,0.818944918073799,2519.98793175727,1.00042488306786
"beta[22]",-1.44899763433633,0.00823218716591352,0.464385764003661,-2.45140381901801,-1.74423634526643,-1.41420098525183,-1.13005645962977,-0.614195416854196,3182.19891715767,0.999754617558296
"beta[23]",-0.404070734836356,0.00812382176939568,0.426842603659211,-1.26715673401146,-0.686511738779502,-0.389980046162592,-0.114128788115317,0.413145182543802,2760.67159808486,1.00095431991289
"beta[24]",0.0641170939272033,0.00945257289553381,0.536984012639292,-1.03420160867985,-0.277537031922256,0.0699447465171165,0.421150355860116,1.08974991392207,3227.17592723101,0.999977865142448
"beta[25]",0.787289229777136,0.00764242675919715,0.454167834133551,-0.166993915728107,0.503895263691736,0.812958288119926,1.09307731127905,1.59678452206713,3531.58915476427,1.00048746986649
"beta[26]",-1.01018466382972,0.00917004671320232,0.534107778367734,-2.12034575850139,-1.35261710048952,-1.00111674559472,-0.639623470637742,-0.0167458960992262,3392.45979572708,0.999519597095245
"beta[27]",1.77576390314259,0.00725231036826587,0.455226244184242,0.927592490622371,1.46200575411246,1.75575709530746,2.07120614151162,2.73982505656697,3940.05078378272,1.00070196968234
"beta[28]",-1.00435746296877,0.00795175353943002,0.445671988170292,-1.98224656326417,-1.28933184533132,-0.975940142960352,-0.68738515195938,-0.2074883316556,3141.26702021048,0.999530370248537
"beta[29]",1.84791176926063,0.00930702134592869,0.505914313258461,0.926979238884759,1.50739070428731,1.81477576845367,2.16405365115684,2.93667798955821,2954.83009182512,1.00005412473198
"beta[30]",0.372087166353997,0.00973514884494965,0.542021021182697,-0.759700619486881,0.0213436359491908,0.404942611554384,0.767552120996539,1.31594874424532,3099.89560332027,1.00027876556655
"beta[31]",-0.658027682174679,0.00805412522656996,0.412111718630487,-1.52650039499995,-0.92557771452938,-0.636203134919464,-0.36605683327981,0.075229404542056,2618.14184919416,1.0006778483819
"beta[32]",0.970535341864934,0.00711480168043892,0.382024608589017,0.197809508794417,0.72065094691872,0.979409843296946,1.21754058356611,1.70894341558764,2883.08257257548,1.00022137857493
"beta[33]",0.532102125764872,0.00795371824164156,0.461273749684955,-0.415737900004447,0.238006914363623,0.549894183239443,0.850477227192489,1.39703821368471,3363.38882100849,1.00066977103633
"beta[34]",-0.44889774052806,0.00886353207520108,0.52048498186352,-1.50415385095348,-0.786088251237001,-0.421171082562082,-0.0743853515542246,0.468936413651671,3448.28191446927,0.999882533541557
"beta[35]",0.556058379892775,0.00827091734018728,0.454448698511038,-0.438010407042127,0.288444628330955,0.579474606859326,0.86896807163316,1.37374157271784,3018.99481398098,0.999661221090896
"beta[36]",0.878582137227009,0.00822305912521905,0.420001345520911,0.0199157607870326,0.620723885692277,0.889020942480886,1.14975675213337,1.67169160347117,2608.76246729833,1.00023789502647
"beta[37]",0.663549513006382,0.00809887915017301,0.412456635233634,-0.166235719309958,0.397842584040641,0.672925410856855,0.946356780434048,1.43610827835038,2593.62242161257,1.00023062338427
"beta[38]",-0.412217662362703,0.00801654562032457,0.440379583174895,-1.34548712408964,-0.687067814025581,-0.389419343011613,-0.115855899002279,0.372100929994496,3017.72607428271,0.999499959112396
"beta[39]",-0.405305361403999,0.0086716582520545,0.508199577844781,-1.48099328998239,-0.722664261431955,-0.37173539793875,-0.0401364395342608,0.47759264371329,3434.50609730667,1.00107537994189
"beta[40]",0.741321729364125,0.00830315728837749,0.419845008972049,-0.0752207508488768,0.465149349883392,0.743162850517522,1.01308511016241,1.57036297156502,2556.76880961902,1.00058571455292
"beta[41]",-0.634046008582819,0.00741599234013564,0.43812601376869,-1.53315938839195,-0.913160588371132,-0.616436373983558,-0.341936233952816,0.201935388544145,3490.27410620937,1.00117747385003
"beta[42]",1.2992797516548,0.00811869239752005,0.45524879777982,0.391904231909707,1.00424647834738,1.29749722081016,1.57938937279694,2.2149343468937,3144.31060871642,0.99942971416088
"beta[43]",1.30803025944286,0.0101315015244665,0.530546922028492,0.235649831411179,0.971989528669282,1.30384431004522,1.65017960048963,2.36475793631603,2742.20532852343,1.00003152502062
"beta[44]",-1.11590984277217,0.00754569416100568,0.433167046746504,-2.0782703371643,-1.38116471980413,-1.08166860756788,-0.809435458492512,-0.348353317141146,3295.43252097561,0.999767006979192
"beta[45]",0.0235697143453387,0.0101185254074989,0.513517770702117,-1.0655206078845,-0.298796756208167,0.057035534530132,0.383123695168998,0.924378990473568,2575.58864385225,1.00079859617901
"beta[46]",-0.330722202947546,0.00816215759291437,0.489331622545564,-1.32586270810298,-0.653139399865758,-0.317429114857156,0.00325058605439632,0.587113329710727,3594.15343649895,0.999238059443231
"beta[47]",-0.538512964864654,0.0078021134611734,0.389095539190398,-1.35973639928771,-0.786437738778062,-0.519527463852583,-0.274690108636498,0.172066425768775,2487.06983613565,1.00078958815514
"beta[48]",0.332105100492411,0.00848892426920127,0.44333079602982,-0.573224584892118,0.0491371291765218,0.350447637658724,0.634248392154558,1.14973880636315,2727.41034184596,1.00051143978009
"beta[49]",2.07020743861356,0.00809091448071553,0.532958218913431,1.11053807881191,1.70216551498295,2.04706274568085,2.40529143052905,3.20135456711827,4339.01454933861,1.00019622766828
"beta[50]",1.95271923066695,0.00903655963375422,0.530897772068018,1.00006355725282,1.58024008402532,1.92293414468697,2.28654971838934,3.07894655831734,3451.56111631343,1.00043705786878
"beta[51]",-0.713665518840239,0.00735320889888251,0.402379121959749,-1.54966911724106,-0.968215382751162,-0.698259506918392,-0.439266856735089,0.0348297079650944,2994.45002196144,1.00140749192036
"beta[52]",-1.16564893896878,0.00794909867972797,0.399258842630602,-2.00715328510138,-1.41972796729251,-1.14510032650959,-0.891197401013787,-0.459874795517552,2522.74474593406,0.999868892829324
"beta[53]",-0.234939601186266,0.00791581452718598,0.460535300710439,-1.23636381334831,-0.516434439330767,-0.18777261580968,0.0831024494502483,0.559104179561771,3384.81261218248,0.999638599874851
"beta[54]",-0.0911451232976768,0.00851815467936429,0.409065660470699,-0.899270172644222,-0.348855361847248,-0.0880010665058575,0.178295197162638,0.711930083904613,2306.18956716053,0.999690187001997
"beta[55]",1.87828727720877,0.00877674547131049,0.535078232822716,0.902432636677481,1.51588184160774,1.84130132837338,2.22008800477225,2.99854297290892,3716.78603297576,0.999985183703445
"beta[56]",1.62730662632805,0.00945377930451478,0.512099060177214,0.659056339900885,1.28402316099217,1.61432126344625,1.95441549398811,2.68672973691662,2934.2494940396,0.999925074318992
"beta[57]",-0.380438131749794,0.00828854878195513,0.421041312214602,-1.26807432983226,-0.653942481473041,-0.36306656223419,-0.0900842935865924,0.386815109878382,2580.43203819106,0.999942612834479
"beta[58]",-0.027196062318957,0.00871068371510742,0.429246358281414,-0.941769842470741,-0.281559077858956,-0.00503918269794024,0.267067744951861,0.756865242648693,2428.33583622139,1.00048076338433
"beta[59]",0.213595827754817,0.0103181833614596,0.612112757953218,-1.04554985710151,-0.198203425672655,0.236077701959652,0.655950146951204,1.32271413989578,3519.30073399341,0.99993268478012
"beta[60]",-0.858592949591544,0.00790531136647344,0.448968316220159,-1.79152030175678,-1.14031447410562,-0.831980528011025,-0.548844625437505,-0.0540770925402062,3225.47312280183,1.00010573686426
"beta[61]",1.83096926236292,0.00923716922234407,0.485417073023953,0.95409440644665,1.49779796928313,1.80034736100622,2.13932217402339,2.88289276293168,2761.54608213471,1.00021999058011
"beta[62]",0.197088144491599,0.00935287718138906,0.544243399932769,-1.00539970461726,-0.136097175128609,0.235837534793465,0.57515483482799,1.1437348131731,3386.06958905502,1.00036150309286
"beta[63]",0.686724665181919,0.00664134054662608,0.360487510297475,-0.0619679292535517,0.463660548789974,0.694098013524112,0.919507081904245,1.34833384684275,2946.24558555902,1.00192960187225
"beta[64]",0.0604570468985562,0.00760427587618969,0.456311508340418,-0.896312423203125,-0.243880253927033,0.0851467151251896,0.375284553718811,0.893086670201729,3600.86728697837,0.999445886752511
"beta[65]",-1.72117607792885,0.00691119193368886,0.441926165941589,-2.62444869096443,-2.01434915800305,-1.70702732814791,-1.42379523402166,-0.887516673327082,4088.77793763293,0.99958221873487
"beta[66]",-0.280145172147182,0.00771291087129265,0.493477979391161,-1.33915360293098,-0.589421058514424,-0.247053683166191,0.0661963038130504,0.593680195467905,4093.53897797996,0.999953291769588
"beta[67]",0.68966161760385,0.00885028052507386,0.481018233534039,-0.299983782662612,0.381419630736917,0.719086090290862,0.99721756029621,1.6287419437698,2953.98989220245,1.00022836329293
"beta[68]",1.44924223137655,0.0102965914317072,0.53990257411919,0.355466857957401,1.08954578448462,1.44735938569137,1.8034398505961,2.5137725324956,2749.43739736479,1.00058183880408
"beta[69]",-0.307825188087786,0.00813766015430163,0.497592131324055,-1.36225509875205,-0.616541660207335,-0.281894188750389,0.0327006872176525,0.588370706264801,3738.93495837752,0.999732984585788
"beta[70]",-1.66795612240046,0.00992271045386493,0.621355671111818,-2.93897943815368,-2.07688174992583,-1.64485588638141,-1.24115571480184,-0.512486370440885,3921.20813952028,1.00041125734079
"beta[71]",1.97527547306108,0.00821484007371869,0.513677857918802,1.01816754934805,1.61754640401159,1.95935141811733,2.30567042165601,3.03775651900776,3910.06039598385,1.00072807053218
"beta[72]",0.537869620874728,0.00757126862467783,0.471174497993982,-0.432108594363339,0.23261228130494,0.561148632664097,0.864855047900017,1.38564338970709,3872.81046373057,1.00048313260808
"beta[73]",1.05670953666138,0.0115902802027385,0.608271319376424,-0.247371465400427,0.688472777383889,1.110595200923,1.47509455463665,2.12786782040285,2754.27187974696,1.00125265260675
"beta[74]",-0.388129937019918,0.00959500728807353,0.559032746916158,-1.57214571893647,-0.74397725148452,-0.359052502418354,0.00502984045955866,0.603634215579645,3394.56304856541,1.00057348904184
"beta[75]",0.238778173881782,0.0080253811985082,0.452408484843625,-0.667638385835563,-0.0560805989599248,0.249833999873918,0.539725261584415,1.09527919015983,3177.82620907535,0.99968178030817
"beta[76]",-1.9620851340138,0.00842730716931307,0.472298743471258,-2.94506690657525,-2.26189506890339,-1.9358748458332,-1.63934154112325,-1.14028881848631,3140.91318361063,0.999843653971544
"beta[77]",-2.16347228821213,0.00695554415061697,0.457689143489957,-3.13975366240497,-2.44612673254947,-2.13995282951454,-1.83899626247182,-1.35450888668422,4329.9112886642,0.999544482021098
"beta[78]",0.248759627533323,0.00981046890917481,0.567445885508778,-0.953919176733389,-0.110269678608312,0.281796379100844,0.651453733631923,1.26775894456943,3345.56422237648,0.999602356624051
"beta[79]",0.442971879061609,0.00840645447542523,0.423543374931979,-0.423838864929727,0.168356413544426,0.459509003575815,0.720258754621738,1.24521168231383,2538.45842519215,1.0020400964064
"beta[80]",0.525871435131074,0.00795328061600259,0.411192009768942,-0.341237526353902,0.266955525858759,0.54700757755666,0.803274750389397,1.27158514198037,2672.98623268938,1.00000220458138
"beta[81]",0.0759624232381052,0.00876264803048793,0.474336414648155,-0.983771513118998,-0.199030408721592,0.107321616254676,0.391304428537847,0.921405680007159,2930.23328789776,1.00047229554011
"beta[82]",-1.05179080786058,0.00786281703351706,0.439253574524553,-2.01956458380417,-1.32749006179647,-1.02248576357354,-0.742821620329046,-0.285988865061031,3120.85987179272,1.0004362832589
"beta[83]",0.824126265459001,0.00871028981191372,0.482010589057434,-0.193653776116354,0.513415377431538,0.849914677370974,1.14342739831026,1.74114571609039,3062.30150499464,1.00032125258752
"beta[84]",-1.35799254875766,0.00973364767682274,0.475487978991495,-2.38824426807947,-1.65809504073502,-1.32228742568416,-1.01908313891416,-0.523583943292392,2386.31537327515,1.00001859505479
"beta[85]",-2.0386358707035,0.0081344095522234,0.483996700779932,-3.06538452430162,-2.34727003456432,-2.02066426377327,-1.7040033885688,-1.15094764877278,3540.24023387616,0.999342734165264
"beta[86]",-1.57948033163447,0.00834009574140764,0.464503862891379,-2.60980585359341,-1.87189155445402,-1.5408754923686,-1.24713085052395,-0.789081333122286,3101.96281652837,1.00032842500867
"beta[87]",0.281304850064695,0.00850728811547016,0.46193706943254,-0.714885134506366,-0.00484241911915134,0.307279946727951,0.600744075742005,1.12185053695092,2948.37925707791,1.00144830907447
"beta[88]",0.097643760261571,0.0073486534230849,0.435107953853748,-0.809588121471431,-0.16891315905043,0.11147727721989,0.392998706362979,0.914224545487082,3505.73038943909,1.00082591655216
"beta[89]",-0.836364467149445,0.0113857934436612,0.592954322485653,-1.93212229779724,-1.25902418118747,-0.843134752550467,-0.413440874121687,0.286326298315878,2712.16356317585,1.00085498715414
"beta[90]",1.4259125532975,0.00846649745195938,0.449119803275146,0.590068903251706,1.1238604750664,1.40150493365388,1.70842018215157,2.34640655249725,2813.95304365654,1.00077590958855
"beta[91]",1.40326107282605,0.00899162741440355,0.489254722994684,0.405399695537905,1.10074342238214,1.40240795969978,1.71919752504613,2.37883709554914,2960.69348519462,0.999324885432353
"beta[92]",0.130165440878425,0.00781134021763703,0.465354185506441,-0.833611380447189,-0.171345552613967,0.149845280024351,0.455034502985229,0.965337508130799,3549.08288209407,1.00111235556001
"beta[93]",-1.41928178657651,0.0097805402675049,0.506259854366653,-2.44073608299444,-1.7416417106134,-1.41730688105765,-1.08271392274535,-0.427924022316171,2679.29965903676,1.00136026001851
"beta[94]",1.05967125493501,0.00818487739628207,0.402606778771773,0.235881010881092,0.795733610700681,1.06225508628337,1.31963517689421,1.86992993884216,2419.56787177774,1.00124123508532
"beta[95]",-0.896601039005948,0.00809689499708507,0.470496460119693,-1.8857296224095,-1.1923637278581,-0.864365829360631,-0.570759079556575,-0.0470223176763061,3376.56959942657,1.00001282664187
"beta[96]",0.0441272340641812,0.00822745694267762,0.480986187769515,-0.983390604402506,-0.259203848457559,0.0665596030184466,0.366567217597864,0.925851119365433,3417.70027997351,0.999600054759662
"beta[97]",0.668781650225786,0.00818376963433156,0.400834029720484,-0.159122289021992,0.411890575721235,0.678696070058137,0.930221862910335,1.45487970223713,2398.95652707566,0.999944991989527
"beta[98]",0.359281210525738,0.0072367190824687,0.388597598560296,-0.430800618115858,0.111572376687152,0.369627883848301,0.614630209964033,1.08505851494042,2883.47902199626,0.999677877375289
"beta[99]",0.698596606573602,0.0113302639503549,0.623737998918038,-0.591587483842932,0.28736130449097,0.737051069433013,1.13620189397486,1.82281006860596,3030.57021516926,1.00043689722233
"beta[100]",-0.60804211708276,0.0105326079560279,0.632080852452055,-1.91202352001205,-1.02558156288939,-0.590206008622472,-0.173872250737928,0.572431106241958,3601.41716843549,1.00000923911177
"alpha[1]",-4.63854716278687,0.025811388473623,1.22400396997532,-7.42899767941522,-5.37999527536911,-4.48750801772673,-3.7492064090939,-2.69261965609282,2248.75902037954,1.00231947791312
"alpha[2]",0.505219054881415,0.00828930197957282,0.366229676325139,-0.116818540038024,0.266935492410334,0.470719007165604,0.700796442460098,1.3291875681218,1951.96103352361,1.00147095090523
"alpha[3]",1.18644795125839,0.0177134693459756,0.770934372643748,0.111578113241091,0.684127857040513,1.04909298688828,1.50374094675556,3.1771017654529,1894.20752975124,1.00543834909337
"alpha[4]",1.9682222365771,0.0205208330201085,0.761725990888321,0.98839494333986,1.44356894114063,1.79024896628239,2.30161252101417,3.93339081149671,1377.86787879022,1.00146498622204
"alpha[5]",1.05033603775286,0.00823358180913507,0.355789142988006,0.489328649687123,0.804714743157861,1.00009640234181,1.24061539063877,1.92158143529166,1867.27280681427,1.00238334163212
"alpha[6]",1.46270756917988,0.0170334895925232,0.492443617453524,0.807879679286963,1.15897020364493,1.3655826599001,1.63873384812842,2.83190799924146,835.806543495364,1.00255594599477
"alpha[7]",0.758891482501423,0.0150782991621867,0.39845854092035,0.163113129070651,0.509056311362097,0.707935189226373,0.93181097168047,1.69707805409773,698.331398348571,1.00594460451913
"alpha[8]",-3.14487579322635,0.0229464918386225,1.15938682482032,-5.79019572801562,-3.82591588436757,-2.99541991885537,-2.28984520475276,-1.34140023563278,2552.8431110691,0.9994707177216
"alpha[9]",0.884661482758185,0.0135396741041557,0.594259122065016,0.0176251600191896,0.503062745476325,0.78533939978327,1.14609013954806,2.3564738652754,1926.3504191048,1.00004909954672
"alpha[10]",2.77613415286471,0.0256320263931627,1.06993245432769,1.31372893868977,2.00660134854847,2.54702837592054,3.32845776533989,5.31312897003741,1742.39589489738,1.00264212673508
"alpha[11]",-0.0369894190335244,0.0114729408098365,0.5004469439399,-1.0626885088422,-0.304019589086956,-0.0223516898625987,0.228145367171415,0.927926139806053,1902.68360937041,1.00223600130444
"alpha[12]",-3.58177838665077,0.0218653756665738,1.09340814452911,-6.14565874816893,-4.17463011917533,-3.37835562993457,-2.7806058505279,-2.00363655244759,2500.6374008152,1.00051761987718
"alpha[13]",-0.310583436141426,0.00901595669248863,0.41677850449828,-1.28037527962058,-0.509126742519361,-0.271399892053276,-0.0599713516920797,0.404331818249794,2136.9137328856,0.999329500697546
"alpha[14]",1.83958909947621,0.0210107262501763,0.870615964208811,0.721493363803115,1.25400342091709,1.64118847938647,2.21292005315701,4.16813974591857,1717.00327734274,1.00091731196201
"alpha[15]",-1.21923421258009,0.0127995609288895,0.521716545015469,-2.4030066760062,-1.44495318554166,-1.13939380940142,-0.879355220742747,-0.482052276639236,1661.41862630718,1.00198429965669
"alpha[16]",-0.220893511862313,0.0135884885571597,0.554974446364353,-1.39450212639971,-0.497969471069301,-0.207636429297812,0.0902758564203631,0.846356386470298,1668.02927012989,1.00145318469377
"alpha[17]",1.05408424263119,0.00608504898106926,0.235535824268373,0.643931736177855,0.889388413875522,1.03608640849528,1.19578499662468,1.56774158923559,1498.25517307491,1.00033172903605
"alpha[18]",-2.15636739523209,0.0216956572525978,0.840567555390703,-4.24349832828662,-2.59988398901489,-1.9928660423737,-1.56931399065147,-0.949564077552883,1501.06543041764,1.00250443696468
"alpha[19]",1.55396616226906,0.0126189120638023,0.481116944973669,0.893259734944434,1.24245563903563,1.4656076232699,1.7587685766679,2.80512415817831,1453.64205257545,1.00294738512628
"alpha[20]",0.50989102147711,0.0184632770366419,0.620158022269906,-0.428843750575561,0.15414255874959,0.42681204153921,0.764926207663066,2.04693456485855,1128.20276471499,1.00223622604334
"alpha[21]",-0.578302196976662,0.00768795713150331,0.333472615011133,-1.3532307523047,-0.760635036045189,-0.545408038905197,-0.355235945529622,-0.0131683959706041,1881.47496655487,1.00062050570203
"alpha[22]",-0.0046056221385357,0.00643259419177806,0.270667777160453,-0.536948334772316,-0.17090438344612,-0.00361864382302045,0.156202404987495,0.516736885460721,1770.51986634797,1.00161583485157
"alpha[23]",-3.7732803165282,0.0220032556341108,1.09941381909372,-6.38978026767851,-4.40513091291371,-3.59420951194789,-2.97944332316699,-2.14118754567166,2496.59728684248,1.00040390426845
"alpha[24]",-1.31401308816092,0.0114340718984708,0.494645515389952,-2.50267545091733,-1.56221427868195,-1.24059830624812,-0.976066409246433,-0.583048144609522,1871.4848441895,1.00362939601693
"alpha[25]",0.173453172927686,0.0056886941766653,0.269421590611841,-0.330128903714638,-0.00272329322010292,0.163498478766328,0.33316603319629,0.738116659629713,2243.05342649507,0.999777657794088
"alpha[26]",-0.342842946429842,0.00586129743485243,0.255457701745398,-0.875738389713449,-0.504620164758435,-0.329408251008567,-0.17205324523108,0.134079588148609,1899.54891039516,1.00236626282879
"alpha[27]",-0.174578452657257,0.0183871368038216,0.661595148081391,-1.46819807870992,-0.524759698203216,-0.160014905312255,0.1829795928223,1.183578657284,1294.66202220499,1.00350757867319
"alpha[28]",1.84337901906243,0.0204156590119174,0.834681565524499,0.693999155967417,1.2833104266549,1.68017441017229,2.22294059099008,3.97220029749405,1671.53254613132,1.00158812003898
"alpha[29]",0.622072021841685,0.0135779502457949,0.430668846990363,0.0102112860448681,0.357003820764846,0.567049946428491,0.799724558342,1.59264821301187,1006.04750736952,1.00451430926528
"alpha[30]",2.60910506308898,0.0232212716913168,1.14187917077162,0.929477038383141,1.78232957462026,2.41212217097613,3.25759655936099,5.36475443352755,2418.06684539426,1.00068496070253
"alpha[31]",0.539384646868428,0.0100252246111488,0.435969321835103,-0.13010835585395,0.267691587659955,0.485023104899725,0.729690041759785,1.57382614470291,1891.13980958522,0.999969066243045
"alpha[32]",-1.61642851478861,0.0111228814735953,0.394079345427164,-2.58239453701956,-1.79350264840269,-1.55857076126203,-1.36396747698158,-1.02565565853884,1255.25721851097,1.00085816794804
"alpha[33]",0.00629727493497347,0.015946231642044,0.63551243048421,-1.02255763866059,-0.329459942253384,-0.049415820258552,0.250373167593784,1.49857625163037,1588.2979020211,1.00199886883464
"alpha[34]",-4.46313030019927,0.0234842558800973,1.24063628693632,-7.3704441479791,-5.17979442430146,-4.27286844061937,-3.52875992329022,-2.61770743833307,2790.84265216801,1.00042954717802
"alpha[35]",0.379941017875151,0.0127655490514473,0.554256230497072,-0.435344047634265,0.0369032736748213,0.293438961810503,0.618935378327866,1.76882780826503,1885.13375597437,1.00119145992832
"alpha[36]",-2.10079640130092,0.0180608462304114,0.808928580242624,-4.18544756972335,-2.44707039890113,-1.93602248848957,-1.55811894334667,-0.993619720738954,2006.06115933059,1.0001460211665
"alpha[37]",0.852781513556355,0.0219328053972872,0.663307587168141,0.0444839299005131,0.440465806295375,0.703956113145347,1.07044549927069,2.61193921196202,914.621822670959,1.00542463964691
"alpha[38]",0.466780140220934,0.0221634031893572,0.813359960859949,-0.605855098163135,-0.0399881653778167,0.29397880910826,0.77790501485785,2.69608165544482,1346.76767876948,1.00120629045282
"alpha[39]",2.91345623695742,0.0280890908783978,1.3650652986824,0.997090890584123,1.88177725026934,2.68184736767066,3.69489976720167,6.16963262002794,2361.73674599056,1.00000128934287
"alpha[40]",-0.195017172627462,0.0187569591656069,0.61217595485408,-1.25598610901707,-0.506119580299079,-0.247499591494822,0.0432405207274333,1.17926802231533,1065.19144242458,1.00208429398924
"alpha[41]",1.372585778174,0.0254082053752781,1.1696255237015,-0.271693996830867,0.571834761918564,1.14034210674184,1.93194713701205,4.32516265385485,2119.07189501774,1.00016046819817
"alpha[42]",1.00655071869768,0.0281496586923872,0.981941651849206,-0.0607983637512887,0.392429122333176,0.746709384646948,1.29158461384073,3.77643871923702,1216.816520703,1.00186945187135
"alpha[43]",-0.109741665127978,0.0204012942543066,0.609793915890753,-0.862912418076785,-0.466031368947935,-0.241643788567991,0.0733989798537919,1.52310796421267,893.409845587254,1.0039062633625
"alpha[44]",-1.63254535795356,0.0206654513651906,0.915163644559046,-3.72301915423963,-2.073894347443,-1.5256645639421,-1.0924561417166,-0.102682359778129,1961.13607051393,1.00202987719707
"alpha[45]",-4.3415869947262,0.0254578848941447,1.18089550682113,-7.05755851833666,-5.04460781121178,-4.15049817189089,-3.47032134172658,-2.55177448411028,2151.68307267589,1.00015364466688
"alpha[46]",-0.553257955087187,0.0226090188450479,0.961480732706814,-2.39674655328321,-1.0500143358605,-0.611093662494648,-0.147430094411353,1.673248211008,1808.49677990329,1.00244266444362
"alpha[47]",0.0700697774160357,0.0216675658157621,0.847864801488183,-1.0532435477797,-0.417991436224951,-0.103310464384515,0.353089957398499,2.38458825124547,1531.20367785213,1.00118965946578
"alpha[48]",1.62257961128224,0.0277414939221548,1.32883563739096,-0.132737336424117,0.655828635425228,1.30274582150327,2.33041681398951,4.91022030434727,2294.47243117181,0.999618111309069
"alpha[49]",2.00143263730264,0.0323621198270809,1.4507249473348,0.070740492786477,0.887149277270131,1.69065138324244,2.86699164155864,5.38801210649042,2009.53805839675,0.999848318370974
"alpha[50]",2.61275142392836,0.0291490232044241,1.47293402857825,0.572522201448971,1.45958210268907,2.35795279050937,3.4911858050093,6.13914312746299,2553.39838470819,1.00010345341366
"alpha[51]",1.65300525415524,0.0322735977809435,1.46331516921491,-0.293249282346737,0.54160162475109,1.34196302723922,2.4822584881583,5.33027053168917,2055.80058339573,1.00017575087204
"alpha[52]",2.33904811323943,0.0322384946140463,1.51142356146883,0.07866595968504,1.18572124270415,2.14615415287709,3.22862311909833,5.80064900583459,2197.97560548279,1.00025654792863
"alpha[53]",0.774053589906299,0.0287435950094277,1.38216806023679,-1.22617933462715,-0.179899667822344,0.480837465278448,1.52578364307621,4.12671200142844,2312.27527586525,1.00102152868489
"alpha[54]",1.64211980404048,0.0312413589514935,1.51030956035824,-0.501475880750032,0.529109455069323,1.35450470595657,2.4898604654256,5.20323870742544,2337.07209286451,1.00092570050407
"alpha[55]",2.68967259748298,0.0281007088052689,1.49448999347303,0.423657460150398,1.54213400336621,2.50168014617519,3.64333621795273,6.02743954856208,2828.46932979726,1.00008196000691
"alpha[56]",-0.297271505519664,0.0161310060239632,0.708542704649046,-1.78889149669942,-0.655451651648731,-0.25860674297362,0.104117020125843,0.992268592158993,1929.34171657855,1.00137943007638
"alpha[57]",1.60804433931342,0.0319123638034021,1.51681366826288,-0.449196409443433,0.472709662261894,1.28312627316578,2.43339304006045,5.31746092876527,2259.15754693554,1.00094496908022
"alpha[58]",2.49859319376736,0.0347722347383034,1.62657611974026,0.163878815131633,1.24152102208734,2.25156671848285,3.48321350251642,6.25092254062428,2188.18269156002,1.00418767931372
"alpha[59]",0.693339367718726,0.0289829607872285,1.30091349426197,-0.976608292023579,-0.221204055085072,0.336967575561557,1.31427519891876,4.09748682443901,2014.70441771031,0.999958852551815
"alpha[60]",2.5459698265946,0.0305754789602187,1.55374519769984,0.106180073977485,1.37557575414231,2.3363129537392,3.51530755668809,6.10591471840206,2582.33784991177,1.00063334287976
"alpha[61]",1.59990431872453,0.0320928345785867,1.56843053862039,-0.514940529384612,0.404462871249842,1.26647333945236,2.48368356549812,5.41161471199536,2388.44048715593,1.00097797208464
"alpha[62]",2.01223861398034,0.0328540565558618,1.63672847563274,-0.327210333280669,0.748795886266117,1.72076486266973,3.01065997152622,5.75041194175741,2481.84854866197,1.00295222726481
"alpha[63]",2.45765390495936,0.0323905054881647,1.62683302860883,0.0216283089147224,1.21789866737028,2.22474608269217,3.45302873434124,6.14379022657829,2522.6123100361,1.00113324772357
"alpha[64]",1.55789607262168,0.0314843282212276,1.62362992159743,-0.725460030062031,0.318839636340886,1.25230386908901,2.52637204119395,5.402181640527,2659.40958720303,0.999677744330663
"alpha[65]",-2.60130709197464,0.0255298053900933,1.25052861279106,-5.37009203452178,-3.23844931723967,-2.48219365051854,-1.90471983723343,-0.221771488240167,2399.34255984157,1.00045533362023
"alpha[66]",1.21337048311082,0.0297411807076164,1.56782386107836,-1.23492101150144,0.0937630025167472,0.985319632826434,2.11256918429132,4.80803997502098,2778.93333255348,0.999266229989014
"alpha[67]",-3.68186884890207,0.0233685709497229,1.10475334397772,-6.27380540757717,-4.33213353403798,-3.50143135580283,-2.86588492779213,-2.07944715990461,2234.94242549241,1.00049155775204
"alpha[68]",-1.60459064292811,0.029915083257198,1.31052699102056,-4.43559047838446,-2.23291011844212,-1.59890680513281,-1.0098452654935,1.43653384587064,1919.16143520148,1.00005439953773
"alpha[69]",-1.8742970181695,0.0326956122507764,1.56832301749964,-5.08239975586456,-2.73379640449549,-1.9140096316788,-1.1133167274861,1.705489200129,2300.87001451297,1.00041850317207
"alpha[70]",0.362668092108759,0.0318712929742211,1.45856010464638,-1.49635957464767,-0.670016988067466,-0.0248381963408842,1.11343991102522,3.92738641832439,2094.35016609755,1.00054352371595
"alpha[71]",0.360233414869574,0.0318298503881443,1.57054462629301,-1.93902165752738,-0.769433333461145,0.0363111564269014,1.23364763090369,4.07308649567575,2434.62102279519,1.0005277685268
"alpha[72]",0.788266788205602,0.0372930038159003,1.74213287484493,-1.55244255435697,-0.498697700269984,0.373947194786837,1.793441369962,5.11141720032527,2182.266677143,0.999797288406492
"alpha[73]",0.584021385123369,0.0360497247680582,1.64396102817619,-1.53195813205475,-0.639053971233964,0.162375812517292,1.4274690036881,4.73578667405652,2079.59674591742,1.00115807391316
"alpha[74]",2.06154674115233,0.0334354550970579,1.70555054276499,-0.475998118623999,0.77190716486,1.85509879911032,3.06512362720251,6.01364377761304,2602.0444437513,1.00043353499973
"alpha[75]",0.378814621774101,0.0324816050108177,1.74978975341322,-2.432757757524,-0.834220874586567,0.0991183632830459,1.35770932957695,4.56354932957418,2901.99577841142,1.00009628784283
"alpha[76]",2.28350501418289,0.0294793483206401,1.63273675911984,-0.230035342281777,1.06138754162072,2.06049816216162,3.27337350777819,5.97489972523984,3067.58484598846,1.0008661892808
"alpha[77]",2.0146708888835,0.0286022619019545,1.69286128213763,-0.620977783790552,0.798237185461185,1.75302163478233,3.07207162798135,5.84137692876052,3503.01491490435,0.999973623383814
"alpha[78]",-1.5170539019991,0.0144528760631187,0.561843587609067,-2.85914501079731,-1.78490164694339,-1.42213997208177,-1.13698293237733,-0.712330554550761,1511.20123597239,1.00059351630853
"alpha[79]",1.60863057535758,0.0326953487058178,1.78153900907015,-1.14699226574064,0.325170133435918,1.34822497598773,2.69751585479721,5.52422673062969,2969.05829870598,1.00046364215775
"alpha[80]",-4.0392180185655,0.0254638402525216,1.20054606872136,-6.85449802178102,-4.71420814836888,-3.87198199743598,-3.18008931630064,-2.1519876424112,2222.84846795951,1.00010352089048
"gamma[1]",0.877739321922474,0.00562362096942209,0.305103583654007,0.435296892245167,0.662045182238298,0.825623969246235,1.03691465065669,1.60593323283097,2943.4897932058,1.00107720607428
"gamma[2]",1.20387403965261,0.0106413471456011,0.519474344724226,0.427115438705898,0.839259477836073,1.13102696391328,1.47732088974927,2.38032086047771,2383.06004706094,1.00102036684363
"gamma[3]",0.676104308329899,0.00675004493380928,0.379625120010043,0.17929174030201,0.404049792363219,0.602256356057237,0.864769112970387,1.60475778541337,3162.98080772065,1.00111596398518
"gamma[4]",1.42120896252479,0.0243614551382313,1.15306177349034,0.39663863123914,0.79780198271008,1.15828509801037,1.68366035685566,4.01918489440459,2240.26140948693,1.00099517290996
"gamma[5]",1.8370740059382,0.0216392179504253,1.02164332778632,0.669330470366484,1.21322690944443,1.60918680027647,2.1811729102559,4.33410388752969,2229.02779388254,1.00139041252672
"gamma[6]",2.627394056225,0.0612232141482371,2.61222922795682,0.582811688749109,1.3019531712509,1.97797656742272,3.07168684088087,8.51531946593547,1820.49846549701,1.00085827578674
"gamma[7]",1.37811136531464,0.0152989688074744,0.67294929821133,0.459882919109094,0.929112023293203,1.26575811727209,1.67578587555492,2.9559981928401,1934.81912144398,0.99997593891402
"gamma[8]",0.414026464430916,0.00289688163745928,0.158516855452477,0.179648182947023,0.298303419607405,0.389618377669358,0.503233948946163,0.793155574445819,2994.25921799646,0.999881999243446
"gamma[9]",0.868001820138977,0.0104800034975741,0.505441313989076,0.224969411399778,0.533252575548338,0.785173013223535,1.0917401157429,1.95941049940113,2326.04771872259,0.999637124489816
"gamma[10]",0.885787041897363,0.0139806411127122,0.665362851752063,0.296853150054407,0.548090388721893,0.74569775018042,1.03747784339143,2.21154293528725,2264.97245590482,1.00065721541115
"gamma[11]",0.796199550474702,0.00709908147156395,0.391400463045965,0.20177373415692,0.518194983057402,0.7466698955903,1.01007087937652,1.6899993609014,3039.75337684523,1.00086148649121
"gamma[12]",1.23283305456516,0.0121502638710209,0.617324883383322,0.496625066673336,0.83215011912321,1.09989037075027,1.47249109680892,2.71841166769217,2581.40499805768,1.00096042506382
"gamma[13]",1.00446793553392,0.00825226421278913,0.42553125286264,0.318190151793359,0.699437682074836,0.952640565037724,1.25122161668594,1.98062554710749,2658.98982510836,0.999538133572784
"gamma[14]",0.834042871498696,0.0112410285214461,0.540592098596036,0.244860686269125,0.513729182439869,0.727304675974774,1.02715163905972,2.05733158912421,2312.74253526143,1.00009318567067
"gamma[15]",1.15221189437101,0.00929157213432468,0.441011336775787,0.448271974713959,0.841861908798151,1.10144637151604,1.40740149136592,2.14409885316265,2252.79203381169,1.00011148442848
"gamma[16]",0.703784002668565,0.00680807467066105,0.306261143915794,0.195556265010811,0.483646871782394,0.671467119418064,0.88860652899971,1.37964141448525,2023.64896765557,1.00102638103443
"gamma[17]",5.18449471064171,0.0882427893988099,4.00517903950932,1.65210946757564,2.92419025582384,4.14467298090165,6.04732206710468,15.3475034561602,2060.0862979375,1.00161013321993
"gamma[18]",0.717941909299757,0.00560416810901123,0.276600814499677,0.285831548668889,0.517834499890941,0.679557114101537,0.883248477693711,1.36553104076232,2436.04103930532,1.00068460714249
"gamma[19]",2.39213799523543,0.0684693920151359,2.42085154917548,0.711999241660935,1.37832899097466,1.90829159966204,2.75534009710874,6.89458290642632,1250.09602473491,1.00203949556947
"gamma[20]",0.723096115931292,0.00647958512717881,0.33917596114714,0.19444005187985,0.475245960088625,0.683951894890712,0.924933718862736,1.47841660940001,2740.03259372503,1.00007698892263
"gamma[21]",1.31270398735272,0.0103151626957992,0.489495274437941,0.528551608039138,0.966416172109176,1.25208578166627,1.57491291987134,2.47854610932364,2251.87791924361,1.00070555552804
"gamma[22]",1.70998634804422,0.0195696924138498,0.780655105475494,0.664271416602947,1.2006259557138,1.55627540216463,2.04404481952871,3.65297232368867,1591.2939414006,1.00382099612499
"gamma[23]",0.948448875204663,0.00696019837396093,0.355697246233368,0.434685292589782,0.695291043768014,0.885502569721732,1.13698046655518,1.83324704094884,2611.66681341028,1.00103060920391
"gamma[24]",1.25148731622465,0.00927466588999884,0.489088965405795,0.48948441256903,0.901537391342025,1.19772372983803,1.51854541251453,2.4343912845039,2780.86036366776,1.00101049517007
"gamma[25]",1.73755330014423,0.0123804179594212,0.675750554097847,0.737855760681756,1.26617650149359,1.62333222317436,2.07998372975088,3.36702894735583,2979.21748226484,0.99936222795943
"gamma[26]",2.53545208172025,0.0488163342141419,1.81956731406134,0.870448363907486,1.55281082916853,2.10493358123733,2.89820669514223,6.83574811332779,1389.33163984938,1.00021136627919
"gamma[27]",0.66230754192319,0.00613785412056796,0.297870299264116,0.17926568836156,0.440631432026211,0.633133297174298,0.851228830105715,1.31210010197971,2355.16467611667,1.00135493636121
"gamma[28]",0.966274405490284,0.00878322394618935,0.509601630123313,0.329402733868768,0.638102737392564,0.871968203753331,1.19186140446431,2.15243658961463,3366.30688149885,0.999745712808136
"gamma[29]",1.78987533572867,0.0213517153483879,0.957789518813063,0.556045238216047,1.17648307919303,1.59258575387747,2.19360665162303,4.21792346051898,2012.21609486715,0.999748331436318
"gamma[30]",0.691857345166343,0.0124143670874147,0.682802243637225,0.198395035199536,0.391858974605706,0.568049917590611,0.819573608868387,1.78742482929476,3025.10680632613,1.00173388959085
"gamma[31]",2.20744860694599,0.0477722810022407,1.9147137860559,0.493203710272455,1.16228583720656,1.73825575618187,2.58695621362317,6.8428116299102,1606.40768109976,1.00205300767387
"gamma[32]",3.41874469745674,0.0586099730960076,2.82564646038424,0.939209522664002,1.86838554687951,2.64351299604263,4.00136866795178,10.6671664882017,2324.30224421346,1.00125882047663
"gamma[33]",1.08534617596109,0.012380845278245,0.642437570483824,0.212326861031459,0.638892713121892,0.974835402656201,1.38447515552682,2.67390567261798,2692.53445517142,1.00051351819299
"gamma[34]",3.40469704416052,0.0625966743471792,3.20189099596039,0.843942048634912,1.65480599979045,2.49737936162676,4.05013469328313,11.1532584621102,2616.43870310813,1.00162993796306
"gamma[35]",1.47433416222673,0.0178833183782732,0.900257584229155,0.36137382892499,0.87915935369603,1.29447267921738,1.85304612536478,3.60994809929661,2534.1794261343,1.00041473747068
"gamma[36]",1.11385582819612,0.0111561637550316,0.563763338817469,0.327176631890644,0.703748072283269,1.00685357200633,1.42628739261235,2.45055655119752,2553.66485957824,0.999979336931366
"gamma[37]",3.2756265562228,0.0882155971092606,3.5622859463542,0.631690384835493,1.49083363438811,2.41793169798714,3.89748248622335,10.7596393776419,1630.67269400045,1.00184647766297
"gamma[38]",1.17963699011147,0.0131927472122639,0.681925976564821,0.276553737034974,0.708876815978636,1.0674305902666,1.50890950187554,2.77532056466944,2671.80025351423,0.999596787557849
"gamma[39]",2.01558247135512,0.0507917066335281,2.48857540684306,0.356362192636709,0.843306505636586,1.37691249137231,2.32310977020818,7.28149519510865,2400.57897760361,1.00018332518942
"gamma[40]",2.00689546359359,0.0483111500277092,2.26440933269954,0.256609335275247,0.825575856004668,1.41358543039568,2.36882058104105,7.75079391076864,2196.92444206989,1.00037373540697
"gamma[41]",0.977573727176894,0.0172807415701634,0.932087010658369,0.197846137597337,0.492421542251336,0.760896178771493,1.17735177987313,2.87923143618019,2909.29768017167,1.00002019820737
"gamma[42]",3.2650163340032,0.057347628918007,3.09277866612453,0.531523897849645,1.40643271432644,2.38476759191256,4.0794810877255,11.2301284090016,2908.48446970171,0.999700523657014
"gamma[43]",2.36080404082532,0.0402594319539493,1.81725466022503,0.474471620492581,1.28295598603752,1.95993639918389,2.9231733825119,6.42608694844372,2037.49380425631,1.00048124060399
"gamma[44]",0.904296245658734,0.0123108356631472,0.645356589599643,0.163051955901789,0.478249899473051,0.764002438025498,1.1562951581559,2.39434170840849,2748.04873157415,1.00166964516351
"gamma[45]",1.26402721674508,0.0104480461354557,0.525702501311493,0.551613131039636,0.893143419007722,1.15900783120643,1.51937279532343,2.55203165569253,2531.68648689111,0.999905130513235
"gamma[46]",0.986011331712035,0.0299942565407336,1.21605521455065,0.127159222409181,0.394122482006283,0.713654482836319,1.20736368609505,3.34993485455557,1643.72963585121,1.00123060926976
"gamma[47]",1.45643887429926,0.0266676524040353,1.27046767155339,0.220798619760049,0.690446112174888,1.14280703363621,1.80048651901436,4.76283952434269,2269.64359836066,1.00103981026034
"gamma[48]",1.44122235444126,0.0306098528182634,1.53248982883518,0.267135995149148,0.602876195658349,1.00027502548448,1.67991335926926,5.5156799741097,2506.52891417186,1.0030886705057
"gamma[49]",1.81255791269597,0.0377333265818985,2.01756242726657,0.278571657680903,0.712042211289592,1.18468016356132,2.16512896051982,7.46230210460376,2858.93166048887,0.999539787728323
"gamma[50]",2.98892486381619,0.0519486168026393,2.71460735187954,0.640613443872096,1.41076777355175,2.17882390517597,3.52574372459019,9.96168595399145,2730.65016905624,0.999929088838427
"gamma[51]",1.59121684746566,0.040034017263426,2.03070129898234,0.237377858782447,0.625594294799184,1.03318518386501,1.84026860053668,6.19195396529233,2572.96423259615,1.00040121649544
"gamma[52]",2.20013379634673,0.0517108891298747,2.59148413085289,0.43785355331792,0.957517930564502,1.54575363571002,2.63915499102066,7.42630474209171,2511.49950610953,1.00031410612037
"gamma[53]",0.906012357012887,0.029021494817735,1.49105411350464,0.141497017749605,0.383130799894213,0.629565685369058,1.05417894132138,3.01114367028407,2639.65552054371,1.00063271860599
"gamma[54]",1.30340014913084,0.0348175019999564,1.6124885178061,0.189171028838283,0.50675225053744,0.858286433128431,1.49483724304927,5.2730590273794,2144.8555212562,1.00037764165466
"gamma[55]",2.56231548043778,0.0519013491156943,2.73382408551081,0.397681298060732,1.00171038809787,1.73830406156633,3.04678330598975,9.75136878880711,2774.49429956687,1.00022347281948
"gamma[56]",0.543316848243658,0.00551815117662243,0.277445684402171,0.136811454240676,0.341148499682953,0.500804761717531,0.698404082428379,1.19542927957333,2527.95162513785,1.00053679700697
"gamma[57]",1.74559441203698,0.0391677747972898,2.06710839102947,0.267469873662153,0.688193264139813,1.159245275533,1.97662613758493,6.82917029331168,2785.27898033726,1.0000097477717
"gamma[58]",2.45009401003591,0.0441233947426252,2.41989428849091,0.447464495255739,1.03659409560122,1.67584967413878,2.92188256868673,9.33452498171951,3007.8415331016,1.00058085917507
"gamma[59]",1.66469935560156,0.0390798744804721,1.93107579391965,0.219818568625141,0.621699037996039,1.10505448726148,1.97663719863052,6.924311518153,2441.70009265189,1.0006569810384
"gamma[60]",2.19120392484463,0.0422162655249119,2.41211641309114,0.27369599922092,0.805332736441832,1.47561187139192,2.66167026462071,8.35256299944474,3264.65206228416,0.999977499904702
"gamma[61]",2.06066482020544,0.0536523528428254,2.47341591654219,0.260641942881405,0.747488163731002,1.32255571791323,2.39463186181318,8.54712441514223,2125.28295054863,1.00181205436368
"gamma[62]",2.17401499514011,0.0481057583932147,2.55561097005138,0.309833403674529,0.791077571108896,1.43036974110964,2.57984222564189,8.79269580690693,2822.24918234603,1.00130715675067
"gamma[63]",2.29685905442876,0.0385429469598734,2.14669700107074,0.406245666879686,0.995742290391353,1.62774534809799,2.80352394829415,8.07260599838512,3102.07050531974,1.00009707033707
"gamma[64]",1.77377559586993,0.0386859671764461,1.96760120624961,0.241717819850646,0.662253020608632,1.14724017301607,2.11515978414028,7.31742787136633,2586.82614839816,0.999806615961657
"gamma[65]",0.901489108696049,0.0157452098485236,0.790666410145671,0.139809772475762,0.427355078195576,0.699731210389948,1.13605841507846,2.78921402172704,2521.67824530349,1.0001462489051
"gamma[66]",1.16982508837374,0.0275881810149589,1.50749007187078,0.149827261128864,0.43613922717283,0.753668231673885,1.32552819405715,4.86029728180793,2985.81425742564,1.00092223898549
"gamma[67]",1.1607146494876,0.0100784212881243,0.515663317690635,0.485495930455685,0.803377480631463,1.0581396627437,1.40649250402124,2.44321644910047,2617.86628673092,1.00128430874468
"gamma[68]",0.955169582037124,0.0181769832510056,0.941715263382058,0.1136816801791,0.357947818082152,0.67091515070264,1.21931545267314,3.54113465958961,2684.08092100039,0.999873185658259
"gamma[69]",0.663251609099621,0.012643508375709,0.644851900219804,0.0773800616183936,0.269461619697506,0.482744157060893,0.841651833178825,2.30857986863297,2601.26601302996,0.999229091571737
"gamma[70]",1.58311401355963,0.0332940941202463,1.84644060672853,0.17323032162985,0.540128582018662,1.02796379070693,1.90892014634253,6.41797863149501,3075.64551528557,0.999275727074026
"gamma[71]",1.14509798425658,0.0254745976823325,1.30542850918735,0.137044267371436,0.411965307140709,0.736518366839151,1.3985924978605,4.49969605176775,2625.98062870021,1.00082789443632
"gamma[72]",1.53343591485292,0.034073848905346,1.73704676874958,0.17567973544407,0.531653289922486,0.979395351461539,1.83794733775979,6.44453375890326,2598.84654796725,1.00043102999175
"gamma[73]",1.72964744200851,0.0383986704620559,1.9751930040733,0.193205183207074,0.594694141812884,1.07865216275307,2.06868089166164,7.37893057652726,2645.98088639294,1.00154127682846
"gamma[74]",2.46396551682249,0.0449336506927582,2.63658889029549,0.39923294487965,1.00270411749931,1.69328879720659,2.89965325617113,9.05932481168824,3443.03490749583,0.999937897794172
"gamma[75]",0.957184525049997,0.0277778862107047,1.29675941449657,0.113218574600866,0.336125084986798,0.589227093393702,1.0607135965369,4.35336578153105,2179.31711856075,1.00164501703283
"gamma[76]",2.60011243498218,0.0460977884828535,2.58169593728573,0.480684648222073,1.12477653276417,1.81504675541196,3.06276160783024,9.62002084155856,3136.53400955271,1.00049452849894
"gamma[77]",2.21539901352134,0.0508550159702142,2.69374077129635,0.307941649146301,0.864312046477108,1.44879079165641,2.582265378178,8.72149151556019,2805.71794065859,1.00078352954376
"gamma[78]",1.10989871947601,0.00929607211444732,0.428325360959218,0.452375042738896,0.803344574335945,1.04555497727623,1.35058608415331,2.11547386837288,2122.99323796742,0.999852111222623
"gamma[79]",1.67683417140179,0.0420949512192018,2.40898583371966,0.172837980780219,0.517307919703308,0.971746519843453,1.95206818226736,7.41878526345451,3274.97863420339,0.999315890960554
"gamma[80]",0.696981289186003,0.0047334011548424,0.244654251710837,0.333245909844417,0.517014048116285,0.657947894991444,0.835936397262086,1.2762032546997,2671.52295528025,0.999757683753572
"lp__",-2490.68433157908,0.483845371654333,14.6938840885438,-2520.90260959071,-2500.66152109684,-2490.12642119411,-2480.36989870683,-2463.78653675803,922.274152086602,0.999881799446463
