seed,param,trial,latent,predicted,stdev
49,theta,1,0.708907,0.886218,0.572576
49,theta,2,-0.787888,-0.947645,0.569778
49,theta,3,-0.494999,0.430595,0.544241
49,theta,4,0.596573,0.941577,0.670453
49,theta,5,1.026808,1.45019,0.625302
49,theta,6,1.70409,2.45322,0.740844
49,theta,7,-0.563622,-0.297736,0.538783
49,theta,8,-0.627791,-1.318345,0.644568
49,theta,9,-1.02412,-1.85931,0.620219
49,theta,10,-0.484899,-1.26223,0.645872
49,theta,11,1.538927,1.622445,0.632296
49,theta,12,0.391373,1.33998,0.626821
49,theta,13,0.042419,-0.176874,0.510244
49,theta,14,-0.022606,0.406745,0.512917
49,theta,15,-3.389061,-3.992675,0.840808
49,theta,16,-0.464837,-0.383576,0.518084
49,theta,17,-0.661354,-1.499585,0.656294
49,theta,18,-1.478841,-1.956105,0.650039
49,theta,19,-0.591853,-0.84669,0.587428
49,theta,20,0.697302,0.685372,0.578168
49,theta,21,-0.203235,0.219334,0.590464
49,theta,22,-0.059228,-0.081446,0.550346
49,theta,23,-0.250834,-0.65366,0.532149
49,theta,24,0.218905,-0.230112,0.560745
49,theta,25,-0.319568,0.035097,0.513371
49,theta,26,0.90726,0.514112,0.555818
49,theta,27,0.465951,0.706078,0.635439
49,theta,28,1.165267,1.072265,0.596385
49,theta,29,0.644338,0.94713,0.644372
49,theta,30,0.621828,0.289688,0.569733
49,theta,31,-0.425854,0.002921,0.572488
49,theta,32,-1.094339,-1.31076,0.575084
49,theta,33,-0.021763,-0.185356,0.560734
49,theta,34,1.338742,1.87171,0.626092
49,theta,35,-2.538953,-2.605965,0.728504
49,theta,36,0.41294,-0.837671,0.59496
49,theta,37,-0.16557,-0.314966,0.5183
49,theta,38,0.584377,1.954015,0.71916
49,theta,39,0.379723,1.143685,0.596967
49,theta,40,0.683345,1.80942,0.684435
49,theta,41,-0.034816,0.543914,0.619079
49,theta,42,1.485552,0.82972,0.611678
49,theta,43,0.659084,1.15244,0.678482
49,theta,44,1.71424,1.541775,0.666777
49,theta,45,-0.976333,-1.030975,0.584971
49,theta,46,-1.512555,-1.741965,0.646821
49,theta,47,-2.261362,-2.586295,0.757686
49,theta,48,0.140814,0.063718,0.551443
49,theta,49,0.166146,-0.209838,0.602381
49,theta,50,-0.008764,-1.311305,0.589052
49,theta,51,-2.275772,-1.99008,0.670275
49,theta,52,-0.593323,-0.820332,0.599407
49,theta,53,-0.559839,-1.03616,0.717097
49,theta,54,-0.23781,-0.092997,0.531535
49,theta,55,0.642685,1.466095,0.603523
49,theta,56,-0.613569,-0.691658,0.496648
49,theta,57,-0.746684,-1.639425,0.686809
49,theta,58,0.246653,0.432931,0.611384
49,theta,59,-0.089282,0.778286,0.599882
49,theta,60,0.145705,-0.193884,0.584196
49,theta,61,0.031884,0.023968,0.58293
49,theta,62,-0.161032,-0.451714,0.542832
49,theta,63,1.260568,1.561805,0.617739
49,theta,64,-0.005421,-0.036685,0.479319
49,theta,65,0.301076,0.247217,0.539673
49,theta,66,0.955758,0.593316,0.545549
49,theta,67,-0.937722,-1.57806,0.611563
49,theta,68,0.269139,-0.356304,0.46719
49,theta,69,-1.444223,-1.9173,0.657362
49,theta,70,0.717809,0.768003,0.614464
49,theta,71,0.817779,1.286765,0.638249
49,theta,72,-1.446139,-1.510265,0.567235
49,theta,73,-1.682904,-1.91587,0.680841
49,theta,74,-1.350655,-1.850805,0.630544
49,theta,75,-0.20979,-0.459776,0.542745
49,theta,76,-0.135575,-0.560575,0.597495
49,theta,77,-1.534707,-1.592845,0.631903
49,theta,78,-0.406017,0.07155,0.499332
49,theta,79,0.083971,0.224702,0.541042
49,theta,80,0.243446,0.203754,0.53824
49,theta,81,0.890469,1.150725,0.580282
49,theta,82,0.287741,-0.451514,0.57909
49,theta,83,-1.467352,-2.09052,0.649527
49,theta,84,0.666548,0.930934,0.610713
49,theta,85,1.826422,1.695135,0.657763
49,theta,86,0.203102,0.073018,0.623947
49,theta,87,1.392536,1.643255,0.653899
49,theta,88,-0.436591,-1.11253,0.559199
49,theta,89,1.370215,2.46459,0.757939
49,theta,90,-0.866957,-0.67111,0.548864
49,theta,91,0.380786,-0.086082,0.602201
49,theta,92,0.304582,0.841756,0.566696
49,theta,93,0.516293,0.646047,0.565942
49,theta,94,-1.236446,-1.33859,0.604744
49,theta,95,0.720332,0.613364,0.572735
49,theta,96,-1.151201,-1.579625,0.613708
49,theta,97,-2.120479,-2.57012,0.712994
49,theta,98,-0.159,0.016974,0.527091
49,theta,99,-0.929824,-1.033185,0.62211
49,theta,100,0.342912,-0.128598,0.505854
49,theta,101,0.665769,-0.035924,0.577305
49,theta,102,-0.189575,-1.123335,0.581871
49,theta,103,0.831984,1.2492,0.639046
49,theta,104,1.559015,1.84654,0.726017
49,theta,105,-0.055376,-0.139193,0.582612
49,theta,106,1.05092,0.560571,0.581705
49,theta,107,0.874996,0.384132,0.659434
49,theta,108,-0.972803,-1.51857,0.601991
49,theta,109,0.417464,0.944201,0.64229
49,theta,110,1.733966,1.847075,0.690842
49,theta,111,1.43509,1.552325,0.705906
49,theta,112,0.578288,1.26408,0.666167
49,theta,113,1.870426,2.482235,0.735477
49,theta,114,-0.802465,-0.914742,0.599969
49,theta,115,-0.106107,0.499144,0.536378
49,theta,116,0.83925,0.549451,0.575593
49,theta,117,1.622873,1.469225,0.686628
49,theta,118,0.627649,0.683163,0.500962
49,theta,119,0.960514,1.835665,0.659554
49,theta,120,-1.29059,-0.989324,0.581971
49,theta,121,-0.124736,-0.930394,0.547164
49,theta,122,-1.964634,-2.630175,0.720668
49,theta,123,0.39717,-0.199553,0.542716
49,theta,124,-0.772822,-0.540109,0.542455
49,theta,125,-0.320648,-0.106962,0.518053
49,theta,126,1.579718,1.66056,0.68275
49,theta,127,1.851361,1.818125,0.676616
49,theta,128,-0.22091,-0.928065,0.51697
49,theta,129,-0.055446,0.255254,0.508495
49,theta,130,-1.508296,-2.488335,0.727097
49,theta,131,-0.619603,-0.495058,0.553007
49,theta,132,0.016294,1.260115,0.673264
49,theta,133,0.930401,0.789872,0.622031
49,theta,134,0.152937,0.171543,0.521242
49,theta,135,1.749497,1.92068,0.693023
49,theta,136,-0.085748,-0.385164,0.532104
49,theta,137,-0.093156,-0.539913,0.54422
49,theta,138,0.805914,1.31798,0.646063
49,theta,139,-1.50375,-2.52608,0.728485
49,theta,140,-1.109398,-2.16659,0.683999
49,theta,141,-0.353839,-0.573693,0.646883
49,theta,142,0.321914,0.207984,0.573727
49,theta,143,-0.607498,-0.960104,0.583544
49,theta,144,0.731895,0.85284,0.593082
49,theta,145,1.158571,1.623565,0.628249
49,theta,146,0.059558,-0.3344,0.563833
49,theta,147,0.076029,-0.266258,0.555776
49,theta,148,-0.201553,0.066657,0.537695
49,theta,149,2.361249,2.375175,0.70393
49,theta,150,-0.137351,0.196714,0.561495
49,theta,151,-0.793305,-1.377805,0.567926
49,theta,152,-1.468563,-1.47615,0.626114
49,theta,153,-0.368822,-0.404002,0.559395
49,theta,154,1.884484,3.244205,0.790319
49,theta,155,-1.368383,-0.848621,0.596191
49,theta,156,-1.497787,-1.55237,0.611779
49,theta,157,-0.099025,0.393312,0.57369
49,theta,158,-0.406748,-0.568321,0.578717
49,theta,159,-0.120672,-0.071807,0.583422
49,theta,160,0.718001,0.391718,0.504479
49,theta,161,-0.279437,-0.259124,0.601742
49,theta,162,-1.510761,-1.36378,0.5866
49,theta,163,-0.618636,-0.792156,0.619342
49,theta,164,0.296344,0.643844,0.597713
49,theta,165,-0.03333,-0.347958,0.541236
49,theta,166,1.474372,1.634875,0.626428
49,theta,167,0.581627,0.653741,0.541562
49,theta,168,-0.704015,-1.83571,0.649044
49,theta,169,0.996584,0.78827,0.627637
49,theta,170,1.169531,0.453134,0.581407
49,theta,171,0.151177,0.519895,0.544666
49,theta,172,0.293655,1.354565,0.686941
49,theta,173,0.428541,0.494352,0.618975
49,theta,174,-0.558338,-0.001696,0.490438
49,theta,175,0.08518,-0.2643,0.529549
49,theta,176,0.5154,0.248751,0.622895
49,theta,177,0.362594,1.945465,0.688477
49,theta,178,-0.019361,-0.112709,0.605128
49,theta,179,0.442159,-0.342636,0.54249
49,theta,180,0.133074,0.312836,0.531499
49,theta,181,-1.632771,-1.4803,0.681003
49,theta,182,1.267717,1.52225,0.621874
49,theta,183,0.169871,-0.534964,0.531393
49,theta,184,1.398927,2.63725,0.737091
49,theta,185,-0.827927,-1.160405,0.594789
49,theta,186,0.746977,1.75288,0.625567
49,theta,187,-1.440752,-1.57175,0.638204
49,theta,188,-0.250934,-0.429217,0.559564
49,theta,189,-0.734418,-2.381255,0.730886
49,theta,190,0.806143,0.718172,0.564479
49,theta,191,1.74419,1.240025,0.616188
49,theta,192,0.798938,1.719915,0.706377
49,theta,193,0.640485,1.049315,0.615292
49,theta,194,1.152416,0.662666,0.573912
49,theta,195,0.580721,1.135095,0.627139
49,theta,196,1.127836,0.657008,0.586542
49,theta,197,-0.833693,-0.740563,0.616672
49,theta,198,0.359297,0.085366,0.531971
49,theta,199,0.084237,0.10552,0.506755
49,theta,200,-1.172144,-2.2481,0.677988
49,theta,201,0.052722,0.361584,0.481538
49,theta,202,1.53358,2.309645,0.767329
49,theta,203,-0.927496,-1.475785,0.591715
49,theta,204,-0.763242,-1.636475,0.614196
49,theta,205,-0.275428,-0.736278,0.576052
49,theta,206,-1.155981,-1.06697,0.604778
49,theta,207,1.934441,1.832715,0.664569
49,theta,208,-0.61928,-0.756016,0.534792
49,theta,209,1.174544,1.853855,0.644121
49,theta,210,-0.69879,-0.804928,0.629793
49,theta,211,0.576126,0.716713,0.612351
49,theta,212,0.583561,0.351646,0.592732
49,theta,213,-0.463298,-0.655232,0.536253
49,theta,214,-0.76995,-0.696138,0.565668
49,theta,215,0.825444,1.46865,0.61077
49,theta,216,-0.32641,-1.503545,0.663513
49,theta,217,0.454355,1.01027,0.592221
49,theta,218,-0.492214,-0.288758,0.515255
49,theta,219,0.075188,-0.28935,0.473223
49,theta,220,-0.084365,-0.249349,0.505302
49,theta,221,-0.80545,-0.738202,0.595212
49,theta,222,-0.543242,-0.52053,0.622916
49,theta,223,0.114043,-0.657268,0.479694
49,theta,224,-0.232902,-0.218197,0.534315
49,theta,225,0.244263,0.039092,0.536643
49,theta,226,0.768214,1.6697,0.669511
49,theta,227,-0.947062,-2.205525,0.667426
49,theta,228,1.110962,2.387655,0.762376
49,theta,229,-0.722729,-0.571007,0.5533
49,theta,230,-0.31938,-0.405251,0.662912
49,theta,231,0.178037,0.10445,0.662627
49,theta,232,1.153818,1.04891,0.671988
49,theta,233,-1.281102,-1.81722,0.586702
49,theta,234,-1.12142,-1.126495,0.532923
49,theta,235,1.310557,1.56367,0.633182
49,theta,236,-0.228868,-0.748548,0.485326
49,theta,237,-0.985463,-1.55313,0.668804
49,theta,238,0.267955,0.261063,0.563583
49,theta,239,-0.79581,-0.960834,0.576068
49,theta,240,-0.893108,-1.6515,0.605126
49,theta,241,1.529229,1.24059,0.606563
49,theta,242,1.000553,0.605203,0.549997
49,theta,243,-0.897302,-0.935314,0.540415
49,theta,244,-1.538456,-0.883286,0.591727
49,theta,245,-1.940276,-1.52041,0.624949
49,theta,246,0.174055,1.293115,0.645246
49,theta,247,1.928944,1.150375,0.650445
49,theta,248,-0.285085,-0.964358,0.621579
49,theta,249,0.725234,1.282455,0.677481
49,theta,250,-0.600777,-0.557038,0.578932
49,theta,251,0.596418,0.074724,0.553108
49,theta,252,-1.587927,-1.23433,0.532442
49,theta,253,-0.500086,-1.458285,0.61494
49,theta,254,0.535852,0.238634,0.573149
49,theta,255,-0.076477,0.02883,0.548911
49,theta,256,0.799679,1.268295,0.61365
49,theta,257,1.361335,2.277555,0.677821
49,theta,258,0.117086,0.529834,0.615628
49,theta,259,0.47096,0.967335,0.557736
49,theta,260,0.933856,1.047995,0.562246
49,theta,261,-1.325188,-1.220335,0.59645
49,theta,262,1.10953,0.941694,0.609546
49,theta,263,0.284938,0.546554,0.605354
49,theta,264,-0.350975,-1.449755,0.566037
49,theta,265,0.14751,0.646389,0.573418
49,theta,266,-0.72825,-1.853105,0.687243
49,theta,267,0.189515,0.247559,0.548619
49,theta,268,-0.494944,-1.395795,0.627009
49,theta,269,-0.784605,-2.37312,0.702943
49,theta,270,0.417383,0.67729,0.560607
49,theta,271,-0.780075,-1.230785,0.661412
49,theta,272,2.642067,2.1797,0.706654
49,theta,273,0.347269,0.76402,0.595569
49,theta,274,0.865454,0.508274,0.557237
49,theta,275,-1.448497,-1.64772,0.620762
49,theta,276,0.56899,0.977227,0.582499
49,theta,277,1.223503,1.698125,0.700079
49,theta,278,2.275945,2.09226,0.706564
49,theta,279,-0.500029,-0.632114,0.584199
49,theta,280,1.330676,1.639335,0.624595
49,theta,281,-0.245635,-0.789058,0.601257
49,theta,282,0.408235,0.670385,0.554944
49,theta,283,1.826089,2.24315,0.712155
49,theta,284,0.462928,0.955045,0.649165
49,theta,285,2.388932,2.14664,0.686959
49,theta,286,-1.368622,-2.238825,0.718821
49,theta,287,-0.846441,-1.655305,0.666839
49,theta,288,0.775873,1.373585,0.7088
49,theta,289,-1.181343,-0.545822,0.528991
49,theta,290,0.815807,-0.170517,0.565685
49,theta,291,0.217862,0.269656,0.505533
49,theta,292,-0.821785,-1.17641,0.59106
49,theta,293,-0.342517,-0.30241,0.621839
49,theta,294,1.082109,1.49701,0.620812
49,theta,295,0.68201,0.533246,0.569344
49,theta,296,-0.895181,-0.836972,0.552885
49,theta,297,0.989413,1.91336,0.699674
49,theta,298,2.465672,2.98695,0.760343
49,theta,299,-1.540936,-1.79483,0.659352
49,theta,300,0.003982,-0.571748,0.463903
49,theta,301,2.03298,2.03768,0.698184
49,theta,302,-1.558216,-1.789685,0.615586
49,theta,303,0.010371,-0.128682,0.577223
49,theta,304,0.299958,0.687645,0.587169
49,theta,305,-0.396629,-1.326495,0.574246
49,theta,306,0.451024,1.228,0.668413
49,theta,307,1.148436,1.264525,0.643731
49,theta,308,0.112796,0.529314,0.604411
49,theta,309,-0.383197,-0.788866,0.592679
49,theta,310,0.392466,1.36206,0.611199
49,theta,311,-1.23859,-1.84216,0.649961
49,theta,312,-2.203791,-2.39254,0.702067
49,theta,313,-1.088101,-1.592995,0.592546
49,theta,314,0.259434,0.023911,0.634724
49,theta,315,-2.093001,-2.201845,0.695021
49,theta,316,-0.757971,-0.543708,0.485329
49,theta,317,0.210565,0.46293,0.517537
49,theta,318,-0.790823,-1.210655,0.620271
49,theta,319,-0.24804,-0.335214,0.668589
49,theta,320,-0.37712,-0.179209,0.496205
49,theta,321,0.549634,1.145685,0.634963
49,theta,322,0.335763,0.73642,0.628125
49,theta,323,-0.942731,-1.844295,0.659982
49,theta,324,-1.517027,-1.75349,0.632823
49,theta,325,0.332983,0.458264,0.532448
49,theta,326,-0.219721,-0.672468,0.466182
49,theta,327,-1.16766,-1.27652,0.574314
49,theta,328,-0.493824,-0.503681,0.471076
49,theta,329,0.638916,0.367231,0.616239
49,theta,330,0.881288,1.10172,0.561876
49,theta,331,0.448296,0.252161,0.567901
49,theta,332,1.356811,1.812425,0.667722
49,theta,333,-1.809754,-2.32665,0.696656
49,theta,334,-1.320965,-0.95184,0.570345
49,theta,335,0.437961,0.638568,0.570417
49,theta,336,-0.050757,0.04964,0.531106
49,theta,337,1.947733,2.72351,0.771108
49,theta,338,-0.785552,-0.69917,0.505353
49,theta,339,0.36833,-0.906171,0.591771
49,theta,340,-0.651707,-0.551822,0.542206
49,theta,341,0.369537,-0.01026,0.488314
49,theta,342,-0.466723,-2.07065,0.722739
49,theta,343,-0.169248,0.116443,0.535563
49,theta,344,1.635747,2.502405,0.72215
49,theta,345,-0.833602,-0.913848,0.560835
49,theta,346,1.18566,1.501285,0.670339
49,theta,347,-0.608893,-1.45115,0.563332
49,theta,348,-0.706021,-1.57489,0.644231
49,theta,349,-1.253995,-1.625455,0.605025
49,theta,350,-1.610071,-1.17495,0.553179
49,theta,351,-1.139863,-1.95262,0.66358
49,theta,352,0.306568,0.199648,0.555916
49,theta,353,0.601026,0.820172,0.57182
49,theta,354,0.077519,-0.056168,0.524258
49,theta,355,-0.079276,-0.732122,0.495639
49,theta,356,1.864528,3.190975,0.795918
49,theta,357,0.131863,0.090096,0.539027
49,theta,358,0.255955,0.104334,0.555105
49,theta,359,-1.050746,-1.156,0.662888
49,theta,360,-0.208799,0.138374,0.596252
49,theta,361,-0.980569,-2.120445,0.638994
49,theta,362,-0.331872,-0.901134,0.671256
49,theta,363,-0.973843,-0.470556,0.659539
49,theta,364,-1.552993,-1.04938,0.533361
49,theta,365,-2.033593,-3.389885,0.801828
49,theta,366,0.135282,0.029409,0.555309
49,theta,367,-1.793321,-1.13866,0.580702
49,theta,368,0.596786,0.498026,0.558805
49,theta,369,1.529183,2.370325,0.734642
49,theta,370,-0.620393,-0.507062,0.61153
49,theta,371,0.237001,-0.653017,0.497774
49,theta,372,-0.165902,-1.528485,0.637999
49,theta,373,0.831945,1.143835,0.637373
49,theta,374,-0.065964,0.127422,0.576756
49,theta,375,-2.396205,-2.650195,0.76469
49,theta,376,-1.331497,-2.183205,0.687723
49,theta,377,0.236599,1.7598,0.675413
49,theta,378,0.940565,1.09164,0.64994
49,theta,379,1.297818,1.94958,0.703651
49,theta,380,0.749863,0.96205,0.603547
49,theta,381,-1.251951,-1.02518,0.656938
49,theta,382,-0.157477,-0.146463,0.591802
49,theta,383,-0.175646,0.098584,0.541316
49,theta,384,-0.486906,-1.02401,0.567629
49,theta,385,1.084097,1.63422,0.681002
49,theta,386,0.579399,-0.00162,0.556276
49,theta,387,-0.013843,0.00685,0.612037
49,theta,388,0.012803,1.089045,0.671535
49,theta,389,1.273137,1.2143,0.571359
49,theta,390,-2.460491,-2.537095,0.693785
49,theta,391,0.385721,1.47411,0.62079
49,theta,392,1.688012,1.36599,0.64236
49,theta,393,-0.692538,-0.545178,0.533144
49,theta,394,0.367911,0.891538,0.593734
49,theta,395,0.345884,-0.110708,0.628306
49,theta,396,-0.320452,0.063118,0.537777
49,theta,397,0.304878,0.525146,0.568627
49,theta,398,0.525733,-0.248184,0.537996
49,theta,399,-0.565965,-0.431128,0.592843
49,theta,400,0.90142,0.723405,0.597365
49,theta,401,-1.846708,-2.373205,0.66653
49,theta,402,0.96779,1.403065,0.628662
49,theta,403,1.516586,0.656398,0.556951
49,theta,404,-0.125284,1.223855,0.683092
49,theta,405,-1.388338,-1.60607,0.544087
49,theta,406,0.580929,-0.25203,0.496837
49,theta,407,-0.128285,-0.272592,0.525997
49,theta,408,-1.438527,-1.676925,0.652256
49,theta,409,0.424106,0.350654,0.570991
49,theta,410,-1.283805,-1.381395,0.58663
49,theta,411,0.223695,-0.358666,0.545799
49,theta,412,-0.860005,0.727866,0.630131
49,theta,413,0.858272,1.08732,0.596393
49,theta,414,-1.166189,-1.702905,0.6521
49,theta,415,-0.557453,-0.384896,0.584725
49,theta,416,-0.237627,0.098634,0.564539
49,theta,417,-0.954405,-1.108365,0.602859
49,theta,418,1.01585,1.26558,0.643942
49,theta,419,0.207208,0.276101,0.530575
49,theta,420,0.33292,0.106462,0.514729
49,theta,421,1.473503,2.43437,0.726901
49,theta,422,-1.107517,-0.48854,0.605489
49,theta,423,1.088466,0.966172,0.643233
49,theta,424,-2.287528,-2.471505,0.699111
49,theta,425,0.080586,0.0369,0.547617
49,theta,426,-1.276803,-1.348255,0.662906
49,theta,427,0.580405,0.581994,0.539303
49,theta,428,0.341483,0.621405,0.583755
49,theta,429,1.475808,1.716,0.691201
49,theta,430,-0.492818,-1.149315,0.588504
49,theta,431,1.465138,1.513935,0.598279
49,theta,432,-0.541846,-0.871442,0.515079
49,theta,433,-1.516897,-1.38384,0.646282
49,theta,434,0.840069,1.10507,0.589005
49,theta,435,-0.0107,-0.19659,0.563979
49,theta,436,-1.568897,-2.04396,0.654027
49,theta,437,-0.574549,-0.198258,0.516038
49,theta,438,0.341493,0.023857,0.571573
49,theta,439,1.201956,0.819616,0.559305
49,theta,440,1.868117,2.205835,0.717449
49,theta,441,0.042092,0.33684,0.626282
49,theta,442,-0.81364,-1.99301,0.654725
49,theta,443,-0.086874,-0.826431,0.639507
49,theta,444,-1.560714,-1.59519,0.621958
49,theta,445,-0.963444,-1.62342,0.65652
49,theta,446,0.639276,1.02116,0.587323
49,theta,447,1.119335,2.26902,0.725067
49,theta,448,-0.827074,-0.099946,0.624888
49,theta,449,-0.197481,-0.06717,0.577829
49,theta,450,0.464692,0.894312,0.657484
49,theta,451,0.33652,0.268227,0.513062
49,theta,452,0.34509,0.221548,0.528001
49,theta,453,-0.083177,-0.207944,0.57824
49,theta,454,1.282567,1.08424,0.659386
49,theta,455,-0.18642,-0.628358,0.549245
49,theta,456,0.2728,0.008279,0.495324
49,theta,457,1.661954,1.666265,0.646116
49,theta,458,-0.686645,-1.599805,0.590108
49,theta,459,0.249321,1.370335,0.625677
49,theta,460,-0.4877,0.002159,0.58421
49,theta,461,0.417814,0.738193,0.517147
49,theta,462,-1.223977,-1.31549,0.652746
49,theta,463,0.475387,0.531406,0.503876
49,theta,464,-0.050585,-0.160718,0.482293
49,theta,465,1.080847,1.300465,0.629826
49,theta,466,-0.044931,0.128208,0.57507
49,theta,467,1.50714,1.71645,0.659337
49,theta,468,0.30635,0.068346,0.506348
49,theta,469,-0.578788,-2.392645,0.678233
49,theta,470,0.710456,1.42663,0.621431
49,theta,471,-0.968143,-0.922226,0.577053
49,theta,472,-1.418954,-3.04739,0.752503
49,theta,473,0.021722,-0.091888,0.50499
49,theta,474,0.972984,0.472857,0.585756
49,theta,475,0.754828,1.042125,0.558544
49,theta,476,1.175278,1.367505,0.623568
49,theta,477,1.354751,0.332842,0.509972
49,theta,478,-0.220068,-0.733054,0.560917
49,theta,479,0.617972,0.943523,0.582957
49,theta,480,-0.80876,-1.955225,0.688973
49,theta,481,0.731524,1.13684,0.578663
49,theta,482,-0.360394,-0.668573,0.5525
49,theta,483,0.359734,0.784122,0.620924
49,theta,484,0.661735,0.122029,0.536783
49,theta,485,0.568221,1.157645,0.631261
49,theta,486,-0.358867,0.328246,0.572001
49,theta,487,1.329261,1.475095,0.668886
49,theta,488,2.213332,3.266435,0.788831
49,theta,489,0.490678,0.778314,0.540352
49,theta,490,-0.062912,0.414334,0.543975
49,theta,491,-0.525063,-0.802996,0.578012
49,theta,492,0.592204,0.931918,0.597411
49,theta,493,0.209788,-0.257675,0.472145
49,theta,494,-0.870829,-1.225815,0.64984
49,theta,495,1.960518,2.98636,0.768087
49,theta,496,-1.052591,-0.949162,0.626531
49,theta,497,-0.300161,-0.365352,0.570338
49,theta,498,2.281695,2.72225,0.778289
49,theta,499,-0.633005,-1.43998,0.582929
49,theta,500,-0.641945,-1.148465,0.614005
49,theta,501,-1.02122,0.037328,0.58278
49,theta,502,-1.185554,-1.59326,0.637084
49,theta,503,0.644669,1.31441,0.650029
49,theta,504,1.315972,2.05605,0.680975
49,theta,505,1.364482,1.396035,0.680113
49,theta,506,0.99543,1.82423,0.651126
49,theta,507,1.002768,0.604295,0.511658
49,theta,508,0.365622,0.46624,0.51165
49,theta,509,-0.418083,-0.339682,0.485348
49,theta,510,-1.659776,-1.730455,0.601674
49,theta,511,-0.791275,-0.971213,0.581036
49,theta,512,0.724488,1.258665,0.661444
49,theta,513,0.624975,-0.138008,0.664822
49,theta,514,0.097075,0.101174,0.622535
49,theta,515,-0.154704,-0.40348,0.51129
49,theta,516,0.430933,0.255968,0.566498
49,theta,517,0.553424,0.620777,0.645593
49,theta,518,-1.13918,-0.725032,0.541153
49,theta,519,1.045391,1.33795,0.595548
49,theta,520,0.773516,0.32171,0.470078
49,theta,521,0.256743,0.82401,0.589163
49,theta,522,-0.266613,0.443317,0.540418
49,theta,523,0.467683,0.28049,0.563787
49,theta,524,-1.251153,-1.75227,0.613479
49,theta,525,0.539041,0.784612,0.529578
49,theta,526,0.756883,0.934962,0.599494
49,theta,527,-0.052948,0.211229,0.521721
49,theta,528,0.000338,0.501578,0.622419
49,theta,529,-0.584371,-0.679808,0.579947
49,theta,530,0.577398,1.117905,0.605907
49,theta,531,0.721398,1.61477,0.666943
49,theta,532,0.588465,0.263068,0.526759
49,theta,533,-0.046495,-0.382828,0.516312
49,theta,534,0.987197,0.976741,0.590144
49,theta,535,-0.448613,-0.654087,0.533348
49,theta,536,-0.37651,0.274184,0.580115
49,theta,537,0.441539,-0.02693,0.509278
49,theta,538,0.791405,0.986816,0.558551
49,theta,539,1.298298,2.34852,0.728195
49,theta,540,1.102732,1.47031,0.596918
49,theta,541,-0.421234,0.217389,0.585286
49,theta,542,-2.253527,-2.69815,0.709691
49,theta,543,-0.911944,-0.885952,0.540214
49,theta,544,-0.161596,0.108039,0.54194
49,theta,545,-0.722434,0.027393,0.584801
49,theta,546,1.086682,0.727076,0.609056
49,theta,547,0.544476,0.377398,0.588806
49,theta,548,2.036587,2.751375,0.786034
49,theta,549,-0.665739,-0.0859,0.55423
49,theta,550,0.824245,1.297955,0.615667
49,theta,551,-1.014441,-2.49515,0.720829
49,theta,552,0.489946,1.26415,0.625572
49,theta,553,1.828628,2.267755,0.721145
49,theta,554,1.736591,2.15475,0.714503
49,theta,555,-2.48991,-2.168295,0.644369
49,theta,556,0.253027,0.524045,0.660485
49,theta,557,-1.320071,-1.73853,0.624618
49,theta,558,-2.126291,-3.264625,0.797975
49,theta,559,0.969422,1.791605,0.666144
49,theta,560,-0.248936,0.228628,0.547214
49,theta,561,0.215558,0.598342,0.608482
49,theta,562,1.596157,2.313935,0.759824
49,theta,563,-0.912887,-1.268915,0.608907
49,theta,564,-1.032412,-1.5117,0.555636
49,theta,565,0.180165,-0.294626,0.614094
49,theta,566,0.206873,-0.24097,0.606102
49,theta,567,0.504898,1.714195,0.706627
49,theta,568,1.291342,1.388395,0.637071
49,theta,569,0.395409,1.250435,0.651452
49,theta,570,-0.47017,-0.844764,0.62328
49,theta,571,-0.448673,-0.343336,0.549363
49,theta,572,-0.405292,-0.181882,0.584169
49,theta,573,-0.059118,-0.268497,0.50678
49,theta,574,-0.171634,-0.913655,0.597136
49,theta,575,-1.603288,-1.607785,0.576137
49,theta,576,-0.221346,-0.207282,0.537699
49,theta,577,2.686145,3.13517,0.789211
49,theta,578,1.254861,1.472655,0.658567
49,theta,579,1.665504,1.997945,0.701501
49,theta,580,-1.257846,-1.145845,0.597199
49,theta,581,1.448493,1.981965,0.706921
49,theta,582,0.877251,1.280095,0.64091
49,theta,583,-0.363873,-0.817842,0.572089
49,theta,584,0.240243,0.241694,0.44162
49,theta,585,0.269933,-0.378749,0.548321
49,theta,586,-1.009267,-2.08064,0.635963
49,theta,587,0.401076,0.457514,0.532046
49,theta,588,-0.559623,-1.21668,0.604811
49,theta,589,0.661704,0.742534,0.616329
49,theta,590,0.885209,1.215375,0.614086
49,theta,591,-0.091435,-0.020392,0.711438
49,theta,592,1.164844,1.07095,0.637039
49,theta,593,-0.67911,-1.29285,0.571709
49,theta,594,-0.349917,0.049749,0.580987
49,theta,595,-2.352408,-1.551685,0.618282
49,theta,596,-0.527676,-0.460548,0.550918
49,theta,597,-0.73456,-0.310736,0.605451
49,theta,598,1.762305,0.719041,0.594382
49,theta,599,0.733588,1.039035,0.566191
49,theta,600,0.711266,-0.018438,0.570309
49,theta,601,-1.117017,-1.23109,0.64448
49,theta,602,0.051561,0.532072,0.527258
49,theta,603,0.47717,1.20776,0.63302
49,theta,604,0.475567,0.403598,0.562481
49,theta,605,-0.803534,-1.89242,0.644618
49,theta,606,-0.994809,0.21323,0.544646
49,theta,607,-1.759713,-2.79961,0.771897
49,theta,608,1.661685,1.06868,0.664452
49,theta,609,0.293002,1.111655,0.629223
49,theta,610,-0.619069,-0.233431,0.470453
49,theta,611,0.395034,-0.127329,0.48986
49,theta,612,-1.711404,-1.48763,0.640273
49,theta,613,-0.190944,-0.438468,0.502611
49,theta,614,-0.527923,-1.642155,0.630009
49,theta,615,-1.189921,-1.68087,0.636711
49,theta,616,0.201443,0.76567,0.5756
49,theta,617,0.525502,0.557564,0.60004
49,theta,618,-0.826178,-0.283766,0.646128
49,theta,619,1.268153,1.41383,0.631314
49,theta,620,0.831992,0.830153,0.609559
49,theta,621,1.815329,2.59927,0.738274
49,theta,622,1.507528,1.990555,0.714485
49,theta,623,-0.815796,-1.139855,0.638282
49,theta,624,1.179333,1.21215,0.612387
49,theta,625,-0.670998,-0.731883,0.578506
49,theta,626,0.012701,0.716222,0.631315
49,theta,627,-0.006104,0.306276,0.5401
49,theta,628,-0.023157,-0.139892,0.548415
49,theta,629,0.305946,0.226691,0.525568
49,theta,630,-0.285311,-0.188895,0.627705
49,theta,631,-0.240997,0.041144,0.619779
49,theta,632,1.392754,2.138375,0.683151
49,theta,633,1.163541,0.95698,0.581372
49,theta,634,1.116704,0.980348,0.585496
49,theta,635,0.680631,0.702836,0.637611
49,theta,636,-0.349764,0.031021,0.545764
49,theta,637,1.96778,1.58311,0.671164
49,theta,638,-0.352643,-0.039929,0.608476
49,theta,639,-0.326113,-1.26584,0.664204
49,theta,640,-0.411377,-0.21158,0.560373
49,theta,641,-0.460053,0.022554,0.584131
49,theta,642,0.21274,-0.13473,0.525896
49,theta,643,-1.415182,-1.12437,0.599457
49,theta,644,-1.003997,-1.4129,0.670158
49,theta,645,1.267656,2.062395,0.75009
49,theta,646,-0.024253,0.967599,0.649769
49,theta,647,-1.807583,-2.90651,0.777108
49,theta,648,-0.505451,-0.406592,0.63543
49,theta,649,-0.471227,-0.779492,0.546005
49,theta,650,0.089401,-0.148534,0.52382
49,theta,651,-0.233031,0.100592,0.57701
49,theta,652,-0.794188,-1.39699,0.564391
49,theta,653,0.548563,0.298231,0.497789
49,theta,654,-0.737873,-1.49964,0.599807
49,theta,655,-1.025134,-0.655796,0.544542
49,theta,656,0.312038,0.714311,0.631065
49,theta,657,-0.127959,0.193026,0.537028
49,theta,658,0.745555,1.513235,0.686221
49,theta,659,1.381902,1.5706,0.643082
49,theta,660,0.289529,-0.063559,0.522994
49,theta,661,-0.525641,-1.490655,0.665377
49,theta,662,-0.475361,-0.836493,0.665033
49,theta,663,1.110863,2.124845,0.70572
49,theta,664,1.40358,1.60611,0.662602
49,theta,665,0.244957,1.192065,0.636165
49,theta,666,-0.260642,-0.321178,0.493331
49,theta,667,1.480158,1.91226,0.670095
49,theta,668,-0.149685,-0.530796,0.623971
49,theta,669,-0.408392,-0.343989,0.534054
49,theta,670,-0.046029,-0.613964,0.566339
49,theta,671,0.230723,0.783642,0.570395
49,theta,672,0.77921,1.5413,0.649165
49,theta,673,-1.6286,-1.563105,0.621793
49,theta,674,-1.035123,-1.874375,0.641458
49,theta,675,0.463824,0.852731,0.619234
49,theta,676,0.081982,0.519168,0.61468
49,theta,677,1.112437,1.520765,0.615886
49,theta,678,0.403962,0.538592,0.59491
49,theta,679,-0.562517,-1.15804,0.544729
49,theta,680,0.837364,0.467729,0.61414
49,theta,681,-1.07896,-1.96171,0.666182
49,theta,682,1.737691,2.088045,0.75318
49,theta,683,-0.815823,-1.74029,0.645428
49,theta,684,-0.388283,-1.38272,0.602817
49,theta,685,-1.310535,-2.098655,0.662356
49,theta,686,0.417933,0.820074,0.594954
49,theta,687,0.814661,0.780428,0.600483
49,theta,688,-0.059209,0.493957,0.574349
49,theta,689,1.398289,0.938986,0.600538
49,theta,690,1.023142,0.817728,0.608734
49,theta,691,1.354416,1.960715,0.712599
49,theta,692,-0.891245,0.157604,0.555337
49,theta,693,1.880515,1.695675,0.651986
49,theta,694,-0.365503,0.189526,0.49551
49,theta,695,-0.276493,-0.310426,0.579252
49,theta,696,-0.603521,-1.111665,0.548121
49,theta,697,-0.298302,-0.376542,0.625693
49,theta,698,0.889594,1.070745,0.620683
49,theta,699,-0.303399,-0.235373,0.51144
49,theta,700,1.276518,1.439935,0.678396
49,theta,701,-0.15075,-0.340521,0.559151
49,theta,702,0.265533,0.281632,0.519699
49,theta,703,0.720048,-0.057325,0.658954
49,theta,704,1.068791,1.748345,0.662671
49,theta,705,-0.365222,-0.281116,0.520155
49,theta,706,-0.657525,-0.501701,0.492898
49,theta,707,-0.93283,-0.61674,0.591703
49,theta,708,-0.39276,-0.213654,0.528184
49,theta,709,-0.815605,-1.169355,0.597224
49,theta,710,-1.450259,-1.61496,0.634766
49,theta,711,-0.094615,-0.046794,0.575658
49,theta,712,0.472114,1.542935,0.66856
49,theta,713,1.424177,1.73987,0.720261
49,theta,714,-0.225911,-0.860573,0.567987
49,theta,715,-0.262497,0.122241,0.53456
49,theta,716,0.188716,0.998162,0.611531
49,theta,717,1.427502,1.640095,0.713407
49,theta,718,0.272603,-0.067264,0.511871
49,theta,719,0.918568,0.755769,0.628739
49,theta,720,0.969319,0.98829,0.593919
49,theta,721,-0.585302,-1.17794,0.540955
49,theta,722,-0.370696,-0.572426,0.623328
49,theta,723,0.51395,0.716786,0.617235
49,theta,724,0.508358,0.085418,0.653065
49,theta,725,1.766292,2.016135,0.740995
49,theta,726,0.059113,0.458294,0.59793
49,theta,727,-0.030482,0.418258,0.5318
49,theta,728,-0.769302,-1.35969,0.606904
49,theta,729,-0.805567,-0.439596,0.559393
49,theta,730,-0.177567,-0.284632,0.586438
49,theta,731,0.610866,-0.313047,0.647674
49,theta,732,-1.421587,-2.34132,0.661871
49,theta,733,0.018225,0.007391,0.577233
49,theta,734,1.724168,2.21097,0.700237
49,theta,735,0.144254,-0.516415,0.670242
49,theta,736,0.175918,0.169189,0.587406
49,theta,737,-0.258012,-0.551997,0.608939
49,theta,738,0.366694,0.674275,0.545863
49,theta,739,0.370915,0.382397,0.544625
49,theta,740,-1.484826,-1.7369,0.628873
49,theta,741,1.847124,1.106435,0.6488
49,theta,742,-0.975892,-0.444106,0.557437
49,theta,743,-1.069369,-1.02858,0.555118
49,theta,744,0.183705,0.550737,0.669768
49,theta,745,-1.396073,-1.70625,0.654723
49,theta,746,1.231088,0.46997,0.587254
49,theta,747,-0.983479,-1.63302,0.57423
49,theta,748,1.704756,0.726821,0.634873
49,theta,749,0.753671,0.94701,0.588083
49,theta,750,-0.609224,-0.769079,0.613232
49,theta,751,-0.133203,-0.444038,0.531985
49,theta,752,-0.957627,-0.882069,0.587789
49,theta,753,-1.46018,-1.546135,0.646006
49,theta,754,-0.588505,-1.534995,0.62784
49,theta,755,0.58674,0.768928,0.58004
49,theta,756,-0.481061,-0.04502,0.493271
49,theta,757,-0.546364,-1.48309,0.631502
49,theta,758,-0.558937,-1.406755,0.614041
49,theta,759,3.003179,2.64913,0.713606
49,theta,760,0.194511,0.219356,0.637657
49,theta,761,-1.095094,-1.0221,0.511288
49,theta,762,-1.72184,-1.74795,0.682133
49,theta,763,0.302409,-0.288973,0.534508
49,theta,764,-0.162752,-0.353831,0.574158
49,theta,765,0.356896,-0.110526,0.561812
49,theta,766,0.598011,0.677268,0.579932
49,theta,767,1.558421,1.45412,0.618276
49,theta,768,-0.930577,-1.14815,0.500958
49,theta,769,0.427793,0.713288,0.619943
49,theta,770,1.330078,1.49949,0.636871
49,theta,771,-0.062698,-1.81318,0.676273
49,theta,772,0.685161,0.997614,0.59415
49,theta,773,0.280714,0.74659,0.573641
49,theta,774,-0.181497,0.2075,0.621523
49,theta,775,2.12281,2.120455,0.728202
49,theta,776,0.712407,0.349553,0.628909
49,theta,777,0.414413,0.347363,0.583216
49,theta,778,0.813916,1.08316,0.639261
49,theta,779,0.092679,-0.500017,0.542244
49,theta,780,-0.210542,-0.70372,0.506278
49,theta,781,0.654292,0.817992,0.654533
49,theta,782,-0.476865,-0.520931,0.512543
49,theta,783,0.462808,-0.141323,0.594961
49,theta,784,0.227139,0.229632,0.577702
49,theta,785,0.66353,0.620213,0.571392
49,theta,786,-0.568167,-0.874191,0.568213
49,theta,787,0.507569,0.331345,0.549637
49,theta,788,1.54145,2.22412,0.694384
49,theta,789,-0.53755,-0.832199,0.470057
49,theta,790,0.334977,1.351015,0.651864
49,theta,791,-2.495665,-3.072355,0.772283
49,theta,792,-0.710138,-1.718185,0.633259
49,theta,793,1.322747,1.29691,0.641285
49,theta,794,-0.263524,-0.365996,0.550713
49,theta,795,-1.569133,-2.70079,0.702699
49,theta,796,0.076233,0.538429,0.54962
49,theta,797,-0.483244,-1.65823,0.64591
49,theta,798,-0.173182,-0.952858,0.689901
49,theta,799,-0.948069,-1.825995,0.666739
49,theta,800,-0.880363,-0.6797,0.549475
49,theta,801,-0.527357,-0.976229,0.555529
49,theta,802,-0.693033,-1.134205,0.53097
49,theta,803,0.058439,0.082749,0.588247
49,theta,804,0.363073,0.431088,0.567538
49,theta,805,-1.223423,-1.327775,0.632506
49,theta,806,-1.163477,-1.77528,0.678779
49,theta,807,1.171443,0.40465,0.586301
49,theta,808,-0.05976,1.017375,0.66227
49,theta,809,-1.028789,-0.415874,0.515015
49,theta,810,1.133084,0.08363,0.624503
49,theta,811,1.478461,1.57931,0.65705
49,theta,812,-0.653643,-1.20951,0.568137
49,theta,813,-1.688046,-2.352355,0.715889
49,theta,814,-0.996048,-1.81277,0.65534
49,theta,815,-0.520207,-0.939719,0.573644
49,theta,816,0.98904,0.976326,0.609416
49,theta,817,0.976349,0.62774,0.649928
49,theta,818,-0.660014,-0.056421,0.584908
49,theta,819,1.314728,2.440085,0.750558
49,theta,820,1.350676,1.189235,0.622021
49,theta,821,1.308705,0.32928,0.610877
49,theta,822,0.907121,0.118968,0.567462
49,theta,823,0.481481,0.344602,0.510442
49,theta,824,0.065646,0.195847,0.529518
49,theta,825,0.060791,-0.26372,0.564897
49,theta,826,0.543143,1.987055,0.687076
49,theta,827,-0.288978,-0.641797,0.555246
49,theta,828,0.042761,-0.56549,0.574886
49,theta,829,1.16734,1.04151,0.588505
49,theta,830,-0.345835,0.075715,0.503394
49,theta,831,0.058982,-0.504631,0.524705
49,theta,832,0.819012,1.390825,0.64195
49,theta,833,0.336112,1.126125,0.628706
49,theta,834,-0.378399,0.278004,0.562507
49,theta,835,-2.146759,-2.35974,0.661965
49,theta,836,1.425298,0.831371,0.616314
49,theta,837,0.826465,1.492665,0.643976
49,theta,838,-1.573534,-1.115245,0.580413
49,theta,839,0.239033,0.686705,0.631276
49,theta,840,0.232271,-0.539086,0.530325
49,theta,841,0.243193,-0.257981,0.475717
49,theta,842,-0.320765,-1.04871,0.638574
49,theta,843,-0.599598,-0.558252,0.597118
49,theta,844,-0.601474,-2.145225,0.660907
49,theta,845,0.321128,0.25535,0.51766
49,theta,846,1.696109,1.58675,0.612641
49,theta,847,0.472145,0.250648,0.59212
49,theta,848,0.810327,0.27432,0.525618
49,theta,849,-0.688126,-1.16332,0.519828
49,theta,850,0.42496,0.243524,0.522597
49,theta,851,-1.177834,-2.19962,0.662793
49,theta,852,0.137772,0.498666,0.579649
49,theta,853,0.21259,-0.770746,0.521118
49,theta,854,-0.317015,-1.21722,0.579575
49,theta,855,1.180803,1.71131,0.674766
49,theta,856,0.00161,-0.520496,0.563616
49,theta,857,0.813673,0.322784,0.521767
49,theta,858,1.26278,1.622495,0.712016
49,theta,859,0.601899,0.015465,0.573609
49,theta,860,-1.064847,-1.613375,0.632368
49,theta,861,-0.348759,-0.58639,0.595024
49,theta,862,0.230404,0.623456,0.588588
49,theta,863,-0.716187,-0.529994,0.561043
49,theta,864,1.973992,2.64863,0.699098
49,theta,865,0.457463,-0.1749,0.525106
49,theta,866,-1.95547,-2.044045,0.625892
49,theta,867,-0.332476,-0.079688,0.499728
49,theta,868,-1.394397,-1.519815,0.610886
49,theta,869,0.834565,1.277625,0.673984
49,theta,870,-0.319124,0.065026,0.562845
49,theta,871,1.669037,1.77037,0.682464
49,theta,872,-0.6884,-1.60959,0.624112
49,theta,873,0.596666,1.53377,0.690757
49,theta,874,1.423308,1.9436,0.668875
49,theta,875,1.423911,2.327545,0.709465
49,theta,876,2.104874,2.28608,0.714521
49,theta,877,1.148284,1.749415,0.667548
49,theta,878,-0.929114,-1.016045,0.632456
49,theta,879,-0.449862,-0.409397,0.490758
49,theta,880,0.139775,0.821919,0.631634
49,theta,881,-0.325144,-0.024211,0.477828
49,theta,882,-0.114112,0.432643,0.559101
49,theta,883,1.216941,1.31153,0.609755
49,theta,884,-0.384526,-0.623742,0.497862
49,theta,885,1.414285,0.680182,0.542804
49,theta,886,-1.480403,-1.52223,0.553807
49,theta,887,-0.018473,-0.141054,0.651266
49,theta,888,-0.212299,-0.528373,0.474181
49,theta,889,0.090463,0.39714,0.638955
49,theta,890,-0.043052,-1.453085,0.655827
49,theta,891,-0.334034,-0.818538,0.625431
49,theta,892,0.337302,-0.00733,0.555998
49,theta,893,0.596642,0.733652,0.61356
49,theta,894,-1.638738,-2.82139,0.721042
49,theta,895,-0.663841,-0.085281,0.486899
49,theta,896,-1.375134,-1.6912,0.579996
49,theta,897,1.251624,1.286775,0.700054
49,theta,898,-0.749791,-0.13878,0.61165
49,theta,899,-0.239102,0.197376,0.523177
49,theta,900,1.456095,1.145315,0.603553
49,theta,901,1.076683,0.113881,0.622666
49,theta,902,0.052547,-0.5317,0.523917
49,theta,903,-1.826763,-2.74576,0.688783
49,theta,904,0.550515,0.876964,0.629905
49,theta,905,-0.280347,-0.280699,0.509099
49,theta,906,-0.723944,-1.654365,0.62921
49,theta,907,0.497891,1.510855,0.650995
49,theta,908,0.049719,0.464864,0.570633
49,theta,909,-0.856657,-1.36513,0.674746
49,theta,910,-0.477887,0.243392,0.546009
49,theta,911,0.929644,0.80849,0.707181
49,theta,912,-2.334321,-2.392195,0.679833
49,theta,913,0.202113,-0.33152,0.563843
49,theta,914,1.120489,1.979405,0.696647
49,theta,915,-3.332384,-3.37667,0.815936
49,theta,916,0.474613,0.849007,0.610833
49,theta,917,0.596006,-0.582547,0.62732
49,theta,918,0.5671,0.862461,0.612811
49,theta,919,1.833976,2.202165,0.695765
49,theta,920,1.648743,2.575105,0.745572
49,theta,921,-0.841779,-1.479605,0.628737
49,theta,922,0.361604,0.34812,0.585978
49,theta,923,0.585506,0.477341,0.543069
49,theta,924,-0.864687,-1.50309,0.617204
49,theta,925,0.252874,0.13071,0.557237
49,theta,926,0.703812,0.801403,0.630383
49,theta,927,-1.698751,-2.52098,0.707822
49,theta,928,-0.343138,-0.065002,0.513478
49,theta,929,-0.850742,-0.826234,0.559891
49,theta,930,0.397051,-0.011923,0.594724
49,theta,931,-0.903227,-1.207185,0.576878
49,theta,932,0.506269,1.075065,0.613258
49,theta,933,-0.548802,-1.384935,0.597257
49,theta,934,1.409442,2.03415,0.670145
49,theta,935,0.333726,0.715304,0.600399
49,theta,936,-1.424976,-1.424155,0.629044
49,theta,937,-0.426243,-1.512975,0.635242
49,theta,938,-0.244187,-0.377291,0.588579
49,theta,939,-0.471824,0.419026,0.56544
49,theta,940,-1.106546,-1.87292,0.65352
49,theta,941,-0.2045,-0.94652,0.628159
49,theta,942,-0.912321,-0.545539,0.591369
49,theta,943,1.431923,2.409885,0.749202
49,theta,944,0.148797,-0.694127,0.520479
49,theta,945,-0.652343,-0.841554,0.529203
49,theta,946,-0.210189,-0.470655,0.477431
49,theta,947,0.236212,0.65688,0.601546
49,theta,948,-0.126371,-0.024974,0.574606
49,theta,949,1.090559,0.934054,0.59243
49,theta,950,0.887915,1.375645,0.663817
49,theta,951,0.032272,-0.941212,0.63929
49,theta,952,0.421416,0.996077,0.642018
49,theta,953,0.849929,1.345245,0.700851
49,theta,954,-0.436525,-0.246366,0.61826
49,theta,955,-0.077914,-0.10776,0.564459
49,theta,956,-0.655091,-0.551676,0.668478
49,theta,957,0.348931,0.38936,0.532471
49,theta,958,-0.862349,-2.09054,0.660135
49,theta,959,-0.292984,0.73245,0.596942
49,theta,960,-0.373168,-0.977974,0.612616
49,theta,961,0.606024,0.54784,0.642754
49,theta,962,0.326475,-0.709394,0.612125
49,theta,963,0.232265,0.099466,0.558409
49,theta,964,2.94408,3.92904,0.849361
49,theta,965,0.113104,-0.718237,0.61349
49,theta,966,-0.507301,-0.691831,0.545129
49,theta,967,1.334185,1.358705,0.634877
49,theta,968,1.118546,1.03024,0.612279
49,theta,969,-1.311885,-1.614455,0.662164
49,theta,970,-0.64093,-1.44939,0.663756
49,theta,971,-1.145315,-1.646135,0.652451
49,theta,972,0.876956,0.13964,0.550753
49,theta,973,-0.644742,-0.986891,0.585378
49,theta,974,0.073439,-0.266059,0.504233
49,theta,975,-0.304147,-0.762241,0.592875
49,theta,976,0.623023,0.241852,0.493315
49,theta,977,-0.55957,-1.408995,0.604212
49,theta,978,0.146229,-0.132614,0.628877
49,theta,979,0.67367,1.029835,0.582448
49,theta,980,-0.091629,0.473643,0.560605
49,theta,981,-1.301307,-1.954705,0.64111
49,theta,982,0.285954,0.331052,0.555759
49,theta,983,-1.333998,-2.622075,0.760632
49,theta,984,2.21566,1.98913,0.7373
49,theta,985,-0.488602,-1.41292,0.642696
49,theta,986,-0.905125,-2.02504,0.642119
49,theta,987,-0.799998,-1.059025,0.552751
49,theta,988,-0.694753,-1.66577,0.670095
49,theta,989,1.474195,1.59506,0.703121
49,theta,990,0.035732,-0.67815,0.511504
49,theta,991,-0.144852,-0.84185,0.616004
49,theta,992,0.193525,-0.146016,0.599959
49,theta,993,-0.433047,-0.212802,0.534385
49,theta,994,-0.808963,0.000887,0.625241
49,theta,995,0.584675,1.25167,0.596048
49,theta,996,-0.408788,-0.663692,0.59505
49,theta,997,1.982001,2.026685,0.706156
49,theta,998,-0.137233,-0.73159,0.477539
49,theta,999,0.329829,0.625552,0.55477
49,theta,1000,0.290043,0.250438,0.563268
49,theta,1001,0.816204,2.244755,0.736072
49,theta,1002,0.438274,0.39067,0.598162
49,theta,1003,0.399285,0.270343,0.56853
49,theta,1004,-0.588434,-0.122454,0.52912
49,theta,1005,0.315151,1.34527,0.615747
49,theta,1006,-2.630412,-2.54206,0.727519
49,theta,1007,0.092385,-0.143496,0.563012
49,theta,1008,0.198148,-0.022341,0.597305
49,theta,1009,0.164834,0.11426,0.482957
49,theta,1010,-0.285494,-0.470799,0.547747
49,theta,1011,1.379958,2.119135,0.712212
49,theta,1012,-1.082983,-2.037815,0.620718
49,theta,1013,-0.016029,0.442418,0.542749
49,theta,1014,-0.706907,-1.24366,0.627778
49,theta,1015,-1.07986,-1.90704,0.689479
49,theta,1016,0.30665,0.667094,0.578146
49,theta,1017,-0.686154,-1.085565,0.533656
49,theta,1018,-1.521134,-1.61474,0.692282
49,theta,1019,0.150157,0.70455,0.572043
49,theta,1020,1.245735,2.228305,0.713719
49,theta,1021,-0.681359,-1.40424,0.624661
49,theta,1022,-0.890774,-1.69231,0.615087
49,theta,1023,0.476782,1.241205,0.64514
49,theta,1024,0.907305,0.160456,0.481155
49,theta,1025,-1.86796,-1.507615,0.661273
49,theta,1026,0.770778,0.32454,0.580423
49,theta,1027,-0.700788,-1.24853,0.571081
49,theta,1028,0.633497,0.351001,0.580754
49,theta,1029,0.653839,0.36302,0.615642
49,theta,1030,-1.471577,-2.248655,0.684861
49,theta,1031,-0.622589,-0.715802,0.593298
49,theta,1032,0.548356,1.627235,0.674833
49,theta,1033,1.892126,2.19645,0.709615
49,theta,1034,-0.047519,-0.177885,0.607719
49,theta,1035,-0.848806,0.23568,0.614696
49,theta,1036,-0.723318,-1.328285,0.512986
49,theta,1037,-0.119672,-0.064654,0.533929
49,theta,1038,0.644928,1.57219,0.679856
49,theta,1039,2.426977,2.88817,0.765367
49,theta,1040,-0.583979,-0.169016,0.477922
49,theta,1041,0.682936,1.094125,0.63051
49,theta,1042,-0.987866,-1.52799,0.639986
49,theta,1043,1.117702,1.632265,0.672638
49,theta,1044,0.139927,0.398506,0.572342
49,theta,1045,0.149967,0.507066,0.554642
49,theta,1046,-1.00569,-1.492685,0.674023
49,theta,1047,-0.082004,0.281998,0.581762
49,theta,1048,-1.127213,-2.451275,0.712506
49,theta,1049,1.196954,0.867442,0.616123
49,theta,1050,-0.990401,-0.699969,0.59932
49,theta,1051,0.197279,0.106117,0.567169
49,theta,1052,-0.996392,-1.695355,0.640732
49,theta,1053,0.154377,0.85403,0.573946
49,theta,1054,0.320549,1.0483,0.651211
49,theta,1055,0.388083,0.28145,0.606623
49,theta,1056,-0.951532,-0.998928,0.56963
49,theta,1057,-1.38705,-2.617375,0.730818
49,theta,1058,0.188064,0.416972,0.589142
49,theta,1059,-0.395804,-1.034465,0.658188
49,theta,1060,0.106798,-0.75344,0.581055
49,theta,1061,1.001879,0.821554,0.607084
49,theta,1062,-0.253508,-0.84915,0.600864
49,theta,1063,2.062315,1.1487,0.662179
49,theta,1064,0.260406,0.682788,0.597322
49,theta,1065,-0.687661,-0.686997,0.482043
49,theta,1066,-0.601804,-1.20918,0.604841
49,theta,1067,-1.294884,-1.37305,0.589787
49,theta,1068,-0.104328,-0.450553,0.511961
49,theta,1069,0.2365,1.45767,0.673039
49,theta,1070,0.205106,-0.848996,0.570767
49,theta,1071,-1.490509,-2.176675,0.654946
49,theta,1072,0.737547,1.212195,0.638437
49,theta,1073,1.082193,1.672925,0.71716
49,theta,1074,1.426438,1.907575,0.690015
49,theta,1075,-0.117076,-0.734674,0.590576
49,theta,1076,-0.329666,-0.41994,0.555155
49,theta,1077,-0.645381,-1.68987,0.57582
49,theta,1078,0.654338,0.519862,0.568267
49,theta,1079,-0.621989,-1.41194,0.633943
49,theta,1080,0.399973,-0.254744,0.555881
49,theta,1081,-1.245009,-1.71902,0.658619
49,theta,1082,-0.110778,-1.023175,0.544451
49,theta,1083,-0.718304,-0.5548,0.612986
49,theta,1084,-0.459376,-0.626848,0.474753
49,theta,1085,0.763741,0.391055,0.626161
49,theta,1086,-1.659152,-2.497175,0.703127
49,theta,1087,0.080311,0.055144,0.468124
49,theta,1088,0.191152,0.168692,0.488396
49,theta,1089,0.275795,-0.37724,0.649395
49,theta,1090,0.305034,0.731155,0.556758
49,theta,1091,-0.367416,0.217151,0.533228
49,theta,1092,0.271278,0.158753,0.558788
49,theta,1093,0.526104,0.10656,0.549674
49,theta,1094,-0.359887,-1.177385,0.545335
49,theta,1095,0.398612,0.263132,0.588821
49,theta,1096,0.16889,0.318294,0.551759
49,theta,1097,-0.531311,-0.589859,0.523159
49,theta,1098,1.563335,1.313965,0.636521
49,theta,1099,1.878012,1.91644,0.691653
49,theta,1100,0.465157,0.70419,0.599599
49,theta,1101,0.229358,-0.343307,0.599033
49,theta,1102,1.355674,1.512005,0.67293
49,theta,1103,1.114421,1.21908,0.622339
49,theta,1104,0.400558,1.578975,0.648285
49,theta,1105,0.388205,0.53303,0.534631
49,theta,1106,-0.318531,-1.193445,0.589989
49,theta,1107,0.446301,1.206725,0.619384
49,theta,1108,1.548831,2.10286,0.743325
49,theta,1109,0.389848,0.20833,0.516603
49,theta,1110,0.291939,0.897442,0.580299
49,theta,1111,0.799462,1.52413,0.665862
49,theta,1112,-1.857656,-2.63482,0.706915
49,theta,1113,-0.013468,0.18296,0.559434
49,theta,1114,0.811733,1.1729,0.674463
49,theta,1115,0.924902,1.348375,0.643853
49,theta,1116,-0.025449,-0.902256,0.522666
49,theta,1117,-0.589503,-0.745828,0.556211
49,theta,1118,-1.018974,-0.531059,0.584472
49,theta,1119,0.174043,0.725056,0.618283
49,theta,1120,-0.05956,-0.160054,0.486928
49,theta,1121,-0.974872,-0.690785,0.577511
49,theta,1122,1.056007,1.671015,0.655395
49,theta,1123,0.811214,0.257964,0.609058
49,theta,1124,-1.164221,-1.792185,0.667834
49,theta,1125,1.860744,3.07385,0.799107
49,theta,1126,-0.369603,-1.041455,0.578788
49,theta,1127,0.185967,-0.398428,0.536161
49,theta,1128,-0.369255,-0.914983,0.59526
49,theta,1129,0.431115,0.529159,0.589639
49,theta,1130,0.863122,1.480465,0.671071
49,theta,1131,-2.266323,-2.59208,0.694543
49,theta,1132,-0.828821,-0.901924,0.594839
49,theta,1133,-1.002369,-0.684484,0.589559
49,theta,1134,1.986493,2.321995,0.694492
49,theta,1135,-0.997444,-0.893068,0.627194
49,theta,1136,-0.440377,-0.742742,0.572489
49,theta,1137,-0.475358,-1.42472,0.637382
49,theta,1138,-0.052804,0.016138,0.504376
49,theta,1139,1.030153,1.02658,0.630364
49,theta,1140,-0.259132,-0.871951,0.452344
49,theta,1141,-1.614061,-2.024405,0.636975
49,theta,1142,0.756388,0.330884,0.528566
49,theta,1143,-0.201562,0.057159,0.461212
49,theta,1144,0.770556,1.29699,0.617411
49,theta,1145,-1.202533,-1.48846,0.576379
49,theta,1146,-1.961241,-1.431855,0.6187
49,theta,1147,0.652,1.49009,0.651314
49,theta,1148,0.804662,1.66276,0.67497
49,theta,1149,-0.282964,-0.093086,0.506901
49,theta,1150,-0.171668,0.23536,0.526817
49,theta,1151,-0.483174,-1.10977,0.62371
49,theta,1152,1.003379,1.4437,0.634318
49,theta,1153,-1.413103,-1.110895,0.578273
49,theta,1154,0.481727,0.633585,0.619258
49,theta,1155,0.792766,1.419955,0.735145
49,theta,1156,-0.932752,-1.961675,0.643992
49,theta,1157,0.943565,1.36178,0.681187
49,theta,1158,0.268469,0.324278,0.620064
49,theta,1159,0.488775,0.156328,0.590106
49,theta,1160,-1.010481,-1.651125,0.65968
49,theta,1161,0.336423,-0.189764,0.523831
49,theta,1162,-0.251921,-0.393174,0.464115
49,theta,1163,-0.114413,-0.29953,0.581929
49,theta,1164,0.185426,0.609244,0.594676
49,theta,1165,0.185995,-0.308946,0.55849
49,theta,1166,-1.081135,-1.749115,0.688729
49,theta,1167,-1.221225,-1.29192,0.584849
49,theta,1168,1.309882,0.9324,0.606517
49,theta,1169,1.744899,1.26899,0.630464
49,theta,1170,-1.209129,-1.032395,0.55219
49,theta,1171,-0.466352,-0.516086,0.540246
49,theta,1172,1.674157,1.792385,0.696471
49,theta,1173,1.18214,1.18979,0.618466
49,theta,1174,-1.260101,-2.57446,0.715519
49,theta,1175,-0.42411,-0.830106,0.498682
49,theta,1176,0.626379,0.899004,0.634466
49,theta,1177,1.050898,1.469915,0.636483
49,theta,1178,0.152733,0.891747,0.705574
49,theta,1179,0.336207,0.007481,0.550752
49,theta,1180,0.101941,0.253801,0.533636
49,theta,1181,0.241671,-0.650074,0.59115
49,theta,1182,1.517157,1.75294,0.704641
49,theta,1183,-0.819033,-1.662265,0.657902
49,theta,1184,0.294869,0.194922,0.613361
49,theta,1185,0.130816,0.175818,0.616901
49,theta,1186,0.392411,0.515985,0.613119
49,theta,1187,-0.23573,-0.804048,0.632031
49,theta,1188,0.73754,0.613888,0.614155
49,theta,1189,0.327521,-0.432385,0.512399
49,theta,1190,0.350409,1.45624,0.679659
49,theta,1191,-1.992006,-2.424485,0.698197
49,theta,1192,-0.130771,0.153025,0.594735
49,theta,1193,-0.922408,-1.300935,0.559222
49,theta,1194,-1.277299,-1.54891,0.57778
49,theta,1195,-1.138422,-1.946715,0.624057
49,theta,1196,0.068077,0.084644,0.622768
49,theta,1197,0.968661,1.63759,0.628891
49,theta,1198,0.136014,0.625397,0.560134
49,theta,1199,0.706213,0.371801,0.597122
49,theta,1200,0.264203,0.235154,0.503226
49,theta,1201,0.783033,1.002995,0.618635
49,theta,1202,-0.723408,-1.20253,0.591654
49,theta,1203,1.941455,2.15843,0.742298
49,theta,1204,-0.583099,-0.928633,0.58628
49,theta,1205,-0.487359,0.763562,0.620779
49,theta,1206,-1.00115,-1.053795,0.625567
49,theta,1207,-0.407221,-0.030988,0.491634
49,theta,1208,0.138321,1.40824,0.621294
49,theta,1209,-1.111417,-1.583425,0.600091
49,theta,1210,0.413197,0.592841,0.510173
49,theta,1211,-0.465726,-1.30026,0.681232
49,theta,1212,-0.075118,-0.777032,0.640397
49,theta,1213,-0.221781,-0.304911,0.478056
49,theta,1214,-0.769731,-0.752611,0.511025
49,theta,1215,1.07955,0.7304,0.636759
49,theta,1216,0.085084,-0.233905,0.498783
49,theta,1217,-1.630074,-2.25828,0.701278
49,theta,1218,0.728327,1.037065,0.640607
49,theta,1219,-1.37635,-1.44821,0.612373
49,theta,1220,0.856289,0.062389,0.635407
49,theta,1221,1.00203,1.14906,0.64103
49,theta,1222,0.945754,0.995415,0.621925
49,theta,1223,0.19997,0.617302,0.637598
49,theta,1224,1.654985,0.815268,0.633555
49,theta,1225,0.23105,0.262386,0.523555
49,theta,1226,-0.772813,-0.40116,0.570226
49,theta,1227,-0.829969,-0.400402,0.63103
49,theta,1228,-1.659965,-1.65941,0.62445
49,theta,1229,-0.195926,0.077971,0.54541
49,theta,1230,1.01828,1.85863,0.721533
49,theta,1231,-0.277568,-0.936079,0.619216
49,theta,1232,-0.253504,-0.563119,0.516983
49,theta,1233,0.935082,0.943571,0.610687
49,theta,1234,0.988809,2.12578,0.677607
49,theta,1235,0.81028,0.292758,0.53214
49,theta,1236,1.417885,2.52041,0.715248
49,theta,1237,-0.318971,-0.668934,0.63064
49,theta,1238,0.251777,1.449375,0.681528
49,theta,1239,1.394424,2.07483,0.752096
49,theta,1240,0.985821,-0.11036,0.507112
49,theta,1241,-0.717914,-1.73221,0.647319
49,theta,1242,0.472378,0.996007,0.543001
49,theta,1243,0.079166,0.007742,0.517599
49,theta,1244,1.174792,2.20744,0.746212
49,theta,1245,-0.514784,-2.08948,0.647435
49,theta,1246,-1.157109,-1.59518,0.614958
49,theta,1247,-0.396655,-0.311016,0.561077
49,theta,1248,0.394433,-0.075848,0.438956
49,theta,1249,-1.339458,-1.285375,0.624525
49,theta,1250,-0.499626,-0.261626,0.606332
49,theta,1251,-0.111353,-0.197377,0.572871
49,theta,1252,0.535414,1.256405,0.63969
49,theta,1253,1.130213,1.230745,0.615842
49,theta,1254,-0.940176,-0.486235,0.570985
49,theta,1255,-0.947604,-2.12866,0.698865
49,theta,1256,-1.19859,-2.11623,0.649667
49,theta,1257,0.467739,0.334238,0.501833
49,theta,1258,-0.408457,-0.165355,0.559956
49,theta,1259,1.60859,2.046605,0.677548
49,theta,1260,0.365884,0.29368,0.584205
49,theta,1261,0.932842,2.41742,0.764251
49,theta,1262,-0.234965,-0.199142,0.555124
49,theta,1263,0.610974,0.942224,0.631109
49,theta,1264,-0.644374,-0.942765,0.566682
49,theta,1265,1.722747,1.5751,0.614343
49,theta,1266,-1.166039,-1.966265,0.662222
49,theta,1267,0.038121,-0.55522,0.534063
49,theta,1268,-0.357231,-1.50922,0.674508
49,theta,1269,-0.740626,-1.074335,0.542855
49,theta,1270,-1.019234,-1.0991,0.556666
49,theta,1271,0.17187,0.309342,0.498841
49,theta,1272,-2.260457,-2.498085,0.685726
49,theta,1273,0.603763,0.595911,0.52612
49,theta,1274,-0.382228,0.052315,0.526839
49,theta,1275,0.645169,0.89807,0.61023
49,theta,1276,-0.684731,-0.710628,0.542405
49,theta,1277,1.925093,2.183295,0.702247
49,theta,1278,-0.250288,-1.38791,0.606556
49,theta,1279,0.337319,1.18533,0.618556
49,theta,1280,0.299444,-0.126738,0.608414
49,theta,1281,1.589986,2.29444,0.737897
49,theta,1282,0.201517,0.87837,0.57218
49,theta,1283,0.497568,1.158125,0.64976
49,theta,1284,-0.091744,-0.095882,0.577904
49,theta,1285,1.27728,0.851063,0.652292
49,theta,1286,-0.209679,-1.05788,0.590664
49,theta,1287,-2.206771,-1.802905,0.608243
49,theta,1288,-0.167661,-0.27581,0.553402
49,theta,1289,-0.089464,-0.8846,0.618071
49,theta,1290,-1.290261,-1.438735,0.611663
49,theta,1291,-1.138849,0.16085,0.577435
49,theta,1292,-0.559963,-0.798294,0.49262
49,theta,1293,-0.214186,0.297686,0.516196
49,theta,1294,-0.340887,-0.163229,0.520051
49,theta,1295,-1.696323,-1.44856,0.615139
49,theta,1296,0.963837,1.181475,0.646212
49,theta,1297,-0.54161,-0.721113,0.543334
49,theta,1298,1.072013,1.147855,0.621794
49,theta,1299,-0.615956,-0.494311,0.689053
49,theta,1300,1.189357,1.86686,0.741806
49,theta,1301,-0.783629,-1.476645,0.599638
49,theta,1302,1.299406,1.69496,0.679262
49,theta,1303,-0.629967,-1.52182,0.616909
49,theta,1304,2.071614,2.521555,0.725849
49,theta,1305,-1.327238,-0.220109,0.514095
49,theta,1306,0.115824,0.169586,0.525983
49,theta,1307,0.695692,0.555969,0.534132
49,theta,1308,1.275405,1.24638,0.600886
49,theta,1309,1.186573,0.714798,0.571116
49,theta,1310,0.637574,0.722202,0.549956
49,theta,1311,-1.05621,-1.45983,0.570321
49,theta,1312,-1.042948,-1.06014,0.661999
49,theta,1313,-0.008372,0.072308,0.549346
49,theta,1314,-0.007423,0.187536,0.541753
49,theta,1315,1.012783,2.217125,0.681132
49,theta,1316,0.167424,0.043891,0.622987
49,theta,1317,-1.831166,-1.47499,0.648773
49,theta,1318,0.74167,1.31495,0.61908
49,theta,1319,-0.723376,-0.855729,0.553833
49,theta,1320,0.258002,0.871424,0.610071
49,theta,1321,-1.52115,-1.607435,0.645536
49,theta,1322,1.449296,2.895225,0.769323
49,theta,1323,0.039603,-0.028269,0.618296
49,theta,1324,-0.951811,-0.794899,0.623413
49,theta,1325,-0.142324,-0.341326,0.57197
49,theta,1326,-1.166762,-0.966746,0.590596
49,theta,1327,1.412709,1.520675,0.654381
49,theta,1328,1.432973,2.062435,0.714971
49,theta,1329,-1.30514,-0.776227,0.541579
49,theta,1330,-1.537892,-1.2588,0.590557
49,theta,1331,1.027859,1.405955,0.586107
49,theta,1332,0.268061,0.315656,0.597955
49,theta,1333,-0.870702,-0.864498,0.52063
49,theta,1334,-1.06077,-1.790165,0.633563
49,theta,1335,-1.14858,-1.86784,0.644214
49,theta,1336,1.445402,1.16965,0.612033
49,theta,1337,1.875838,2.440785,0.736061
49,theta,1338,1.093978,1.628765,0.65537
49,theta,1339,-0.196024,-0.907972,0.608884
49,theta,1340,1.367214,2.06472,0.72277
49,theta,1341,0.626568,0.897653,0.657273
49,theta,1342,0.586383,1.826405,0.636162
49,theta,1343,1.280684,1.32344,0.650157
49,theta,1344,-1.390438,-0.843162,0.577879
49,theta,1345,-0.878772,-1.3922,0.640818
49,theta,1346,0.996203,0.704821,0.573965
49,theta,1347,0.503938,0.599679,0.577035
49,theta,1348,1.744986,1.538725,0.672548
49,theta,1349,1.039792,2.0201,0.750077
49,theta,1350,0.515675,0.901301,0.581136
49,theta,1351,-0.636663,-0.99446,0.574121
49,theta,1352,-0.845364,-0.709404,0.622346
49,theta,1353,-0.693002,-0.768502,0.550776
49,theta,1354,0.043426,0.933178,0.564304
49,theta,1355,-0.612068,-1.179535,0.608824
49,theta,1356,0.384913,0.975368,0.592435
49,theta,1357,-0.61319,-1.11036,0.546136
49,theta,1358,-0.9572,-1.77656,0.640258
49,theta,1359,0.440167,0.682652,0.601189
49,theta,1360,1.732737,2.44643,0.742239
49,theta,1361,2.323575,2.425145,0.745619
49,theta,1362,-1.518073,-1.631455,0.625937
49,theta,1363,-0.749416,-0.791764,0.557441
49,theta,1364,-1.111039,-1.054645,0.576809
49,theta,1365,0.382119,0.296292,0.529671
49,theta,1366,-0.011815,-0.343428,0.610301
49,theta,1367,0.334291,1.582865,0.668538
49,theta,1368,-0.150512,0.367058,0.632662
49,theta,1369,-0.179965,-0.627302,0.516986
49,theta,1370,-0.757049,-1.248865,0.603202
49,theta,1371,-1.443415,-2.151205,0.693084
49,theta,1372,0.188426,0.71517,0.554403
49,theta,1373,0.266913,0.888337,0.564694
49,theta,1374,0.367612,0.760834,0.648832
49,theta,1375,0.118556,0.495756,0.630479
49,theta,1376,-0.263482,-0.960418,0.585794
49,theta,1377,-0.558641,-1.37412,0.569662
49,theta,1378,-0.78237,-1.6929,0.693501
49,theta,1379,-0.149709,0.269342,0.549543
49,theta,1380,0.832382,1.977575,0.681847
49,theta,1381,-0.857085,-1.875395,0.632265
49,theta,1382,0.944703,0.909134,0.508419
49,theta,1383,-1.988121,-1.808995,0.652751
49,theta,1384,1.566154,1.416735,0.638165
49,theta,1385,2.142061,3.01276,0.768829
49,theta,1386,-0.145057,-0.307695,0.627831
49,theta,1387,-0.255558,-1.383385,0.579943
49,theta,1388,-1.094737,-1.11418,0.615381
49,theta,1389,-0.411975,-0.693734,0.517947
49,theta,1390,-0.410122,-0.645662,0.506478
49,theta,1391,1.426805,1.093445,0.613978
49,theta,1392,0.352298,-0.12052,0.483041
49,theta,1393,0.827755,0.836238,0.602558
49,theta,1394,0.160589,0.326617,0.596225
49,theta,1395,0.41476,0.368075,0.582185
49,theta,1396,0.663749,1.09726,0.625212
49,theta,1397,-1.065688,-0.864376,0.500775
49,theta,1398,-1.908835,-2.994505,0.745124
49,theta,1399,1.090536,1.77303,0.668379
49,theta,1400,-1.475111,-1.95531,0.632749
49,theta,1401,-1.205955,-1.076145,0.563574
49,theta,1402,-1.422642,-1.195525,0.579535
49,theta,1403,-0.093477,0.284074,0.622278
49,theta,1404,0.412097,-0.004514,0.574668
49,theta,1405,-0.346572,-0.091534,0.548608
49,theta,1406,1.307964,2.216595,0.736862
49,theta,1407,2.166902,2.125945,0.720487
49,theta,1408,1.408618,1.98236,0.712025
49,theta,1409,-0.925596,-1.153535,0.524096
49,theta,1410,0.815153,0.753874,0.648211
49,theta,1411,-0.51134,-0.235901,0.624537
49,theta,1412,-1.394035,-1.56123,0.614373
49,theta,1413,-0.515481,-1.031525,0.542676
49,theta,1414,-1.898258,-1.32511,0.619581
49,theta,1415,-1.83425,-3.213715,0.7561
49,theta,1416,0.216955,-0.357518,0.609429
49,theta,1417,0.278554,0.875964,0.668471
49,theta,1418,0.558658,-0.2458,0.558799
49,theta,1419,0.332514,-0.416726,0.574318
49,theta,1420,0.896036,1.80293,0.70965
49,theta,1421,0.407435,1.61531,0.644095
49,theta,1422,-1.485918,-1.220675,0.66145
49,theta,1423,-0.229047,0.117544,0.536006
49,theta,1424,1.745179,1.163985,0.660008
49,theta,1425,0.638285,0.212619,0.634495
49,theta,1426,-1.025286,-2.01921,0.649111
49,theta,1427,-0.127226,-0.35392,0.471262
49,theta,1428,1.672667,2.018895,0.753155
49,theta,1429,-0.13967,0.154574,0.554056
49,theta,1430,1.39425,2.205445,0.722908
49,theta,1431,0.769494,1.25869,0.653993
49,theta,1432,-0.045182,0.250547,0.533833
49,theta,1433,1.667126,2.793865,0.760881
49,theta,1434,-0.759397,-1.161535,0.615204
49,theta,1435,0.039996,0.805783,0.624735
49,theta,1436,-1.397511,-1.34745,0.670266
49,theta,1437,-0.346938,-0.98748,0.613069
49,theta,1438,0.527042,1.89312,0.675539
49,theta,1439,0.832908,1.38031,0.651083
49,theta,1440,-1.127214,-0.997248,0.579336
49,theta,1441,-0.022592,0.072109,0.573498
49,theta,1442,0.053285,-0.421105,0.555557
49,theta,1443,0.623973,-0.087939,0.527182
49,theta,1444,0.168662,1.22724,0.676134
49,theta,1445,-0.440604,-0.86208,0.585416
49,theta,1446,-0.070917,-0.125936,0.593991
49,theta,1447,-0.060607,-0.971158,0.630955
49,theta,1448,-0.355664,-0.121836,0.564147
49,theta,1449,-0.937221,-1.491905,0.606499
49,theta,1450,1.170189,1.19222,0.631928
49,theta,1451,-0.889238,-1.79518,0.573588
49,theta,1452,-0.59897,0.066058,0.537734
49,theta,1453,0.470997,0.322187,0.664148
49,theta,1454,-0.347085,-0.988715,0.638913
49,theta,1455,-0.093064,-0.447232,0.534267
49,theta,1456,0.289867,-1.367785,0.598665
49,theta,1457,0.054536,0.388144,0.541304
49,theta,1458,0.190703,-0.272718,0.596649
49,theta,1459,-2.495056,-3.01921,0.73652
49,theta,1460,0.289028,0.030794,0.487386
49,theta,1461,-1.35554,-2.094895,0.698851
49,theta,1462,-2.018897,-2.559465,0.723233
49,theta,1463,0.789791,1.00743,0.643025
49,theta,1464,0.019928,-0.415708,0.583305
49,theta,1465,-0.181398,-0.85789,0.584635
49,theta,1466,1.390789,1.934185,0.673238
49,theta,1467,-3.430903,-3.260965,0.782475
49,theta,1468,1.341155,0.911948,0.548167
49,theta,1469,-0.992213,-0.70603,0.640924
49,theta,1470,-1.210347,-0.768594,0.621494
49,theta,1471,1.063182,0.644651,0.56772
49,theta,1472,-0.359963,-0.518959,0.55512
49,theta,1473,-0.951275,-2.54007,0.69391
49,theta,1474,-0.211815,-0.044471,0.605761
49,theta,1475,-2.060803,-1.885155,0.681481
49,theta,1476,-0.535657,0.183299,0.571227
49,theta,1477,-1.509261,-1.1696,0.622282
49,theta,1478,-1.049657,-1.38987,0.667644
49,theta,1479,-0.70344,-1.3733,0.609464
49,theta,1480,-0.365387,-0.641153,0.567928
49,theta,1481,1.376193,1.09863,0.612859
49,theta,1482,-0.188256,-0.041698,0.484258
49,theta,1483,-0.279821,0.781938,0.591706
49,theta,1484,0.89055,1.44135,0.671237
49,theta,1485,0.119435,0.130922,0.472679
49,theta,1486,1.420583,1.88002,0.695266
49,theta,1487,0.70946,1.27699,0.650916
49,theta,1488,-0.399613,-0.037936,0.603322
49,theta,1489,0.630884,1.0164,0.634035
49,theta,1490,-0.19344,-0.651837,0.507403
49,theta,1491,-0.306013,-0.033178,0.448117
49,theta,1492,1.818148,2.260415,0.733614
49,theta,1493,1.273724,2.451845,0.737266
49,theta,1494,-0.285948,-0.445565,0.562475
49,theta,1495,-0.389703,-0.265416,0.524237
49,theta,1496,1.866754,1.69182,0.636115
49,theta,1497,-0.929186,-1.095195,0.585366
49,theta,1498,1.348002,2.140235,0.723501
49,theta,1499,-1.494072,-1.19427,0.590671
49,theta,1500,0.056846,0.525572,0.537646
49,beta,1,-2.417102,-2.6985,0.284965
49,beta,2,-2.412225,-2.173925,0.274629
49,beta,3,-2.051122,-2.13088,0.251935
49,beta,4,-1.955836,-2.052365,0.251229
49,beta,5,-1.954383,-2.03192,0.235778
49,beta,6,-1.785682,-1.88625,0.237473
49,beta,7,-1.68739,-2.02212,0.283737
49,beta,8,-1.670889,-1.616565,0.214476
49,beta,9,-1.612263,-1.20559,0.229593
49,beta,10,-1.609393,-1.790385,0.349457
49,beta,11,-1.550448,-1.384485,0.197679
49,beta,12,-1.532569,-1.500165,0.201223
49,beta,13,-1.367311,-1.322105,0.21279
49,beta,14,-1.303882,-1.342245,0.213525
49,beta,15,-1.285,-1.16553,0.189721
49,beta,16,-1.278947,-1.61476,0.234096
49,beta,17,-1.211117,-1.136795,0.205948
49,beta,18,-1.026208,-1.281725,0.207147
49,beta,19,-0.969742,-1.23932,0.193445
49,beta,20,-0.959369,-0.776874,0.171171
49,beta,21,-0.927736,-1.230815,0.183936
49,beta,22,-0.896208,-0.813624,0.160915
49,beta,23,-0.888353,-0.659911,0.172424
49,beta,24,-0.841997,-0.670747,0.21002
49,beta,25,-0.830786,-0.668267,0.214876
49,beta,26,-0.799538,-1.01905,0.286783
49,beta,27,-0.76138,-0.778453,0.164981
49,beta,28,-0.737088,-0.964104,0.168651
49,beta,29,-0.709333,-0.558431,0.15558
49,beta,30,-0.70254,-0.395264,0.18475
49,beta,31,-0.67206,-0.794444,0.166604
49,beta,32,-0.651844,-0.894872,0.172945
49,beta,33,-0.643394,-0.760955,0.165653
49,beta,34,-0.588102,-0.668693,0.183013
49,beta,35,-0.531457,-0.600766,0.153891
49,beta,36,-0.492372,-0.359302,0.168124
49,beta,37,-0.487112,-0.377865,0.16928
49,beta,38,-0.475302,-0.574029,0.195454
49,beta,39,-0.406074,-0.522083,0.171444
49,beta,40,-0.387948,-0.746679,0.195391
49,beta,41,-0.360834,-0.645138,0.180822
49,beta,42,-0.328273,-0.415132,0.19835
49,beta,43,-0.287262,-0.053483,0.156634
49,beta,44,-0.246451,-0.620615,0.187563
49,beta,45,-0.234303,-0.384964,0.170496
49,beta,46,-0.229368,-0.352844,0.152879
49,beta,47,-0.191655,-0.11412,0.16022
49,beta,48,-0.188262,-0.320124,0.166218
49,beta,49,-0.17724,-0.489661,0.203135
49,beta,50,-0.169398,0.065856,0.149006
49,beta,51,-0.15536,-0.242831,0.153444
49,beta,52,-0.147556,-0.441122,0.179565
49,beta,53,-0.144691,-0.309408,0.156712
49,beta,54,-0.140847,-0.51148,0.173227
49,beta,55,-0.14026,-0.209634,0.150553
49,beta,56,-0.13867,0.10783,0.171563
49,beta,57,-0.119034,-0.234105,0.147343
49,beta,58,-0.11749,-0.297842,0.152357
49,beta,59,-0.09978,0.010737,0.149849
49,beta,60,-0.096986,-0.226649,0.157545
49,beta,61,-0.064329,0.090411,0.189277
49,beta,62,-0.05913,0.109084,0.155548
49,beta,63,-0.022155,-0.109436,0.151059
49,beta,64,-0.021279,-0.156178,0.18941
49,beta,65,-0.019784,-0.103269,0.156094
49,beta,66,0.010202,0.053601,0.151406
49,beta,67,0.038281,-0.168502,0.188089
49,beta,68,0.038321,-0.01646,0.201667
49,beta,69,0.053881,-0.071536,0.164308
49,beta,70,0.06853,0.108114,0.157189
49,beta,71,0.09474,0.039765,0.159814
49,beta,72,0.101849,0.163528,0.163958
49,beta,73,0.124515,0.064443,0.148891
49,beta,74,0.131647,0.235322,0.170626
49,beta,75,0.13311,0.078809,0.15699
49,beta,76,0.149886,-0.019259,0.151268
49,beta,77,0.193607,0.258653,0.162174
49,beta,78,0.236432,0.083437,0.158874
49,beta,79,0.242485,0.312378,0.147091
49,beta,80,0.249823,-0.101176,0.166172
49,beta,81,0.255181,0.15906,0.193083
49,beta,82,0.259811,0.352717,0.170053
49,beta,83,0.267512,0.083098,0.18367
49,beta,84,0.325558,0.193552,0.149291
49,beta,85,0.345956,-0.133711,0.240855
49,beta,86,0.381689,0.51293,0.186798
49,beta,87,0.39002,0.146776,0.176581
49,beta,88,0.398868,0.042801,0.162655
49,beta,89,0.406016,0.403215,0.207607
49,beta,90,0.413739,0.2933,0.143853
49,beta,91,0.450761,0.272907,0.155685
49,beta,92,0.451841,0.161196,0.182714
49,beta,93,0.463412,0.282232,0.172175
49,beta,94,0.521242,0.521444,0.169206
49,beta,95,0.54917,0.476815,0.15375
49,beta,96,0.554097,0.448219,0.17241
49,beta,97,0.572032,0.176409,0.173957
49,beta,98,0.647963,0.451758,0.157464
49,beta,99,0.721077,0.60377,0.16163
49,beta,100,0.721275,0.789146,0.177533
49,beta,101,0.734909,0.634198,0.191429
49,beta,102,0.743124,0.590912,0.168998
49,beta,103,0.805315,0.802474,0.165506
49,beta,104,0.838966,0.63022,0.164033
49,beta,105,0.840113,0.561456,0.16538
49,beta,106,1.024983,0.946603,0.170324
49,beta,107,1.062497,1.112525,0.176595
49,beta,108,1.08177,0.963904,0.196858
49,beta,109,1.092714,1.118615,0.184657
49,beta,110,1.108696,1.18778,0.198953
49,beta,111,1.111669,1.11679,0.164653
49,beta,112,1.130538,1.024285,0.164008
49,beta,113,1.130822,1.31611,0.175039
49,beta,114,1.149554,1.385025,0.247808
49,beta,115,1.250252,1.46415,0.198572
49,beta,116,1.277442,0.711482,0.171038
49,beta,117,1.331678,0.90132,0.213618
49,beta,118,1.507818,1.174005,0.260532
49,beta,119,1.556647,1.51522,0.234555
49,beta,120,1.556921,1.324825,0.201133
49,beta,121,1.582168,1.727485,0.227383
49,beta,122,1.662063,1.923855,0.210246
49,beta,123,1.762903,1.980975,0.219547
49,beta,124,1.922204,1.986305,0.218007
49,beta,125,1.94704,1.6682,0.215342
49,beta,126,1.958136,2.06799,0.244091
49,beta,127,2.481787,2.464705,0.262301
49,beta,128,3.320746,3.19934,0.320963
49,alpha,1,0.761074,0.526928,0.154307
49,alpha,2,1.640363,0.828134,0.197194
49,alpha,3,1.516127,0.752215,0.173472
49,alpha,4,1.027478,0.84848,0.186323
49,alpha,5,0.895024,0.618874,0.159966
49,alpha,6,1.132065,0.787348,0.196253
49,alpha,7,1.060524,1.148965,0.226626
49,alpha,8,0.936321,0.695297,0.159058
49,alpha,9,2.019235,1.095915,0.240472
49,alpha,10,3.819463,2.560995,0.53907
49,alpha,11,0.777482,0.620183,0.161363
49,alpha,12,0.6785,0.677141,0.157138
49,alpha,13,1.358054,1.00171,0.197169
49,alpha,14,1.572743,1.04449,0.208057
49,alpha,15,0.964936,0.649579,0.143834
49,alpha,16,0.777527,0.718062,0.168226
49,alpha,17,1.500312,1.02958,0.205692
49,alpha,18,1.526247,0.978814,0.197406
49,alpha,19,0.883614,0.564411,0.132108
49,alpha,20,0.906704,0.846168,0.182785
49,alpha,21,1.258688,0.73059,0.158953
49,alpha,22,0.836533,0.565246,0.126699
49,alpha,23,1.419915,0.699458,0.157592
49,alpha,24,1.99369,1.23756,0.233968
49,alpha,25,2.405569,1.67081,0.325842
49,alpha,26,2.150485,1.9294,0.424599
49,alpha,27,0.930115,0.590988,0.138739
49,alpha,28,0.658797,0.459438,0.123162
49,alpha,29,0.930907,0.464836,0.113868
49,alpha,30,1.391781,0.92867,0.189485
49,alpha,31,0.646184,0.373548,0.096834
49,alpha,32,0.837141,0.578084,0.1296
49,alpha,33,1.029353,0.652703,0.148083
49,alpha,34,0.878338,0.915013,0.1809
49,alpha,35,0.629306,0.330238,0.086403
49,alpha,36,1.192335,0.78288,0.159292
49,alpha,37,1.399173,0.55625,0.131569
49,alpha,38,2.193519,1.32646,0.252456
49,alpha,39,1.108853,0.724361,0.154631
49,alpha,40,1.355715,1.155895,0.22673
49,alpha,41,1.107349,0.832501,0.17077
49,alpha,42,1.442807,1.28023,0.260253
49,alpha,43,1.055535,0.55701,0.124184
49,alpha,44,1.654095,1.07958,0.215362
49,alpha,45,1.130978,0.831688,0.174025
49,alpha,46,1.233924,0.572772,0.122817
49,alpha,47,0.994019,0.692932,0.145042
49,alpha,48,1.17175,0.75337,0.157584
49,alpha,49,0.96018,1.28858,0.255391
49,alpha,50,0.732224,0.436362,0.110218
49,alpha,51,1.037724,0.593535,0.131847
49,alpha,52,1.737943,1.014055,0.197268
49,alpha,53,1.102315,0.540858,0.128605
49,alpha,54,1.346603,0.878156,0.160549
49,alpha,55,0.45315,0.315946,0.089787
49,alpha,56,1.100902,0.722518,0.151715
49,alpha,57,0.441321,0.406691,0.100796
49,alpha,58,0.837571,0.562502,0.122326
49,alpha,59,0.592871,0.425556,0.104886
49,alpha,60,0.858137,0.673911,0.141471
49,alpha,61,1.696429,1.13465,0.225108
49,alpha,62,0.348551,0.439829,0.11717
49,alpha,63,1.13604,0.50259,0.116099
49,alpha,64,1.571984,1.099435,0.218663
49,alpha,65,0.618261,0.474979,0.121143
49,alpha,66,0.427451,0.377698,0.100754
49,alpha,67,1.834703,1.241885,0.234554
49,alpha,68,2.164424,1.40565,0.273577
49,alpha,69,1.012454,0.768549,0.162572
49,alpha,70,0.744362,0.620764,0.137725
49,alpha,71,0.738538,0.68595,0.139354
49,alpha,72,1.13625,0.756305,0.151047
49,alpha,73,0.523957,0.305234,0.082357
49,alpha,74,0.813207,0.691231,0.151441
49,alpha,75,0.428431,0.434776,0.107447
49,alpha,76,0.993078,0.764102,0.145507
49,alpha,77,1.111801,0.56111,0.136974
49,alpha,78,0.760478,0.716141,0.147873
49,alpha,79,0.629281,0.580688,0.126175
49,alpha,80,1.038704,0.830196,0.183656
49,alpha,81,1.999095,1.095335,0.220755
49,alpha,82,1.577085,0.861002,0.169138
49,alpha,83,1.801106,1.21066,0.227279
49,alpha,84,0.665243,0.436101,0.110576
49,alpha,85,3.36045,2.14579,0.487337
49,alpha,86,1.559141,1.07641,0.19822
49,alpha,87,1.058102,0.970123,0.19749
49,alpha,88,0.754863,0.530824,0.126034
49,alpha,89,2.875532,1.580595,0.315048
49,alpha,90,0.427634,0.328764,0.094194
49,alpha,91,0.598876,0.423744,0.104493
49,alpha,92,1.452484,1.12514,0.21527
49,alpha,93,0.89805,0.595074,0.133473
49,alpha,94,1.349731,0.711378,0.144081
49,alpha,95,0.557962,0.332218,0.090701
49,alpha,96,1.62138,1.022415,0.196536
49,alpha,97,1.435711,1.02557,0.186924
49,alpha,98,1.091861,0.559111,0.132132
49,alpha,99,0.515272,0.615622,0.129014
49,alpha,100,0.455197,0.690981,0.166827
49,alpha,101,2.230733,1.04776,0.223355
49,alpha,102,1.345657,0.693432,0.158331
49,alpha,103,0.935181,0.626396,0.13518
49,alpha,104,0.858796,0.57451,0.13069
49,alpha,105,0.91167,0.561117,0.136181
49,alpha,106,0.607241,0.539967,0.128667
49,alpha,107,0.928838,0.713532,0.15288
49,alpha,108,0.966269,0.879306,0.182081
49,alpha,109,0.538569,0.520848,0.127484
49,alpha,110,0.788964,0.472696,0.136487
49,alpha,111,0.412909,0.32216,0.092777
49,alpha,112,0.717544,0.574472,0.127178
49,alpha,113,0.457587,0.408839,0.115374
49,alpha,114,1.417539,1.27849,0.26187
49,alpha,115,1.694358,0.871519,0.177727
49,alpha,116,1.499107,0.770731,0.164785
49,alpha,117,2.370107,1.42856,0.2868
49,alpha,118,2.420793,1.418035,0.330209
49,alpha,119,1.421285,0.973858,0.200744
49,alpha,120,1.28065,0.73699,0.169094
49,alpha,121,1.223779,0.654324,0.167811
49,alpha,122,0.578689,0.442974,0.13025
49,alpha,123,0.965507,0.417306,0.125488
49,alpha,124,0.739905,0.513984,0.14118
49,alpha,125,1.432155,0.672434,0.165202
49,alpha,126,0.798557,0.543286,0.170393
49,alpha,127,0.735587,0.474861,0.160333
49,alpha,128,0.659031,0.355004,0.123964
