name	Mean	MCSE	StdDev	5%	50%	95%	N_Eff	N_Eff/s	R_hat
theta[1]	-0.361	0.00295	0.489	-1.15	-0.366	0.442	27506.0	75.0	1.0
theta[2]	1.01	0.00393	0.574	0.0913	0.997	1.99	21341.0	58.2	1.0
theta[3]	-0.368	0.00313	0.494	-1.16	-0.377	0.457	24988.0	68.1	1.0
theta[4]	0.843	0.00335	0.531	-0.00372	0.831	1.73	25145.0	68.6	1.0
theta[5]	0.355	0.00344	0.527	-0.48	0.34	1.24	23469.0	64.0	1.0
theta[6]	-0.229	0.00311	0.505	-1.06	-0.238	0.62	26415.0	72.0	1.0
theta[7]	-0.0568	0.00336	0.49	-0.861	-0.0622	0.754	21195.0	57.8	1.0
theta[8]	1.34	0.00399	0.609	0.388	1.32	2.38	23318.0	63.6	1.0
theta[9]	0.682	0.00355	0.56	-0.217	0.667	1.63	24936.0	68.0	1.0
theta[10]	-1.36	0.00323	0.522	-2.22	-1.35	-0.514	26121.0	71.2	1.0
theta[11]	-0.323	0.00301	0.485	-1.11	-0.329	0.481	25861.0	70.5	1.0
theta[12]	-0.754	0.00296	0.474	-1.53	-0.749	0.0218	25686.0	70.0	1.0
theta[13]	-0.169	0.00301	0.48	-0.951	-0.168	0.625	25459.0	69.4	1.0
theta[14]	-0.562	0.00304	0.495	-1.38	-0.561	0.248	26571.0	72.4	1.0
theta[15]	0.282	0.00332	0.524	-0.549	0.266	1.15	24942.0	68.0	1.0
theta[16]	-0.0984	0.00308	0.493	-0.904	-0.1	0.72	25741.0	70.2	1.0
theta[17]	0.486	0.0034	0.513	-0.328	0.479	1.35	22793.0	62.1	1.0
theta[18]	0.268	0.00339	0.532	-0.591	0.258	1.16	24658.0	67.2	1.0
theta[19]	0.319	0.00318	0.511	-0.51	0.312	1.16	25762.0	70.2	1.0
theta[20]	-0.212	0.003	0.498	-1.02	-0.219	0.617	27529.0	75.1	1.0
theta[21]	-0.834	0.0032	0.482	-1.64	-0.829	-0.0488	22621.0	61.7	1.0
theta[22]	0.575	0.00381	0.556	-0.307	0.558	1.51	21291.0	58.0	1.0
theta[23]	-0.63	0.00314	0.487	-1.43	-0.632	0.173	24040.0	65.5	1.0
theta[24]	-0.272	0.00303	0.475	-1.05	-0.278	0.526	24587.0	67.0	1.0
theta[25]	0.705	0.00348	0.54	-0.149	0.687	1.62	24084.0	65.7	1.0
theta[26]	0.0167	0.00292	0.495	-0.785	0.0165	0.824	28744.0	78.4	1.0
theta[27]	-0.423	0.00295	0.484	-1.22	-0.42	0.364	26792.0	73.0	1.0
theta[28]	0.196	0.00324	0.517	-0.626	0.185	1.07	25458.0	69.4	1.0
theta[29]	-1.22	0.00318	0.493	-2.04	-1.21	-0.406	24127.0	65.8	1.0
theta[30]	0.191	0.00329	0.506	-0.633	0.185	1.03	23612.0	64.4	1.0
theta[31]	-0.297	0.00329	0.485	-1.09	-0.296	0.504	21668.0	59.1	1.0
theta[32]	0.0315	0.00321	0.49	-0.763	0.0239	0.851	23294.0	63.5	1.0
theta[33]	0.177	0.00315	0.505	-0.65	0.167	1.02	25733.0	70.2	1.0
theta[34]	-0.456	0.00295	0.479	-1.24	-0.46	0.332	26297.0	71.7	1.0
theta[35]	-0.0668	0.00309	0.502	-0.881	-0.0695	0.773	26437.0	72.1	1.0
theta[36]	0.724	0.00345	0.536	-0.131	0.709	1.63	24092.0	65.7	1.0
theta[37]	-0.0228	0.00287	0.481	-0.807	-0.0263	0.791	28054.0	76.5	1.0
theta[38]	-0.374	0.00307	0.508	-1.2	-0.375	0.476	27349.0	74.6	1.0
theta[39]	-0.00459	0.00321	0.506	-0.822	-0.0161	0.856	24917.0	67.9	1.0
theta[40]	0.0675	0.0031	0.484	-0.718	0.0628	0.865	24278.0	66.2	1.0
theta[41]	-0.382	0.00308	0.484	-1.16	-0.386	0.409	24588.0	67.0	1.0
theta[42]	-0.723	0.00341	0.499	-1.55	-0.717	0.0924	21361.0	58.2	1.0
theta[43]	-0.344	0.00318	0.497	-1.15	-0.347	0.479	24478.0	66.7	1.0
theta[44]	-0.229	0.00325	0.502	-1.05	-0.237	0.605	23909.0	65.2	1.0
theta[45]	-0.686	0.00311	0.488	-1.48	-0.685	0.127	24591.0	67.0	1.0
theta[46]	1.22	0.00381	0.608	0.259	1.2	2.26	25512.0	69.6	1.0
theta[47]	-0.672	0.00283	0.493	-1.48	-0.671	0.145	30373.0	82.8	1.0
theta[48]	0.148	0.00338	0.497	-0.647	0.136	0.979	21567.0	58.8	1.0
theta[49]	0.407	0.00338	0.513	-0.423	0.4	1.26	23045.0	62.8	1.0
theta[50]	0.524	0.00366	0.543	-0.331	0.512	1.43	22011.0	60.0	1.0
theta[51]	-0.0865	0.00313	0.492	-0.89	-0.0963	0.737	24752.0	67.5	1.0
theta[52]	-0.0351	0.00321	0.506	-0.854	-0.0423	0.813	24907.0	67.9	1.0
theta[53]	-0.0177	0.00315	0.489	-0.815	-0.0227	0.794	24105.0	65.7	1.0
theta[54]	-0.497	0.00295	0.483	-1.29	-0.495	0.292	26800.0	73.1	1.0
theta[55]	-0.269	0.00306	0.485	-1.05	-0.277	0.536	25234.0	68.8	1.0
theta[56]	0.418	0.00338	0.528	-0.435	0.407	1.31	24399.0	66.5	1.0
theta[57]	-0.312	0.00319	0.489	-1.1	-0.314	0.493	23543.0	64.2	1.0
theta[58]	0.173	0.00332	0.529	-0.676	0.161	1.08	25371.0	69.2	1.0
theta[59]	0.0318	0.00326	0.511	-0.809	0.0272	0.878	24662.0	67.2	1.0
theta[60]	-0.448	0.00288	0.482	-1.24	-0.45	0.345	28017.0	76.4	1.0
theta[61]	-0.516	0.00323	0.484	-1.31	-0.513	0.28	22514.0	61.4	1.0
theta[62]	0.243	0.00339	0.527	-0.611	0.234	1.14	24174.0	65.9	1.0
theta[63]	0.779	0.00338	0.529	-0.0744	0.766	1.67	24491.0	66.8	1.0
theta[64]	0.839	0.00346	0.538	-0.0226	0.823	1.76	24204.0	66.0	1.0
theta[65]	-0.241	0.00303	0.48	-1.04	-0.244	0.549	25100.0	68.4	1.0
theta[66]	0.141	0.00339	0.502	-0.678	0.131	0.984	21914.0	59.7	1.0
theta[67]	0.442	0.00332	0.528	-0.407	0.429	1.32	25255.0	68.9	1.0
theta[68]	-0.802	0.00317	0.48	-1.59	-0.798	-0.0276	22877.0	62.4	1.0
theta[69]	-1.13	0.00315	0.488	-1.94	-1.13	-0.353	23944.0	65.3	1.0
theta[70]	0.643	0.00369	0.535	-0.212	0.63	1.54	21059.0	57.4	1.0
theta[71]	0.209	0.00325	0.506	-0.614	0.197	1.07	24241.0	66.1	1.0
theta[72]	-1.6	0.0031	0.502	-2.44	-1.59	-0.788	26253.0	71.6	1.0
theta[73]	0.19	0.00348	0.535	-0.664	0.172	1.08	23691.0	64.6	1.0
theta[74]	-0.652	0.00304	0.486	-1.46	-0.653	0.143	25545.0	69.6	1.0
theta[75]	-1.56	0.00319	0.502	-2.4	-1.56	-0.738	24745.0	67.5	1.0
theta[76]	0.235	0.0033	0.527	-0.598	0.219	1.12	25583.0	69.7	1.0
theta[77]	-1.07	0.00312	0.482	-1.88	-1.06	-0.296	23821.0	64.9	1.0
theta[78]	-0.636	0.00289	0.477	-1.42	-0.639	0.153	27274.0	74.4	1.0
theta[79]	-0.69	0.0031	0.492	-1.48	-0.693	0.122	25230.0	68.8	1.0
theta[80]	0.336	0.00363	0.523	-0.505	0.324	1.23	20775.0	56.6	1.0
theta[81]	-0.931	0.0032	0.491	-1.74	-0.927	-0.125	23654.0	64.5	1.0
theta[82]	0.175	0.00343	0.53	-0.682	0.159	1.07	23809.0	64.9	1.0
theta[83]	1.02	0.00373	0.564	0.127	0.999	1.99	22891.0	62.4	1.0
theta[84]	0.665	0.0036	0.537	-0.186	0.648	1.58	22260.0	60.7	1.0
theta[85]	0.0535	0.00315	0.487	-0.732	0.0456	0.873	23934.0	65.2	1.0
theta[86]	-0.205	0.00312	0.498	-1.01	-0.21	0.62	25423.0	69.3	1.0
theta[87]	-0.687	0.00317	0.48	-1.47	-0.686	0.0991	22900.0	62.4	1.0
theta[88]	0.349	0.00335	0.528	-0.496	0.337	1.24	24922.0	67.9	1.0
theta[89]	-0.675	0.00291	0.466	-1.46	-0.674	0.0825	25590.0	69.8	1.0
theta[90]	-0.498	0.00308	0.491	-1.3	-0.503	0.304	25386.0	69.2	1.0
theta[91]	0.305	0.00331	0.521	-0.522	0.294	1.18	24714.0	67.4	1.0
theta[92]	-0.221	0.00311	0.486	-1.0	-0.226	0.574	24485.0	66.8	1.0
theta[93]	0.504	0.00366	0.546	-0.369	0.487	1.41	22239.0	60.6	1.0
theta[94]	-0.296	0.00314	0.491	-1.09	-0.302	0.507	24469.0	66.7	1.0
theta[95]	1.03	0.00364	0.565	0.135	1.01	1.99	24141.0	65.8	1.0
theta[96]	0.485	0.0033	0.521	-0.358	0.476	1.36	24996.0	68.1	1.0
theta[97]	0.78	0.00346	0.54	-0.0783	0.767	1.69	24331.0	66.3	1.0
theta[98]	1.06	0.00416	0.643	0.0435	1.04	2.16	23828.0	65.0	1.0
theta[99]	0.129	0.00327	0.511	-0.687	0.121	0.964	24408.0	66.5	1.0
theta[100]	-1.55	0.00335	0.524	-2.45	-1.54	-0.699	24460.0	66.7	1.0
theta[101]	-0.0787	0.00317	0.498	-0.879	-0.0817	0.747	24757.0	67.5	1.0
theta[102]	0.641	0.00347	0.541	-0.217	0.628	1.56	24312.0	66.3	1.0
theta[103]	-0.196	0.00319	0.487	-0.982	-0.2	0.625	23297.0	63.5	1.0
theta[104]	-0.425	0.00293	0.476	-1.2	-0.429	0.36	26396.0	72.0	1.0
theta[105]	1.79	0.00433	0.64	0.79	1.77	2.89	21864.0	59.6	1.0
theta[106]	0.143	0.00325	0.502	-0.657	0.134	0.981	23808.0	64.9	1.0
theta[107]	0.207	0.00329	0.518	-0.625	0.191	1.08	24740.0	67.4	1.0
theta[108]	0.202	0.00318	0.513	-0.63	0.194	1.05	26002.0	70.9	1.0
theta[109]	0.548	0.00336	0.538	-0.308	0.533	1.46	25624.0	69.9	1.0
theta[110]	1.18	0.00355	0.556	0.307	1.17	2.13	24513.0	66.8	1.0
theta[111]	0.466	0.00352	0.532	-0.392	0.465	1.36	22775.0	62.1	1.0
theta[112]	-2.34	0.00385	0.576	-3.31	-2.34	-1.42	22313.0	60.8	1.0
theta[113]	-0.124	0.00304	0.5	-0.921	-0.128	0.703	27078.0	73.8	1.0
theta[114]	-0.383	0.003	0.476	-1.17	-0.385	0.4	25222.0	68.8	1.0
theta[115]	0.963	0.0035	0.556	0.0838	0.949	1.91	25262.0	68.9	1.0
theta[116]	-0.532	0.00308	0.481	-1.32	-0.532	0.261	24354.0	66.4	1.0
theta[117]	-1.86	0.00368	0.556	-2.81	-1.85	-0.961	22862.0	62.3	1.0
theta[118]	0.0829	0.00327	0.505	-0.746	0.073	0.932	23822.0	64.9	1.0
theta[119]	-1.3	0.00322	0.499	-2.13	-1.29	-0.495	23944.0	65.3	1.0
theta[120]	-0.117	0.00339	0.501	-0.922	-0.126	0.712	21819.0	59.5	1.0
theta[121]	1.2	0.00421	0.612	0.238	1.18	2.24	21071.0	57.4	1.0
theta[122]	0.207	0.00348	0.527	-0.631	0.187	1.1	22953.0	62.6	1.0
theta[123]	-0.11	0.00314	0.476	-0.89	-0.115	0.677	22940.0	62.5	1.0
theta[124]	-0.172	0.00328	0.489	-0.96	-0.179	0.631	22192.0	60.5	1.0
theta[125]	-0.114	0.00315	0.487	-0.91	-0.122	0.693	23832.0	65.0	1.0
theta[126]	-0.544	0.00297	0.479	-1.33	-0.541	0.236	26085.0	71.1	1.0
theta[127]	1.33	0.00407	0.623	0.358	1.32	2.38	23401.0	63.8	1.0
theta[128]	-0.598	0.00301	0.477	-1.37	-0.604	0.195	25220.0	68.8	1.0
theta[129]	-0.656	0.0029	0.473	-1.43	-0.652	0.118	26544.0	72.4	1.0
theta[130]	-1.21	0.00314	0.48	-2.02	-1.2	-0.437	23314.0	63.6	1.0
theta[131]	-0.581	0.00288	0.479	-1.37	-0.583	0.22	27624.0	75.3	1.0
theta[132]	1.0	0.00391	0.57	0.116	0.977	1.97	21272.0	58.0	1.0
theta[133]	0.702	0.00356	0.557	-0.2	0.681	1.65	24418.0	66.6	1.0
theta[134]	-0.132	0.0033	0.514	-0.958	-0.143	0.724	24300.0	66.2	1.0
theta[135]	-0.792	0.00298	0.485	-1.58	-0.791	-0.00473	26484.0	72.2	1.0
theta[136]	0.433	0.00309	0.489	-0.367	0.429	1.24	25101.0	68.4	1.0
theta[137]	-1.03	0.003	0.487	-1.84	-1.03	-0.237	26387.0	71.9	1.0
theta[138]	1.42	0.00377	0.611	0.455	1.4	2.45	26239.0	71.5	1.0
theta[139]	-0.597	0.00319	0.482	-1.39	-0.591	0.199	22873.0	62.4	1.0
theta[140]	-0.0171	0.00331	0.514	-0.843	-0.0286	0.856	24185.0	65.9	1.0
theta[141]	-0.573	0.00316	0.488	-1.38	-0.568	0.231	23812.0	64.9	1.0
theta[142]	0.741	0.00354	0.539	-0.139	0.727	1.65	23168.0	63.2	1.0
theta[143]	0.392	0.00325	0.54	-0.472	0.384	1.28	27519.0	75.0	1.0
theta[144]	-0.804	0.00319	0.483	-1.6	-0.798	-0.012	22880.0	62.4	1.0
theta[145]	-0.861	0.00314	0.488	-1.67	-0.864	-0.0569	24085.0	65.7	1.0
theta[146]	-0.85	0.00301	0.469	-1.63	-0.856	-0.0718	24336.0	66.3	1.0
theta[147]	0.928	0.0037	0.571	0.012	0.908	1.89	23831.0	65.0	1.0
theta[148]	0.976	0.0037	0.562	0.108	0.954	1.94	22988.0	62.7	1.0
theta[149]	0.129	0.00341	0.504	-0.682	0.123	0.963	21787.0	59.4	1.0
theta[150]	0.464	0.00327	0.516	-0.377	0.451	1.34	24927.0	68.0	1.0
theta[151]	-2.38	0.0037	0.548	-3.31	-2.36	-1.5	21956.0	59.9	1.0
theta[152]	-0.674	0.00297	0.485	-1.46	-0.667	0.117	26596.0	72.5	1.0
theta[153]	0.752	0.00346	0.525	-0.0962	0.74	1.65	22928.0	62.5	1.0
theta[154]	1.35	0.00403	0.609	0.392	1.33	2.38	22835.0	62.3	1.0
theta[155]	-0.154	0.00311	0.496	-0.959	-0.159	0.675	25435.0	69.3	1.0
theta[156]	0.607	0.00354	0.548	-0.264	0.592	1.54	23923.0	65.2	1.0
theta[157]	-0.133	0.00327	0.5	-0.937	-0.138	0.71	23370.0	63.7	1.0
theta[158]	-0.624	0.00288	0.475	-1.4	-0.626	0.156	27221.0	74.2	1.0
theta[159]	1.67	0.00432	0.664	0.61	1.64	2.8	23566.0	64.2	1.0
theta[160]	-0.815	0.00331	0.492	-1.63	-0.806	0.000261	22084.0	60.2	1.0
theta[161]	0.108	0.00326	0.503	-0.712	0.0994	0.951	23778.0	64.8	1.0
theta[162]	1.11	0.00364	0.568	0.212	1.09	2.08	24388.0	66.5	1.0
theta[163]	0.0407	0.00343	0.52	-0.8	0.035	0.908	22988.0	62.7	1.0
theta[164]	0.716	0.00342	0.548	-0.16	0.703	1.64	25639.0	69.9	1.0
theta[165]	0.00875	0.00333	0.52	-0.836	0.00364	0.883	24367.0	66.4	1.0
theta[166]	-0.978	0.00332	0.494	-1.8	-0.976	-0.166	22090.0	60.2	1.0
theta[167]	1.25	0.00427	0.618	0.271	1.23	2.3	20898.0	57.0	1.0
theta[168]	-1.95	0.00352	0.543	-2.85	-1.94	-1.09	23793.0	64.9	1.0
theta[169]	0.367	0.00344	0.519	-0.467	0.354	1.24	22791.0	62.1	1.0
theta[170]	-0.00786	0.0034	0.527	-0.863	-0.0159	0.875	23986.0	65.4	1.0
theta[171]	-0.557	0.0031	0.461	-1.31	-0.562	0.201	22040.0	60.1	1.0
theta[172]	1.34	0.0042	0.613	0.368	1.31	2.38	21306.0	58.1	1.0
theta[173]	0.289	0.00315	0.502	-0.519	0.278	1.15	25402.0	69.3	1.0
theta[174]	-0.306	0.00295	0.484	-1.11	-0.309	0.494	26872.0	73.3	1.0
theta[175]	0.844	0.0034	0.524	0.0219	0.828	1.73	23704.0	64.6	1.0
theta[176]	1.05	0.00351	0.583	0.122	1.04	2.04	27567.0	75.2	1.0
theta[177]	-0.909	0.00333	0.489	-1.71	-0.91	-0.104	21476.0	58.5	1.0
theta[178]	-0.0393	0.00305	0.49	-0.836	-0.0433	0.771	25831.0	70.4	1.0
theta[179]	-1.19	0.00336	0.508	-2.04	-1.18	-0.368	22823.0	62.2	1.0
theta[180]	0.7	0.00363	0.551	-0.17	0.683	1.64	23025.0	62.8	1.0
theta[181]	-0.426	0.00311	0.482	-1.22	-0.429	0.377	23978.0	65.4	1.0
theta[182]	-0.884	0.00313	0.481	-1.67	-0.883	-0.103	23660.0	64.5	1.0
theta[183]	1.07	0.00404	0.639	0.0658	1.04	2.15	25107.0	68.4	1.0
theta[184]	0.866	0.00389	0.574	-0.0441	0.85	1.83	21752.0	59.3	1.0
theta[185]	-0.0906	0.00313	0.495	-0.902	-0.09	0.722	25033.0	68.2	1.0
theta[186]	0.724	0.00369	0.541	-0.118	0.708	1.64	21463.0	58.5	1.0
theta[187]	0.211	0.00337	0.532	-0.638	0.202	1.09	24881.0	67.8	1.0
theta[188]	0.823	0.00354	0.539	-0.0389	0.812	1.73	23214.0	63.3	1.0
theta[189]	-0.349	0.00309	0.469	-1.12	-0.349	0.418	22952.0	62.6	1.0
theta[190]	-1.43	0.00323	0.494	-2.25	-1.43	-0.639	23394.0	63.8	1.0
theta[191]	0.354	0.00365	0.561	-0.54	0.336	1.31	23553.0	64.2	1.0
theta[192]	0.711	0.00353	0.539	-0.151	0.693	1.63	23351.0	63.7	1.0
theta[193]	1.3	0.00391	0.613	0.333	1.28	2.34	24555.0	66.9	1.0
theta[194]	0.0201	0.0033	0.508	-0.8	0.0125	0.874	23707.0	64.6	1.0
theta[195]	-0.544	0.00322	0.486	-1.35	-0.541	0.263	22763.0	62.1	1.0
theta[196]	1.28	0.00405	0.608	0.328	1.26	2.34	22522.0	61.4	1.0
theta[197]	-0.0171	0.00336	0.52	-0.853	-0.022	0.849	24054.0	65.6	1.0
theta[198]	0.258	0.0033	0.523	-0.583	0.249	1.12	25124.0	68.5	1.0
theta[199]	1.03	0.00373	0.574	0.132	1.01	2.01	23718.0	64.7	1.0
theta[200]	-0.308	0.0033	0.494	-1.11	-0.307	0.504	22448.0	61.2	1.0
theta[201]	0.0329	0.0033	0.52	-0.809	0.0236	0.908	24835.0	67.7	1.0
theta[202]	1.67	0.00449	0.674	0.633	1.64	2.82	22559.0	61.5	1.0
theta[203]	0.624	0.00357	0.541	-0.244	0.606	1.54	22939.0	62.5	1.0
theta[204]	-0.0667	0.00314	0.497	-0.869	-0.075	0.767	25016.0	68.2	1.0
theta[205]	-0.535	0.00314	0.498	-1.34	-0.538	0.29	25227.0	68.8	1.0
theta[206]	-1.51	0.00308	0.5	-2.34	-1.5	-0.696	26377.0	71.9	1.0
theta[207]	-1.03	0.00303	0.495	-1.85	-1.02	-0.233	26712.0	72.8	1.0
theta[208]	0.619	0.00377	0.554	-0.27	0.613	1.55	21551.0	58.8	1.0
theta[209]	0.936	0.00368	0.574	0.0335	0.913	1.89	24359.0	66.4	1.0
theta[210]	0.24	0.00317	0.505	-0.58	0.234	1.08	25480.0	69.5	1.0
theta[211]	-0.63	0.00325	0.498	-1.45	-0.631	0.185	23464.0	64.0	1.0
theta[212]	-0.835	0.00296	0.482	-1.63	-0.831	-0.045	26469.0	72.2	1.0
theta[213]	0.226	0.00309	0.492	-0.564	0.216	1.06	25409.0	69.3	1.0
theta[214]	-0.107	0.00333	0.502	-0.924	-0.118	0.735	22684.0	61.8	1.0
theta[215]	0.249	0.00337	0.534	-0.614	0.234	1.13	25099.0	68.4	1.0
theta[216]	0.879	0.0041	0.58	-0.0414	0.86	1.86	20046.0	54.7	1.0
theta[217]	0.663	0.00359	0.544	-0.206	0.645	1.57	22940.0	62.5	1.0
theta[218]	1.28	0.00407	0.62	0.301	1.26	2.34	23269.0	63.4	1.0
theta[219]	-0.00409	0.00342	0.518	-0.838	-0.0171	0.86	22977.0	62.6	1.0
theta[220]	0.342	0.00306	0.493	-0.457	0.34	1.16	26074.0	71.1	1.0
theta[221]	-0.242	0.00302	0.486	-1.03	-0.246	0.566	25850.0	70.5	1.0
theta[222]	-0.308	0.00307	0.482	-1.09	-0.309	0.481	24724.0	67.4	1.0
theta[223]	1.02	0.00367	0.561	0.126	1.01	1.96	23310.0	63.6	1.0
theta[224]	0.12	0.00324	0.508	-0.698	0.11	0.962	24656.0	67.2	1.0
theta[225]	-0.627	0.00313	0.485	-1.43	-0.629	0.175	24057.0	65.6	1.0
theta[226]	-0.341	0.00302	0.476	-1.13	-0.34	0.44	24824.0	67.7	1.0
theta[227]	0.693	0.00327	0.534	-0.164	0.678	1.59	26693.0	72.8	1.0
theta[228]	0.406	0.00324	0.522	-0.426	0.393	1.29	26016.0	70.9	1.0
theta[229]	0.886	0.00361	0.568	-0.0218	0.868	1.86	24716.0	67.4	1.0
theta[230]	0.0951	0.00332	0.526	-0.766	0.0907	0.98	25049.0	68.3	1.0
theta[231]	-2.08	0.00357	0.536	-2.98	-2.07	-1.22	22561.0	61.5	1.0
theta[232]	-1.12	0.00307	0.482	-1.91	-1.11	-0.343	24697.0	67.3	1.0
theta[233]	0.156	0.00321	0.505	-0.659	0.152	0.987	24725.0	67.4	1.0
theta[234]	-0.461	0.0031	0.487	-1.26	-0.465	0.346	24691.0	67.3	1.0
theta[235]	0.938	0.0039	0.587	0.009	0.916	1.93	22720.0	61.9	1.0
theta[236]	0.855	0.00335	0.519	0.0137	0.842	1.74	23986.0	65.4	1.0
theta[237]	0.139	0.00336	0.511	-0.681	0.13	0.991	23054.0	62.9	1.0
theta[238]	0.4	0.00338	0.517	-0.435	0.392	1.26	23413.0	63.8	1.0
theta[239]	-1.2	0.00326	0.494	-2.0	-1.19	-0.39	23030.0	62.8	1.0
theta[240]	-0.0668	0.00314	0.496	-0.877	-0.0745	0.76	24925.0	68.0	1.0
theta[241]	-0.768	0.00306	0.471	-1.53	-0.769	0.00377	23675.0	64.5	1.0
theta[242]	0.806	0.00376	0.578	-0.121	0.785	1.79	23670.0	64.5	1.0
theta[243]	-0.475	0.00297	0.485	-1.28	-0.477	0.325	26596.0	72.5	1.0
theta[244]	-0.557	0.0031	0.483	-1.35	-0.557	0.243	24222.0	66.0	1.0
theta[245]	0.727	0.00353	0.539	-0.13	0.715	1.64	23368.0	63.7	1.0
theta[246]	-1.52	0.0032	0.505	-2.38	-1.51	-0.686	24975.0	68.1	1.0
theta[247]	-0.657	0.00303	0.467	-1.43	-0.652	0.107	23784.0	64.8	1.0
theta[248]	0.144	0.00328	0.505	-0.674	0.139	0.987	23656.0	64.5	1.0
theta[249]	0.742	0.00361	0.55	-0.13	0.729	1.66	23145.0	63.1	1.0
theta[250]	-0.296	0.00301	0.482	-1.08	-0.297	0.494	25736.0	70.2	1.0
theta[251]	0.102	0.00333	0.509	-0.716	0.094	0.941	23440.0	63.9	1.0
theta[252]	-0.21	0.00311	0.488	-1.01	-0.213	0.605	24681.0	67.3	1.0
theta[253]	1.75	0.00427	0.646	0.732	1.72	2.87	22959.0	62.6	1.0
theta[254]	1.05	0.00383	0.569	0.147	1.03	2.0	22111.0	60.3	1.0
theta[255]	-1.26	0.00345	0.531	-2.14	-1.25	-0.401	23658.0	64.5	1.0
theta[256]	0.00516	0.00309	0.489	-0.794	0.000814	0.827	24943.0	68.0	1.0
theta[257]	1.05	0.00383	0.579	0.136	1.04	2.02	22880.0	62.4	1.0
theta[258]	-0.743	0.00301	0.484	-1.54	-0.744	0.043	25802.0	70.3	1.0
theta[259]	-0.334	0.00317	0.491	-1.13	-0.339	0.485	24006.0	65.4	1.0
theta[260]	0.773	0.00355	0.547	-0.0946	0.759	1.7	23712.0	64.6	1.0
theta[261]	1.26	0.00412	0.617	0.292	1.24	2.32	22412.0	61.1	1.0
theta[262]	0.366	0.00322	0.514	-0.462	0.355	1.23	25497.0	69.5	1.0
theta[263]	-0.229	0.00302	0.477	-1.01	-0.231	0.549	24972.0	68.1	1.0
theta[264]	-0.103	0.00305	0.489	-0.906	-0.106	0.725	25667.0	70.0	1.0
theta[265]	0.301	0.00342	0.498	-0.49	0.288	1.14	21151.0	57.7	1.0
theta[266]	0.573	0.00368	0.562	-0.319	0.556	1.53	23310.0	63.6	1.0
theta[267]	0.159	0.00336	0.503	-0.661	0.148	1.01	22318.0	60.8	1.0
theta[268]	1.22	0.004	0.638	0.195	1.19	2.33	25476.0	69.5	1.0
theta[269]	0.156	0.00339	0.514	-0.67	0.151	1.02	22973.0	62.6	1.0
theta[270]	0.187	0.00334	0.499	-0.625	0.183	1.02	22368.0	61.0	1.0
theta[271]	1.02	0.00392	0.565	0.13	1.0	1.98	20804.0	56.7	1.0
theta[272]	0.54	0.00347	0.535	-0.309	0.521	1.46	23813.0	64.9	1.0
theta[273]	-0.147	0.00306	0.492	-0.949	-0.153	0.678	25754.0	70.2	1.0
theta[274]	-1.42	0.00315	0.493	-2.24	-1.41	-0.619	24458.0	66.7	1.0
theta[275]	0.754	0.00338	0.538	-0.0967	0.739	1.66	25324.0	69.0	1.0
theta[276]	0.36	0.00326	0.498	-0.449	0.352	1.19	23292.0	63.5	1.0
theta[277]	0.32	0.00325	0.51	-0.501	0.311	1.18	24522.0	66.9	1.0
theta[278]	1.49	0.00388	0.599	0.545	1.47	2.51	23894.0	65.1	1.0
theta[279]	-0.396	0.00314	0.49	-1.19	-0.4	0.423	24290.0	66.2	1.0
theta[280]	-0.467	0.00307	0.479	-1.25	-0.467	0.317	24414.0	66.6	1.0
theta[281]	-0.148	0.00305	0.51	-0.973	-0.154	0.702	27948.0	76.2	1.0
theta[282]	0.714	0.00337	0.535	-0.142	0.701	1.63	25181.0	68.7	1.0
theta[283]	-0.125	0.00341	0.533	-0.99	-0.129	0.755	24499.0	66.8	1.0
theta[284]	0.585	0.00325	0.504	-0.226	0.567	1.44	24034.0	65.5	1.0
theta[285]	-0.143	0.00326	0.489	-0.933	-0.147	0.656	22452.0	61.2	1.0
theta[286]	0.886	0.00384	0.568	-0.0226	0.861	1.87	21930.0	59.8	1.0
theta[287]	-0.638	0.00318	0.478	-1.43	-0.642	0.156	22511.0	61.4	1.0
theta[288]	0.447	0.00335	0.525	-0.396	0.445	1.32	24573.0	67.0	1.0
theta[289]	0.974	0.00374	0.56	0.082	0.954	1.92	22392.0	61.0	1.0
theta[290]	-1.9	0.00367	0.544	-2.82	-1.89	-1.03	21923.0	59.8	1.0
theta[291]	-0.237	0.00335	0.506	-1.04	-0.245	0.589	22838.0	62.3	1.0
theta[292]	-0.232	0.00296	0.501	-1.04	-0.238	0.604	28677.0	78.2	1.0
theta[293]	0.00231	0.00309	0.498	-0.811	-0.00617	0.83	26062.0	71.1	1.0
theta[294]	1.36	0.00406	0.608	0.405	1.33	2.4	22396.0	61.1	1.0
theta[295]	1.68	0.00432	0.653	0.643	1.66	2.79	22824.0	62.2	1.0
theta[296]	-0.761	0.00306	0.481	-1.54	-0.763	0.0109	24662.0	67.2	1.0
theta[297]	-0.823	0.00323	0.499	-1.64	-0.82	0.00879	23825.0	65.0	1.0
theta[298]	1.47	0.00401	0.591	0.536	1.45	2.47	21774.0	59.4	1.0
theta[299]	1.33	0.00412	0.624	0.346	1.31	2.4	22948.0	62.6	1.0
theta[300]	-0.751	0.00306	0.481	-1.53	-0.753	0.0474	24716.0	67.4	1.0
theta[301]	-0.53	0.00298	0.492	-1.35	-0.535	0.279	27185.0	74.1	1.0
theta[302]	-0.297	0.00328	0.503	-1.11	-0.307	0.544	23517.0	64.1	1.0
theta[303]	-1.5	0.00344	0.507	-2.35	-1.49	-0.68	21740.0	59.3	1.0
theta[304]	0.708	0.0037	0.556	-0.181	0.702	1.63	22501.0	61.3	1.0
theta[305]	0.287	0.00338	0.527	-0.569	0.283	1.16	24303.0	66.3	1.0
theta[306]	0.0657	0.00322	0.481	-0.725	0.0611	0.866	22380.0	61.0	1.0
theta[307]	-0.0661	0.00327	0.51	-0.896	-0.0754	0.77	24392.0	66.5	1.0
theta[308]	-0.125	0.003	0.494	-0.917	-0.13	0.695	27142.0	74.0	1.0
theta[309]	-0.686	0.00296	0.482	-1.47	-0.688	0.109	26411.0	72.0	1.0
theta[310]	0.14	0.00327	0.498	-0.669	0.135	0.972	23251.0	63.4	1.0
theta[311]	0.997	0.00381	0.572	0.0958	0.978	1.97	22570.0	61.5	1.0
theta[312]	-0.115	0.00318	0.484	-0.889	-0.117	0.681	23180.0	63.2	1.0
theta[313]	0.216	0.00314	0.497	-0.59	0.208	1.04	25042.0	68.3	1.0
theta[314]	-0.0368	0.00315	0.498	-0.851	-0.0432	0.792	24983.0	68.1	1.0
theta[315]	0.325	0.00319	0.517	-0.515	0.319	1.19	26267.0	71.6	1.0
theta[316]	-0.277	0.00325	0.49	-1.07	-0.279	0.534	22708.0	61.9	1.0
theta[317]	-0.793	0.00307	0.485	-1.6	-0.791	-0.0085	24974.0	68.1	1.0
theta[318]	-0.0521	0.0031	0.497	-0.84	-0.0603	0.783	25734.0	70.2	1.0
theta[319]	0.786	0.00357	0.578	-0.134	0.768	1.77	26224.0	71.5	1.0
theta[320]	0.0923	0.00311	0.492	-0.704	0.083	0.902	25089.0	68.4	1.0
theta[321]	0.253	0.00345	0.523	-0.597	0.24	1.12	22970.0	62.6	1.0
theta[322]	-0.133	0.00312	0.482	-0.922	-0.136	0.667	23948.0	65.3	1.0
theta[323]	0.222	0.0032	0.499	-0.581	0.209	1.06	24378.0	66.5	1.0
theta[324]	-0.256	0.00326	0.501	-1.07	-0.257	0.569	23551.0	64.2	1.0
theta[325]	-0.541	0.00305	0.482	-1.34	-0.546	0.245	24960.0	68.0	1.0
theta[326]	-0.163	0.00307	0.485	-0.96	-0.164	0.633	24978.0	68.1	1.0
theta[327]	-0.191	0.00309	0.49	-0.99	-0.192	0.621	25205.0	68.7	1.0
theta[328]	-0.709	0.00323	0.479	-1.5	-0.712	0.093	22078.0	60.2	1.0
theta[329]	-0.978	0.00286	0.484	-1.78	-0.978	-0.188	28565.0	77.9	1.0
theta[330]	0.749	0.00337	0.527	-0.102	0.73	1.63	24493.0	66.8	1.0
theta[331]	0.425	0.00342	0.525	-0.419	0.417	1.29	23611.0	64.4	1.0
theta[332]	0.0669	0.00352	0.505	-0.734	0.0575	0.909	20589.0	56.1	1.0
theta[333]	-0.848	0.0032	0.488	-1.66	-0.842	-0.066	23193.0	63.2	1.0
theta[334]	0.0107	0.0033	0.507	-0.789	0.00229	0.846	23560.0	64.2	1.0
theta[335]	1.0	0.00346	0.56	0.119	0.982	1.95	26183.0	71.4	1.0
theta[336]	0.506	0.00327	0.508	-0.313	0.497	1.36	24021.0	65.5	1.0
theta[337]	-0.483	0.00303	0.481	-1.27	-0.487	0.308	25198.0	68.7	1.0
theta[338]	0.453	0.00323	0.51	-0.362	0.445	1.31	24860.0	67.8	1.0
theta[339]	0.0659	0.00317	0.474	-0.708	0.0644	0.843	22336.0	60.9	1.0
theta[340]	-0.335	0.00303	0.485	-1.12	-0.342	0.457	25654.0	69.9	1.0
theta[341]	0.507	0.00356	0.558	-0.388	0.499	1.45	24660.0	67.2	1.0
theta[342]	0.13	0.00326	0.524	-0.716	0.122	0.999	25803.0	70.3	1.0
theta[343]	0.536	0.00368	0.574	-0.383	0.523	1.5	24246.0	66.1	1.0
theta[344]	-0.923	0.00296	0.482	-1.73	-0.92	-0.133	26531.0	72.3	1.0
theta[345]	0.368	0.00343	0.527	-0.474	0.356	1.25	23606.0	64.4	1.0
theta[346]	0.417	0.00328	0.524	-0.418	0.405	1.29	25586.0	69.8	1.0
theta[347]	0.768	0.00348	0.542	-0.102	0.753	1.68	24302.0	66.3	1.0
theta[348]	0.329	0.00345	0.536	-0.544	0.32	1.24	24099.0	65.7	1.0
theta[349]	1.12	0.00407	0.614	0.154	1.09	2.17	22792.0	62.1	1.0
theta[350]	-0.0444	0.00304	0.482	-0.821	-0.0505	0.752	25057.0	68.3	1.0
theta[351]	0.371	0.00352	0.519	-0.457	0.36	1.24	21651.0	59.0	1.0
theta[352]	-0.416	0.0029	0.476	-1.2	-0.419	0.373	26965.0	73.5	1.0
theta[353]	1.38	0.00373	0.601	0.438	1.37	2.4	25918.0	70.7	1.0
theta[354]	-0.974	0.00311	0.48	-1.77	-0.966	-0.194	23858.0	65.0	1.0
theta[355]	0.103	0.00315	0.498	-0.699	0.0939	0.939	25014.0	68.2	1.0
theta[356]	1.46	0.00372	0.591	0.527	1.44	2.45	25234.0	68.8	1.0
theta[357]	-0.342	0.00325	0.477	-1.11	-0.344	0.441	21504.0	58.6	1.0
theta[358]	-0.0604	0.0031	0.482	-0.843	-0.0583	0.74	24164.0	65.9	1.0
theta[359]	-0.9	0.00291	0.466	-1.68	-0.895	-0.142	25694.0	70.0	1.0
theta[360]	0.141	0.00338	0.51	-0.68	0.132	0.998	22779.0	62.1	1.0
theta[361]	-0.276	0.00309	0.475	-1.05	-0.274	0.51	23621.0	64.4	1.0
theta[362]	-0.887	0.00303	0.494	-1.69	-0.885	-0.0805	26550.0	72.4	1.0
theta[363]	-0.88	0.00309	0.485	-1.68	-0.879	-0.0883	24604.0	67.1	1.0
theta[364]	0.193	0.00334	0.504	-0.624	0.185	1.05	22806.0	62.2	1.0
theta[365]	0.86	0.00345	0.542	-0.0112	0.847	1.77	24662.0	67.2	1.0
theta[366]	1.03	0.00364	0.565	0.127	1.01	1.99	24022.0	65.5	1.0
theta[367]	0.728	0.00349	0.538	-0.136	0.71	1.65	23793.0	64.9	1.0
theta[368]	-1.34	0.00329	0.501	-2.17	-1.33	-0.521	23250.0	63.4	1.0
theta[369]	-0.141	0.00353	0.54	-1.02	-0.15	0.767	23448.0	63.9	1.0
theta[370]	-0.0338	0.00302	0.477	-0.806	-0.039	0.754	24990.0	68.1	1.0
theta[371]	-0.758	0.00308	0.479	-1.54	-0.761	0.0424	24282.0	66.2	1.0
theta[372]	-1.67	0.00341	0.521	-2.55	-1.66	-0.838	23288.0	63.5	1.0
theta[373]	0.564	0.00352	0.537	-0.284	0.551	1.47	23225.0	63.3	1.0
theta[374]	0.659	0.00346	0.532	-0.189	0.647	1.56	23674.0	64.5	1.0
theta[375]	-1.21	0.00324	0.486	-2.02	-1.21	-0.424	22468.0	61.3	1.0
theta[376]	0.168	0.00328	0.507	-0.66	0.163	1.02	23989.0	65.4	1.0
theta[377]	-1.53	0.0031	0.51	-2.38	-1.52	-0.704	27112.0	73.9	1.0
theta[378]	0.952	0.00382	0.57	0.048	0.935	1.91	22304.0	60.8	1.0
theta[379]	-1.24	0.00319	0.49	-2.05	-1.23	-0.448	23668.0	64.5	1.0
theta[380]	-1.26	0.00312	0.49	-2.08	-1.26	-0.461	24687.0	67.3	1.0
theta[381]	-0.206	0.00314	0.5	-1.02	-0.212	0.626	25270.0	68.9	1.0
theta[382]	1.37	0.0039	0.6	0.42	1.34	2.4	23598.0	64.3	1.0
theta[383]	-0.166	0.00304	0.478	-0.944	-0.174	0.628	24742.0	67.5	1.0
theta[384]	-0.729	0.00301	0.483	-1.53	-0.727	0.0736	25854.0	70.5	1.0
theta[385]	0.582	0.00342	0.528	-0.239	0.567	1.46	23794.0	64.9	1.0
theta[386]	0.0275	0.00331	0.517	-0.802	0.016	0.887	24473.0	66.7	1.0
theta[387]	0.408	0.0035	0.532	-0.449	0.398	1.3	23117.0	63.0	1.0
theta[388]	-0.184	0.00314	0.499	-1.0	-0.188	0.655	25162.0	68.6	1.0
theta[389]	0.286	0.00369	0.532	-0.575	0.279	1.17	20818.0	56.8	1.0
theta[390]	-0.11	0.00311	0.507	-0.934	-0.12	0.735	26522.0	72.3	1.0
theta[391]	0.817	0.00424	0.593	-0.124	0.796	1.82	19572.0	53.4	1.0
theta[392]	0.106	0.00305	0.502	-0.716	0.0947	0.94	27048.0	73.7	1.0
theta[393]	-1.63	0.00311	0.508	-2.48	-1.61	-0.813	26700.0	72.8	1.0
theta[394]	0.885	0.00375	0.576	-0.0342	0.862	1.86	23578.0	64.3	1.0
theta[395]	-0.111	0.00304	0.486	-0.891	-0.117	0.695	25474.0	69.4	1.0
theta[396]	0.8	0.00338	0.534	-0.0412	0.78	1.7	24962.0	68.1	1.0
theta[397]	-0.4	0.00326	0.507	-1.24	-0.395	0.434	24252.0	66.1	1.0
theta[398]	0.134	0.00321	0.511	-0.675	0.12	0.998	25366.0	69.2	1.0
theta[399]	0.373	0.00335	0.518	-0.464	0.359	1.25	23922.0	65.2	1.0
theta[400]	-1.66	0.00326	0.505	-2.5	-1.65	-0.841	24037.0	65.5	1.0
theta[401]	0.902	0.00386	0.579	-0.0111	0.884	1.88	22503.0	61.3	1.0
theta[402]	-0.111	0.00301	0.5	-0.906	-0.127	0.73	27676.0	75.5	1.0
theta[403]	0.0953	0.00331	0.509	-0.723	0.0888	0.947	23707.0	64.6	1.0
theta[404]	-0.448	0.00311	0.498	-1.27	-0.446	0.369	25601.0	69.8	1.0
theta[405]	-1.96	0.00327	0.561	-2.9	-1.94	-1.05	29399.0	80.1	1.0
theta[406]	-0.835	0.00298	0.487	-1.64	-0.835	-0.0352	26734.0	72.9	1.0
theta[407]	0.737	0.00339	0.539	-0.131	0.732	1.64	25255.0	68.9	1.0
theta[408]	-0.319	0.00324	0.481	-1.11	-0.318	0.475	22101.0	60.3	1.0
theta[409]	0.321	0.00358	0.525	-0.521	0.31	1.2	21487.0	58.6	1.0
theta[410]	0.266	0.00312	0.51	-0.555	0.258	1.12	26613.0	72.6	1.0
theta[411]	-0.594	0.0029	0.476	-1.38	-0.594	0.191	26878.0	73.3	1.0
theta[412]	0.325	0.00318	0.489	-0.471	0.32	1.14	23539.0	64.2	1.0
theta[413]	-0.485	0.00309	0.485	-1.28	-0.488	0.312	24650.0	67.2	1.0
theta[414]	0.671	0.00334	0.541	-0.195	0.653	1.58	26270.0	71.6	1.0
theta[415]	-2.17	0.00381	0.566	-3.14	-2.16	-1.27	22132.0	60.3	1.0
theta[416]	0.385	0.00331	0.527	-0.461	0.374	1.26	25377.0	69.2	1.0
theta[417]	0.971	0.00384	0.58	0.055	0.948	1.97	22876.0	62.4	1.0
theta[418]	0.167	0.00338	0.504	-0.657	0.159	1.01	22277.0	60.7	1.0
theta[419]	-0.351	0.00322	0.489	-1.15	-0.353	0.452	23051.0	62.8	1.0
theta[420]	0.373	0.00333	0.533	-0.476	0.36	1.26	25592.0	69.8	1.0
theta[421]	1.72	0.00413	0.645	0.717	1.7	2.83	24371.0	66.4	1.0
theta[422]	0.325	0.00336	0.505	-0.491	0.321	1.18	22632.0	61.7	1.0
theta[423]	-0.663	0.0032	0.473	-1.44	-0.664	0.122	21802.0	59.4	1.0
theta[424]	0.411	0.00342	0.539	-0.467	0.399	1.33	24859.0	67.8	1.0
theta[425]	0.131	0.00322	0.511	-0.684	0.123	0.993	25271.0	68.9	1.0
theta[426]	-0.161	0.0031	0.489	-0.957	-0.163	0.653	24822.0	67.7	1.0
theta[427]	-0.275	0.00305	0.479	-1.05	-0.279	0.516	24572.0	67.0	1.0
theta[428]	-0.113	0.00336	0.558	-1.01	-0.128	0.831	27555.0	75.1	1.0
theta[429]	-0.438	0.00319	0.481	-1.23	-0.433	0.348	22674.0	61.8	1.0
theta[430]	1.05	0.00359	0.561	0.145	1.04	1.98	24396.0	66.5	1.0
theta[431]	0.544	0.00347	0.509	-0.275	0.539	1.42	21513.0	58.7	1.0
theta[432]	-0.241	0.0031	0.476	-1.02	-0.242	0.548	23533.0	64.2	1.0
theta[433]	-0.375	0.00311	0.497	-1.19	-0.378	0.451	25419.0	69.3	1.0
theta[434]	-1.29	0.00325	0.5	-2.13	-1.29	-0.486	23636.0	64.4	1.0
theta[435]	0.0198	0.00315	0.504	-0.804	0.0138	0.851	25670.0	70.0	1.0
theta[436]	1.32	0.00403	0.616	0.354	1.3	2.39	23455.0	63.9	1.0
theta[437]	-0.46	0.00301	0.474	-1.23	-0.465	0.312	24889.0	67.9	1.0
theta[438]	0.492	0.00345	0.53	-0.367	0.485	1.37	23594.0	64.3	1.0
theta[439]	0.74	0.00361	0.536	-0.127	0.727	1.64	22004.0	60.0	1.0
theta[440]	-0.793	0.00294	0.482	-1.59	-0.792	-0.011	26866.0	73.2	1.0
theta[441]	-0.226	0.00337	0.511	-1.07	-0.235	0.625	22974.0	62.6	1.0
theta[442]	0.61	0.00354	0.516	-0.219	0.6	1.47	21281.0	58.0	1.0
theta[443]	0.942	0.00368	0.572	0.0454	0.922	1.91	24184.0	65.9	1.0
theta[444]	0.317	0.00342	0.514	-0.489	0.302	1.17	22561.0	61.5	1.0
theta[445]	0.983	0.00395	0.573	0.0791	0.959	1.95	21050.0	57.4	1.0
theta[446]	1.51	0.00392	0.594	0.573	1.5	2.53	22987.0	62.7	1.0
theta[447]	-1.09	0.00306	0.508	-1.92	-1.08	-0.249	27487.0	74.9	1.0
theta[448]	0.24	0.00325	0.503	-0.567	0.229	1.09	23963.0	65.3	1.0
theta[449]	-0.0202	0.00324	0.5	-0.825	-0.0268	0.808	23758.0	64.8	1.0
theta[450]	0.759	0.00339	0.528	-0.0893	0.749	1.65	24291.0	66.2	1.0
theta[451]	0.45	0.0035	0.523	-0.404	0.444	1.33	22366.0	61.0	1.0
theta[452]	0.68	0.00332	0.538	-0.173	0.66	1.59	26204.0	71.4	1.0
theta[453]	0.191	0.00318	0.505	-0.624	0.186	1.03	25124.0	68.5	1.0
theta[454]	-0.604	0.00319	0.499	-1.43	-0.601	0.221	24485.0	66.8	1.0
theta[455]	-1.53	0.00326	0.482	-2.34	-1.52	-0.746	21877.0	59.6	1.0
theta[456]	0.528	0.00361	0.547	-0.354	0.514	1.48	22925.0	62.5	1.0
theta[457]	-0.591	0.00286	0.48	-1.38	-0.588	0.208	28148.0	76.7	1.0
theta[458]	-1.49	0.00331	0.507	-2.33	-1.49	-0.673	23445.0	63.9	1.0
theta[459]	0.322	0.00327	0.527	-0.532	0.315	1.19	25965.0	70.8	1.0
theta[460]	0.0237	0.00338	0.51	-0.799	0.0125	0.874	22856.0	62.3	1.0
theta[461]	-0.92	0.00293	0.47	-1.7	-0.919	-0.152	25759.0	70.2	1.0
theta[462]	-0.136	0.00296	0.496	-0.94	-0.141	0.684	28022.0	76.4	1.0
theta[463]	0.337	0.00341	0.528	-0.508	0.325	1.23	23951.0	65.3	1.0
theta[464]	0.0303	0.00302	0.498	-0.779	0.0205	0.86	27157.0	74.0	1.0
theta[465]	-0.615	0.00321	0.488	-1.41	-0.618	0.185	23177.0	63.2	1.0
theta[466]	1.34	0.00391	0.616	0.364	1.32	2.4	24828.0	67.7	1.0
theta[467]	0.377	0.00339	0.515	-0.454	0.364	1.24	23085.0	62.9	1.0
theta[468]	-0.853	0.00313	0.486	-1.66	-0.852	-0.057	24090.0	65.7	1.0
theta[469]	0.128	0.00314	0.505	-0.704	0.123	0.969	25828.0	70.4	1.0
theta[470]	-1.02	0.00318	0.474	-1.81	-1.01	-0.25	22288.0	60.8	1.0
theta[471]	0.334	0.00329	0.519	-0.518	0.322	1.2	24950.0	68.0	1.0
theta[472]	0.266	0.00356	0.532	-0.587	0.255	1.16	22299.0	60.8	1.0
theta[473]	-0.744	0.00304	0.468	-1.52	-0.742	0.0275	23610.0	64.4	1.0
theta[474]	0.615	0.00354	0.555	-0.263	0.599	1.56	24615.0	67.1	1.0
theta[475]	-1.15	0.00317	0.484	-1.95	-1.14	-0.362	23369.0	63.7	1.0
theta[476]	-0.83	0.00306	0.483	-1.62	-0.831	-0.0469	24961.0	68.1	1.0
theta[477]	0.157	0.00301	0.499	-0.648	0.151	0.986	27517.0	75.0	1.0
theta[478]	-0.425	0.00293	0.495	-1.22	-0.427	0.402	28653.0	78.1	1.0
theta[479]	0.793	0.00358	0.543	-0.0878	0.781	1.71	22977.0	62.6	1.0
theta[480]	0.831	0.00339	0.533	-0.019	0.814	1.75	24718.0	67.4	1.0
theta[481]	-0.526	0.00307	0.484	-1.32	-0.531	0.269	24845.0	67.7	1.0
theta[482]	0.407	0.00316	0.515	-0.422	0.392	1.28	26510.0	72.3	1.0
theta[483]	0.899	0.00376	0.59	-0.0277	0.878	1.9	24593.0	67.0	1.0
theta[484]	-0.226	0.00301	0.489	-1.03	-0.228	0.59	26375.0	71.9	1.0
theta[485]	-0.308	0.00304	0.475	-1.09	-0.311	0.472	24500.0	66.8	1.0
theta[486]	-0.0655	0.00292	0.476	-0.843	-0.0696	0.733	26629.0	72.6	1.0
theta[487]	0.028	0.00303	0.513	-0.789	0.0203	0.87	28685.0	78.2	1.0
theta[488]	-0.968	0.00309	0.488	-1.76	-0.968	-0.173	24929.0	68.0	1.0
theta[489]	-0.828	0.00302	0.492	-1.64	-0.828	-0.0124	26475.0	72.2	1.0
theta[490]	0.555	0.00331	0.52	-0.289	0.544	1.42	24677.0	67.3	1.0
theta[491]	-1.04	0.00327	0.493	-1.86	-1.04	-0.236	22789.0	62.1	1.0
theta[492]	0.13	0.00309	0.506	-0.684	0.121	0.967	26891.0	73.3	1.0
theta[493]	-0.186	0.00303	0.479	-0.976	-0.196	0.606	25098.0	68.4	1.0
theta[494]	-0.165	0.00313	0.504	-0.992	-0.168	0.667	25999.0	70.9	1.0
theta[495]	1.33	0.00413	0.604	0.372	1.31	2.37	21392.0	58.3	1.0
theta[496]	0.117	0.00332	0.501	-0.693	0.104	0.961	22823.0	62.2	1.0
theta[497]	0.925	0.00399	0.58	0.00381	0.906	1.92	21187.0	57.8	1.0
theta[498]	-0.491	0.00315	0.481	-1.28	-0.494	0.311	23365.0	63.7	1.0
theta[499]	0.464	0.0032	0.514	-0.369	0.458	1.33	25879.0	70.6	1.0
theta[500]	0.783	0.00352	0.529	-0.0588	0.769	1.67	22604.0	61.6	1.0
theta[501]	0.226	0.00322	0.511	-0.595	0.217	1.09	25225.0	68.8	1.0
theta[502]	0.365	0.00351	0.524	-0.472	0.355	1.24	22258.0	60.7	1.0
theta[503]	-0.795	0.00297	0.476	-1.57	-0.793	-0.0169	25707.0	70.1	1.0
theta[504]	-1.27	0.00312	0.491	-2.09	-1.26	-0.476	24796.0	67.6	1.0
theta[505]	0.716	0.00364	0.539	-0.134	0.697	1.64	21903.0	59.7	1.0
theta[506]	-1.55	0.00316	0.519	-2.43	-1.54	-0.724	26883.0	73.3	1.0
theta[507]	-0.895	0.0032	0.501	-1.72	-0.889	-0.0854	24565.0	67.0	1.0
theta[508]	0.583	0.00367	0.542	-0.289	0.568	1.51	21778.0	59.4	1.0
theta[509]	-1.03	0.0031	0.478	-1.81	-1.02	-0.25	23840.0	65.0	1.0
theta[510]	0.0176	0.00325	0.513	-0.823	0.00666	0.876	24950.0	68.0	1.0
theta[511]	-0.128	0.00289	0.474	-0.907	-0.132	0.653	26884.0	73.3	1.0
theta[512]	0.676	0.00348	0.539	-0.181	0.664	1.57	23971.0	65.4	1.0
theta[513]	-1.39	0.00294	0.468	-2.17	-1.39	-0.625	25462.0	69.4	1.0
theta[514]	0.592	0.00342	0.545	-0.282	0.586	1.5	25427.0	69.3	1.0
theta[515]	0.691	0.00358	0.544	-0.177	0.682	1.61	23072.0	62.9	1.0
theta[516]	0.153	0.00314	0.503	-0.658	0.148	0.997	25671.0	70.0	1.0
theta[517]	-0.223	0.00319	0.509	-1.05	-0.233	0.622	25392.0	69.2	1.0
theta[518]	0.765	0.00318	0.528	-0.0885	0.753	1.66	27535.0	75.1	1.0
theta[519]	1.49	0.00401	0.592	0.552	1.47	2.51	21792.0	59.4	1.0
theta[520]	-1.15	0.0032	0.496	-1.99	-1.15	-0.355	24019.0	65.5	1.0
theta[521]	0.24	0.00351	0.546	-0.644	0.232	1.14	24100.0	65.7	1.0
theta[522]	0.352	0.00337	0.528	-0.493	0.344	1.23	24554.0	66.9	1.0
theta[523]	0.729	0.00346	0.553	-0.161	0.712	1.65	25445.0	69.4	1.0
theta[524]	0.322	0.00327	0.515	-0.499	0.309	1.18	24872.0	67.8	1.0
theta[525]	0.367	0.00352	0.53	-0.476	0.353	1.26	22630.0	61.7	1.0
theta[526]	-0.944	0.00324	0.485	-1.73	-0.947	-0.175	22371.0	61.0	1.0
theta[527]	0.583	0.00361	0.566	-0.317	0.574	1.54	24558.0	67.0	1.0
theta[528]	0.552	0.00329	0.504	-0.263	0.542	1.4	23553.0	64.2	1.0
theta[529]	0.0235	0.00348	0.502	-0.795	0.0145	0.85	20814.0	56.7	1.0
theta[530]	0.0569	0.00311	0.495	-0.744	0.0469	0.895	25360.0	69.1	1.0
theta[531]	-1.42	0.00305	0.505	-2.26	-1.42	-0.601	27313.0	74.5	1.0
theta[532]	-0.146	0.00297	0.476	-0.916	-0.153	0.641	25655.0	69.9	1.0
theta[533]	-0.3	0.00306	0.498	-1.12	-0.301	0.529	26554.0	72.4	1.0
theta[534]	-0.811	0.00299	0.473	-1.58	-0.81	-0.0313	24997.0	68.1	1.0
theta[535]	0.104	0.00318	0.502	-0.707	0.0988	0.953	24944.0	68.0	1.0
theta[536]	-0.0815	0.0031	0.477	-0.858	-0.087	0.717	23736.0	64.7	1.0
theta[537]	0.754	0.00356	0.537	-0.101	0.744	1.66	22711.0	61.9	1.0
theta[538]	-1.47	0.00326	0.497	-2.31	-1.45	-0.666	23272.0	63.4	1.0
theta[539]	0.94	0.00397	0.579	0.0158	0.92	1.92	21268.0	58.0	1.0
theta[540]	-0.882	0.00301	0.488	-1.69	-0.878	-0.0748	26247.0	71.6	1.0
theta[541]	-0.717	0.0032	0.501	-1.53	-0.715	0.115	24574.0	67.0	1.0
theta[542]	0.832	0.00343	0.533	-0.00775	0.817	1.72	24100.0	65.7	1.0
theta[543]	-0.0666	0.00316	0.49	-0.868	-0.0696	0.755	24130.0	65.8	1.0
theta[544]	-1.29	0.00308	0.501	-2.14	-1.28	-0.484	26424.0	72.0	1.0
theta[545]	-1.41	0.00329	0.502	-2.26	-1.4	-0.598	23314.0	63.6	1.0
theta[546]	-0.135	0.00309	0.496	-0.941	-0.132	0.689	25838.0	70.4	1.0
theta[547]	1.51	0.00388	0.591	0.572	1.48	2.51	23200.0	63.2	1.0
theta[548]	0.577	0.00316	0.52	-0.261	0.565	1.44	27161.0	74.0	1.0
theta[549]	0.588	0.00364	0.554	-0.295	0.58	1.52	23170.0	63.2	1.0
theta[550]	0.585	0.0035	0.54	-0.276	0.568	1.49	23837.0	65.0	1.0
theta[551]	0.777	0.00379	0.583	-0.143	0.752	1.76	23650.0	64.5	1.0
theta[552]	-0.807	0.00314	0.507	-1.64	-0.804	0.0309	26155.0	71.3	1.0
theta[553]	0.17	0.00305	0.492	-0.619	0.158	0.981	25951.0	70.7	1.0
theta[554]	-0.326	0.00298	0.481	-1.12	-0.325	0.458	26132.0	71.2	1.0
theta[555]	0.211	0.00326	0.509	-0.614	0.203	1.06	24413.0	66.6	1.0
theta[556]	-0.0557	0.00309	0.482	-0.835	-0.0674	0.751	24377.0	66.5	1.0
theta[557]	-0.186	0.00299	0.48	-0.96	-0.192	0.615	25790.0	70.3	1.0
theta[558]	0.685	0.00382	0.545	-0.189	0.666	1.61	20351.0	55.5	1.0
theta[559]	-1.1	0.00305	0.49	-1.92	-1.09	-0.3	25806.0	70.4	1.0
theta[560]	0.172	0.00334	0.542	-0.689	0.161	1.08	26308.0	71.7	1.0
theta[561]	0.593	0.0034	0.542	-0.266	0.579	1.51	25377.0	69.2	1.0
theta[562]	0.457	0.00334	0.515	-0.372	0.443	1.33	23705.0	64.6	1.0
theta[563]	1.31	0.0041	0.601	0.361	1.28	2.33	21481.0	58.6	1.0
theta[564]	0.725	0.00338	0.535	-0.13	0.712	1.64	25081.0	68.4	1.0
theta[565]	0.273	0.00362	0.531	-0.568	0.261	1.15	21567.0	58.8	1.0
theta[566]	-0.506	0.00308	0.49	-1.31	-0.508	0.296	25382.0	69.2	1.0
theta[567]	-1.54	0.00322	0.505	-2.39	-1.54	-0.718	24621.0	67.1	1.0
theta[568]	0.554	0.00376	0.536	-0.302	0.539	1.47	20316.0	55.4	1.0
theta[569]	-0.663	0.00313	0.483	-1.45	-0.66	0.129	23863.0	65.1	1.0
theta[570]	0.824	0.00335	0.536	-0.0351	0.811	1.72	25612.0	69.8	1.0
theta[571]	0.095	0.00332	0.506	-0.722	0.082	0.939	23322.0	63.6	1.0
theta[572]	-0.587	0.00308	0.481	-1.37	-0.59	0.209	24398.0	66.5	1.0
theta[573]	-0.219	0.00324	0.493	-1.02	-0.229	0.607	23227.0	63.3	1.0
theta[574]	0.168	0.00319	0.523	-0.678	0.166	1.03	26865.0	73.2	1.0
theta[575]	0.0993	0.00328	0.509	-0.727	0.0889	0.951	24025.0	65.5	1.0
theta[576]	1.38	0.00398	0.602	0.446	1.36	2.41	22849.0	62.3	1.0
theta[577]	0.633	0.00368	0.532	-0.221	0.617	1.54	20906.0	57.0	1.0
theta[578]	0.236	0.00336	0.5	-0.581	0.231	1.07	22144.0	60.4	1.0
theta[579]	-0.758	0.00338	0.482	-1.55	-0.757	0.0284	20269.0	55.3	1.0
theta[580]	-0.122	0.00302	0.482	-0.904	-0.129	0.687	25436.0	69.3	1.0
theta[581]	1.72	0.00434	0.66	0.679	1.69	2.85	23062.0	62.9	1.0
theta[582]	-0.13	0.00309	0.5	-0.951	-0.135	0.705	26201.0	71.4	1.0
theta[583]	0.366	0.00341	0.526	-0.473	0.36	1.23	23773.0	64.8	1.0
theta[584]	-1.36	0.00304	0.477	-2.14	-1.36	-0.58	24682.0	67.3	1.0
theta[585]	-0.86	0.00313	0.482	-1.67	-0.859	-0.0724	23804.0	64.9	1.0
theta[586]	-0.838	0.0031	0.482	-1.64	-0.84	-0.0549	24170.0	65.9	1.0
theta[587]	0.16	0.00336	0.505	-0.655	0.151	1.01	22567.0	61.5	1.0
theta[588]	0.0862	0.00323	0.522	-0.764	0.0823	0.965	26077.0	71.1	1.0
theta[589]	1.16	0.00385	0.615	0.192	1.14	2.22	25561.0	69.7	1.0
theta[590]	-0.0722	0.00322	0.517	-0.911	-0.083	0.792	25822.0	70.4	1.0
theta[591]	0.702	0.00349	0.546	-0.166	0.687	1.62	24542.0	66.9	1.0
theta[592]	0.221	0.00346	0.512	-0.6	0.21	1.06	21850.0	59.6	1.0
theta[593]	0.396	0.00341	0.526	-0.451	0.383	1.28	23861.0	65.1	1.0
theta[594]	0.0655	0.00322	0.477	-0.711	0.0606	0.861	21920.0	59.8	1.0
theta[595]	-1.19	0.0032	0.503	-2.03	-1.19	-0.375	24695.0	67.3	1.0
theta[596]	-0.526	0.00311	0.48	-1.3	-0.528	0.262	23750.0	64.7	1.0
theta[597]	0.594	0.00323	0.511	-0.24	0.585	1.46	25095.0	68.4	1.0
theta[598]	0.0567	0.00333	0.491	-0.74	0.0495	0.882	21779.0	59.4	1.0
theta[599]	-1.06	0.00303	0.48	-1.86	-1.05	-0.264	25101.0	68.4	1.0
theta[600]	0.585	0.00352	0.546	-0.271	0.563	1.51	24105.0	65.7	1.0
theta[601]	-0.999	0.003	0.481	-1.81	-0.995	-0.208	25692.0	70.0	1.0
theta[602]	1.1	0.00367	0.555	0.222	1.08	2.04	22904.0	62.4	1.0
theta[603]	0.195	0.00317	0.495	-0.603	0.192	1.03	24391.0	66.5	1.0
theta[604]	0.639	0.00357	0.544	-0.229	0.622	1.56	23188.0	63.2	1.0
theta[605]	-0.144	0.00322	0.496	-0.947	-0.153	0.678	23797.0	64.9	1.0
theta[606]	0.153	0.00335	0.514	-0.673	0.143	1.02	23634.0	64.4	1.0
theta[607]	1.29	0.00416	0.612	0.332	1.26	2.34	21605.0	58.9	1.0
theta[608]	-1.5	0.00305	0.507	-2.34	-1.49	-0.676	27556.0	75.1	1.0
theta[609]	0.658	0.00357	0.552	-0.218	0.642	1.59	23945.0	65.3	1.0
theta[610]	1.14	0.00359	0.554	0.265	1.13	2.08	23785.0	64.8	1.0
theta[611]	-0.297	0.00326	0.499	-1.11	-0.306	0.537	23501.0	64.1	1.0
theta[612]	0.16	0.00322	0.499	-0.643	0.154	0.982	24056.0	65.6	1.0
theta[613]	0.12	0.00301	0.504	-0.696	0.112	0.956	27982.0	76.3	1.0
theta[614]	-0.239	0.00323	0.497	-1.05	-0.251	0.594	23738.0	64.7	1.0
theta[615]	0.236	0.00319	0.506	-0.59	0.226	1.08	25141.0	68.5	1.0
theta[616]	1.42	0.0038	0.611	0.446	1.4	2.47	25801.0	70.3	1.0
theta[617]	-0.286	0.00322	0.494	-1.09	-0.287	0.526	23526.0	64.1	1.0
theta[618]	-0.237	0.00301	0.495	-1.05	-0.241	0.577	27027.0	73.7	1.0
theta[619]	0.00785	0.00315	0.5	-0.818	0.00379	0.846	25205.0	68.7	1.0
theta[620]	-0.714	0.00301	0.488	-1.5	-0.714	0.0896	26253.0	71.6	1.0
theta[621]	-1.06	0.0032	0.497	-1.88	-1.05	-0.25	24077.0	65.6	1.0
theta[622]	1.22	0.00375	0.556	0.337	1.2	2.17	21929.0	59.8	1.0
theta[623]	0.813	0.0036	0.538	-0.0417	0.801	1.71	22273.0	60.7	1.0
theta[624]	0.859	0.0035	0.527	0.0248	0.846	1.74	22603.0	61.6	1.0
theta[625]	0.767	0.00332	0.522	-0.0712	0.753	1.65	24717.0	67.4	1.0
theta[626]	-1.37	0.00316	0.492	-2.21	-1.36	-0.57	24172.0	65.9	1.0
theta[627]	1.19	0.00411	0.61	0.22	1.16	2.24	22038.0	60.1	1.0
theta[628]	-0.7	0.00286	0.474	-1.48	-0.699	0.0869	27494.0	75.0	1.0
theta[629]	-0.925	0.00315	0.485	-1.74	-0.92	-0.125	23786.0	64.8	1.0
theta[630]	-0.338	0.00311	0.499	-1.16	-0.342	0.494	25724.0	70.1	1.0
theta[631]	-0.306	0.00291	0.474	-1.09	-0.312	0.489	26636.0	72.6	1.0
theta[632]	-0.287	0.00323	0.486	-1.07	-0.288	0.514	22685.0	61.8	1.0
theta[633]	-1.01	0.00313	0.485	-1.82	-1.01	-0.228	24101.0	65.7	1.0
theta[634]	0.0522	0.00323	0.499	-0.752	0.0397	0.895	23928.0	65.2	1.0
theta[635]	-0.797	0.00311	0.489	-1.61	-0.796	0.0148	24819.0	67.7	1.0
theta[636]	0.278	0.00311	0.501	-0.532	0.263	1.12	26033.0	71.0	1.0
theta[637]	-0.0143	0.0032	0.498	-0.819	-0.0251	0.824	24206.0	66.0	1.0
theta[638]	-0.146	0.00303	0.505	-0.964	-0.148	0.695	27748.0	75.6	1.0
theta[639]	0.345	0.00319	0.506	-0.468	0.337	1.18	25257.0	68.9	1.0
theta[640]	-1.07	0.00325	0.503	-1.9	-1.06	-0.251	23892.0	65.1	1.0
theta[641]	-0.527	0.0032	0.483	-1.32	-0.53	0.269	22719.0	61.9	1.0
theta[642]	1.07	0.00376	0.56	0.193	1.06	2.02	22234.0	60.6	1.0
theta[643]	0.289	0.00344	0.513	-0.536	0.28	1.16	22323.0	60.9	1.0
theta[644]	0.989	0.00394	0.568	0.0853	0.966	1.95	20813.0	56.7	1.0
theta[645]	0.207	0.00307	0.504	-0.601	0.197	1.05	26904.0	73.3	1.0
theta[646]	-0.172	0.00323	0.517	-1.02	-0.179	0.687	25635.0	69.9	1.0
theta[647]	-1.03	0.00329	0.509	-1.88	-1.02	-0.191	23937.0	65.3	1.0
theta[648]	-0.088	0.00323	0.495	-0.893	-0.0908	0.741	23454.0	63.9	1.0
theta[649]	0.669	0.00359	0.53	-0.183	0.657	1.57	21768.0	59.3	1.0
theta[650]	1.07	0.00386	0.565	0.18	1.05	2.02	21416.0	58.4	1.0
theta[651]	0.0307	0.00313	0.481	-0.748	0.0295	0.83	23678.0	64.6	1.0
theta[652]	0.282	0.00339	0.539	-0.588	0.266	1.19	25260.0	68.9	1.0
theta[653]	-0.837	0.00309	0.482	-1.64	-0.833	-0.0537	24327.0	66.3	1.0
theta[654]	-0.389	0.00297	0.487	-1.2	-0.394	0.424	26880.0	73.3	1.0
theta[655]	0.668	0.00359	0.539	-0.182	0.648	1.58	22492.0	61.3	1.0
theta[656]	-1.56	0.00331	0.518	-2.42	-1.54	-0.736	24489.0	66.8	1.0
theta[657]	-0.0589	0.00326	0.503	-0.866	-0.0627	0.764	23717.0	64.7	1.0
theta[658]	0.123	0.0032	0.517	-0.718	0.121	0.981	26023.0	70.9	1.0
theta[659]	-0.489	0.00313	0.493	-1.3	-0.488	0.314	24887.0	67.8	1.0
theta[660]	-1.2	0.00324	0.495	-2.03	-1.19	-0.389	23341.0	63.6	1.0
theta[661]	-0.684	0.00303	0.494	-1.5	-0.685	0.134	26534.0	72.3	1.0
theta[662]	-0.124	0.00301	0.48	-0.903	-0.131	0.67	25499.0	69.5	1.0
theta[663]	0.275	0.00326	0.51	-0.548	0.269	1.13	24583.0	67.0	1.0
theta[664]	-1.73	0.00345	0.536	-2.63	-1.71	-0.864	24183.0	65.9	1.0
theta[665]	0.0996	0.0032	0.502	-0.703	0.0926	0.947	24586.0	67.0	1.0
theta[666]	1.04	0.00379	0.557	0.156	1.02	1.99	21610.0	58.9	1.0
theta[667]	-0.219	0.00324	0.49	-1.01	-0.227	0.577	22857.0	62.3	1.0
theta[668]	0.781	0.00381	0.586	-0.147	0.763	1.78	23714.0	64.6	1.0
theta[669]	0.34	0.00311	0.526	-0.509	0.328	1.22	28643.0	78.1	1.0
theta[670]	-0.165	0.00303	0.475	-0.935	-0.168	0.623	24554.0	66.9	1.0
theta[671]	-0.0382	0.0032	0.513	-0.863	-0.0468	0.815	25692.0	70.0	1.0
theta[672]	0.681	0.00359	0.552	-0.206	0.674	1.6	23705.0	64.6	1.0
theta[673]	-1.48	0.00314	0.52	-2.35	-1.48	-0.649	27401.0	74.7	1.0
theta[674]	0.166	0.00322	0.506	-0.654	0.157	1.02	24738.0	67.4	1.0
theta[675]	0.382	0.00335	0.518	-0.454	0.372	1.25	23803.0	64.9	1.0
theta[676]	-0.305	0.00295	0.482	-1.1	-0.311	0.5	26644.0	72.6	1.0
theta[677]	0.0241	0.0034	0.512	-0.802	0.00766	0.892	22718.0	61.9	1.0
theta[678]	0.529	0.00346	0.521	-0.294	0.518	1.4	22632.0	61.7	1.0
theta[679]	0.454	0.00348	0.507	-0.367	0.441	1.32	21211.0	57.8	1.0
theta[680]	1.71	0.00435	0.653	0.677	1.69	2.82	22567.0	61.5	1.0
theta[681]	-1.09	0.00322	0.523	-1.95	-1.1	-0.242	26290.0	71.7	1.0
theta[682]	-0.4	0.00307	0.487	-1.2	-0.401	0.399	25221.0	68.8	1.0
theta[683]	0.41	0.00348	0.53	-0.441	0.396	1.29	23162.0	63.1	1.0
theta[684]	0.139	0.00303	0.498	-0.667	0.134	0.981	26995.0	73.6	1.0
theta[685]	-0.95	0.00335	0.496	-1.77	-0.953	-0.142	21871.0	59.6	1.0
theta[686]	-0.299	0.0031	0.507	-1.12	-0.302	0.531	26783.0	73.0	1.0
theta[687]	0.276	0.0033	0.504	-0.546	0.264	1.12	23372.0	63.7	1.0
theta[688]	-0.0345	0.00296	0.495	-0.851	-0.0344	0.783	27880.0	76.0	1.0
theta[689]	-0.837	0.00327	0.514	-1.68	-0.836	0.00106	24730.0	67.4	1.0
theta[690]	1.46	0.00384	0.602	0.508	1.44	2.46	24673.0	67.3	1.0
theta[691]	-0.912	0.00298	0.478	-1.7	-0.91	-0.126	25736.0	70.2	1.0
theta[692]	-0.988	0.00299	0.484	-1.79	-0.982	-0.201	26147.0	71.3	1.0
theta[693]	0.0702	0.00327	0.52	-0.776	0.0617	0.949	25230.0	68.8	1.0
theta[694]	0.313	0.00321	0.498	-0.506	0.308	1.14	24051.0	65.6	1.0
theta[695]	-0.283	0.00311	0.502	-1.11	-0.284	0.557	26019.0	70.9	1.0
theta[696]	-0.548	0.00302	0.49	-1.35	-0.55	0.264	26340.0	71.8	1.0
theta[697]	-1.51	0.00336	0.518	-2.38	-1.5	-0.688	23819.0	64.9	1.0
theta[698]	-0.241	0.00311	0.491	-1.04	-0.24	0.577	25009.0	68.2	1.0
theta[699]	-0.887	0.00324	0.492	-1.69	-0.885	-0.0764	23089.0	62.9	1.0
theta[700]	0.309	0.00305	0.503	-0.507	0.302	1.14	27104.0	73.9	1.0
theta[701]	-1.79	0.00362	0.543	-2.7	-1.78	-0.92	22560.0	61.5	1.0
theta[702]	1.38	0.0044	0.608	0.429	1.35	2.42	19107.0	52.1	1.0
theta[703]	-0.998	0.00312	0.468	-1.77	-0.994	-0.243	22404.0	61.1	1.0
theta[704]	0.251	0.00346	0.535	-0.614	0.243	1.15	23900.0	65.2	1.0
theta[705]	-0.734	0.00326	0.503	-1.56	-0.73	0.0985	23806.0	64.9	1.0
theta[706]	-0.756	0.00312	0.492	-1.56	-0.75	0.0331	24799.0	67.6	1.0
theta[707]	-0.716	0.003	0.475	-1.5	-0.714	0.0606	25166.0	68.6	1.0
theta[708]	1.02	0.00378	0.568	0.123	1.01	1.98	22620.0	61.7	1.0
theta[709]	0.623	0.00345	0.542	-0.236	0.604	1.54	24622.0	67.1	1.0
theta[710]	-0.685	0.00309	0.48	-1.48	-0.691	0.114	24124.0	65.8	1.0
theta[711]	-0.0263	0.00315	0.492	-0.827	-0.0313	0.791	24345.0	66.4	1.0
theta[712]	-0.75	0.00321	0.485	-1.55	-0.751	0.0581	22838.0	62.3	1.0
theta[713]	0.873	0.00407	0.581	-0.0401	0.853	1.86	20340.0	55.5	1.0
theta[714]	1.45	0.00405	0.61	0.482	1.43	2.5	22606.0	61.6	1.0
theta[715]	-0.276	0.00322	0.514	-1.11	-0.283	0.57	25447.0	69.4	1.0
theta[716]	-0.922	0.00307	0.48	-1.71	-0.918	-0.141	24330.0	66.3	1.0
theta[717]	-0.722	0.00302	0.488	-1.52	-0.716	0.0762	26102.0	71.2	1.0
theta[718]	0.9	0.00374	0.582	-0.0164	0.878	1.88	24251.0	66.1	1.0
theta[719]	-1.22	0.00324	0.485	-2.04	-1.22	-0.435	22485.0	61.3	1.0
theta[720]	-0.00123	0.00338	0.504	-0.793	-0.0129	0.832	22265.0	60.7	1.0
theta[721]	-1.24	0.00328	0.497	-2.06	-1.24	-0.431	22948.0	62.6	1.0
theta[722]	-0.227	0.00321	0.493	-1.03	-0.233	0.58	23619.0	64.4	1.0
theta[723]	-0.239	0.00333	0.508	-1.06	-0.243	0.6	23236.0	63.3	1.0
theta[724]	-0.22	0.00308	0.496	-1.02	-0.23	0.616	25909.0	70.6	1.0
theta[725]	-0.032	0.00313	0.484	-0.808	-0.0347	0.763	23965.0	65.3	1.0
theta[726]	-0.331	0.00318	0.498	-1.15	-0.334	0.504	24599.0	67.1	1.0
theta[727]	-0.409	0.00308	0.489	-1.21	-0.41	0.407	25125.0	68.5	1.0
theta[728]	-0.343	0.0031	0.504	-1.17	-0.351	0.489	26481.0	72.2	1.0
theta[729]	1.22	0.00409	0.62	0.25	1.19	2.28	23004.0	62.7	1.0
theta[730]	-0.224	0.00306	0.493	-1.04	-0.228	0.596	25996.0	70.9	1.0
theta[731]	0.215	0.00326	0.512	-0.607	0.209	1.06	24612.0	67.1	1.0
theta[732]	0.204	0.00309	0.501	-0.597	0.196	1.04	26279.0	71.6	1.0
theta[733]	0.884	0.00361	0.565	-0.0121	0.87	1.83	24442.0	66.6	1.0
theta[734]	-0.185	0.00307	0.485	-0.973	-0.188	0.604	24873.0	67.8	1.0
theta[735]	1.07	0.00361	0.561	0.181	1.04	2.02	24239.0	66.1	1.0
theta[736]	0.768	0.00348	0.542	-0.0952	0.754	1.69	24287.0	66.2	1.0
theta[737]	-0.00346	0.00328	0.522	-0.838	-0.0126	0.865	25272.0	68.9	1.0
theta[738]	-0.113	0.00301	0.5	-0.911	-0.119	0.716	27524.0	75.0	1.0
theta[739]	0.484	0.0035	0.533	-0.376	0.475	1.37	23175.0	63.2	1.0
theta[740]	-0.0505	0.00314	0.484	-0.834	-0.0534	0.749	23792.0	64.9	1.0
theta[741]	0.67	0.00341	0.548	-0.205	0.658	1.6	25748.0	70.2	1.0
theta[742]	-0.128	0.00322	0.53	-0.982	-0.132	0.748	27126.0	74.0	1.0
theta[743]	-1.06	0.00318	0.491	-1.87	-1.05	-0.26	23854.0	65.0	1.0
theta[744]	1.39	0.00399	0.596	0.444	1.37	2.41	22342.0	60.9	1.0
theta[745]	0.505	0.0033	0.515	-0.323	0.494	1.37	24324.0	66.3	1.0
theta[746]	0.225	0.00327	0.487	-0.563	0.217	1.04	22215.0	60.6	1.0
theta[747]	1.13	0.0038	0.579	0.202	1.12	2.11	23216.0	63.3	1.0
theta[748]	-1.44	0.00321	0.511	-2.31	-1.44	-0.616	25344.0	69.1	1.0
theta[749]	0.24	0.00317	0.503	-0.577	0.24	1.08	25181.0	68.7	1.0
theta[750]	0.998	0.00373	0.576	0.0931	0.973	1.97	23778.0	64.8	1.0
theta[751]	-0.903	0.00329	0.512	-1.76	-0.895	-0.081	24205.0	66.0	1.0
theta[752]	0.786	0.00335	0.547	-0.0971	0.767	1.72	26605.0	72.5	1.0
theta[753]	0.682	0.00343	0.543	-0.182	0.666	1.61	25092.0	68.4	1.0
theta[754]	-1.07	0.00299	0.493	-1.9	-1.06	-0.266	27197.0	74.1	1.0
theta[755]	0.715	0.00327	0.545	-0.174	0.706	1.63	27757.0	75.7	1.0
theta[756]	0.431	0.00339	0.523	-0.416	0.417	1.32	23827.0	65.0	1.0
theta[757]	0.151	0.0034	0.498	-0.653	0.141	0.968	21459.0	58.5	1.0
theta[758]	0.745	0.00331	0.532	-0.104	0.732	1.63	25813.0	70.4	1.0
theta[759]	0.331	0.00346	0.516	-0.498	0.317	1.2	22203.0	60.5	1.0
theta[760]	0.314	0.00334	0.53	-0.527	0.297	1.2	25141.0	68.5	1.0
theta[761]	0.401	0.00359	0.539	-0.475	0.396	1.3	22588.0	61.6	1.0
theta[762]	1.25	0.00414	0.619	0.288	1.22	2.3	22386.0	61.0	1.0
theta[763]	0.599	0.0035	0.549	-0.288	0.584	1.54	24635.0	67.2	1.0
theta[764]	0.0956	0.00324	0.503	-0.713	0.0878	0.928	24029.0	65.5	1.0
theta[765]	0.138	0.00324	0.526	-0.721	0.127	1.02	26357.0	71.9	1.0
theta[766]	-0.374	0.00303	0.499	-1.18	-0.381	0.457	27214.0	74.2	1.0
theta[767]	-0.18	0.00313	0.504	-0.992	-0.178	0.653	26015.0	70.9	1.0
theta[768]	-0.387	0.00329	0.483	-1.17	-0.391	0.402	21588.0	58.9	1.0
theta[769]	-0.391	0.00328	0.487	-1.19	-0.397	0.424	22035.0	60.1	1.0
theta[770]	-2.21	0.00375	0.558	-3.16	-2.2	-1.31	22162.0	60.4	1.0
theta[771]	-1.72	0.00324	0.517	-2.58	-1.7	-0.903	25399.0	69.2	1.0
theta[772]	-0.562	0.00295	0.479	-1.34	-0.563	0.225	26451.0	72.1	1.0
theta[773]	0.687	0.00335	0.54	-0.169	0.676	1.62	26013.0	70.9	1.0
theta[774]	0.418	0.00337	0.535	-0.438	0.408	1.31	25162.0	68.6	1.0
theta[775]	0.0379	0.00296	0.486	-0.752	0.0283	0.851	26948.0	73.5	1.0
theta[776]	-1.39	0.00306	0.494	-2.2	-1.38	-0.582	26120.0	71.2	1.0
theta[777]	-0.372	0.0032	0.492	-1.17	-0.374	0.455	23669.0	64.5	1.0
theta[778]	-0.861	0.00339	0.496	-1.68	-0.86	-0.0469	21473.0	58.5	1.0
theta[779]	0.813	0.00345	0.534	-0.0338	0.801	1.72	24000.0	65.4	1.0
theta[780]	-0.487	0.0032	0.497	-1.32	-0.483	0.32	24129.0	65.8	1.0
theta[781]	0.0115	0.00312	0.485	-0.781	0.00392	0.803	24129.0	65.8	1.0
theta[782]	0.166	0.00317	0.504	-0.653	0.156	1.01	25350.0	69.1	1.0
theta[783]	0.0279	0.00312	0.492	-0.773	0.0239	0.842	24858.0	67.8	1.0
theta[784]	-0.239	0.00323	0.489	-1.03	-0.247	0.576	22997.0	62.7	1.0
theta[785]	-1.2	0.00295	0.489	-2.02	-1.2	-0.409	27368.0	74.6	1.0
theta[786]	1.45	0.00396	0.599	0.512	1.42	2.47	22917.0	62.5	1.0
theta[787]	0.303	0.00342	0.535	-0.54	0.293	1.21	24565.0	67.0	1.0
theta[788]	1.15	0.00412	0.616	0.183	1.13	2.21	22300.0	60.8	1.0
theta[789]	0.286	0.00315	0.492	-0.517	0.282	1.11	24479.0	66.7	1.0
theta[790]	0.111	0.00329	0.507	-0.706	0.108	0.952	23663.0	64.5	1.0
theta[791]	0.0261	0.00309	0.486	-0.768	0.0209	0.844	24614.0	67.1	1.0
theta[792]	-1.27	0.00314	0.502	-2.11	-1.26	-0.466	25487.0	69.5	1.0
theta[793]	-0.369	0.00323	0.489	-1.17	-0.371	0.439	22966.0	62.6	1.0
theta[794]	-0.816	0.00294	0.475	-1.6	-0.816	-0.0437	26108.0	71.2	1.0
theta[795]	-0.364	0.00293	0.475	-1.14	-0.36	0.415	26211.0	71.5	1.0
theta[796]	1.61	0.00412	0.649	0.587	1.59	2.73	24843.0	67.7	1.0
theta[797]	-0.301	0.00315	0.48	-1.09	-0.304	0.493	23251.0	63.4	1.0
theta[798]	-0.924	0.00301	0.478	-1.72	-0.927	-0.134	25168.0	68.6	1.0
theta[799]	-1.65	0.00358	0.556	-2.58	-1.64	-0.719	24076.0	65.6	1.0
theta[800]	-1.07	0.00308	0.486	-1.89	-1.06	-0.276	24875.0	67.8	1.0
theta[801]	0.000937	0.00302	0.492	-0.802	-0.00387	0.812	26472.0	72.2	1.0
theta[802]	0.362	0.00348	0.527	-0.491	0.352	1.24	22978.0	62.6	1.0
mu_pr[1]	-0.714	0.00285	0.116	-0.903	-0.714	-0.52	1663.0	4.53	1.0
beta_pr[1]	-0.967	0.00395	0.266	-1.43	-0.954	-0.545	4544.0	12.4	1.0
beta_pr[2]	-0.808	0.00371	0.26	-1.25	-0.802	-0.391	4934.0	13.5	1.0
beta_pr[3]	0.232	0.00372	0.222	-0.136	0.232	0.599	3566.0	9.72	1.0
beta_pr[4]	1.15	0.00445	0.251	0.754	1.15	1.58	3187.0	8.69	1.0
beta_pr[5]	0.0429	0.00376	0.228	-0.332	0.0409	0.417	3671.0	10.0	1.0
beta_pr[6]	0.725	0.00403	0.233	0.347	0.72	1.12	3352.0	9.14	1.0
beta_pr[7]	-0.168	0.00354	0.233	-0.557	-0.167	0.22	4337.0	11.8	1.0
beta_pr[8]	-1.27	0.00426	0.286	-1.75	-1.26	-0.815	4514.0	12.3	1.0
beta_pr[9]	0.336	0.00366	0.227	-0.0335	0.336	0.713	3840.0	10.5	1.0
beta_pr[10]	0.311	0.00368	0.227	-0.0611	0.308	0.69	3808.0	10.4	1.0
beta_pr[11]	-0.438	0.00357	0.238	-0.836	-0.434	-0.0537	4430.0	12.1	1.0
beta_pr[12]	-1.3	0.00424	0.281	-1.78	-1.29	-0.854	4388.0	12.0	1.0
beta_pr[13]	0.684	0.00402	0.232	0.317	0.677	1.08	3325.0	9.07	1.0
beta_pr[14]	-0.934	0.004	0.262	-1.38	-0.928	-0.512	4277.0	11.7	1.0
beta_pr[15]	-0.956	0.00379	0.262	-1.39	-0.947	-0.536	4790.0	13.1	1.0
beta_pr[16]	1.07	0.00428	0.239	0.681	1.07	1.47	3118.0	8.5	1.0
beta_pr[17]	-1.51	0.00432	0.305	-2.03	-1.5	-1.02	4968.0	13.5	1.0
beta_pr[18]	1.12	0.00444	0.253	0.718	1.12	1.55	3256.0	8.88	1.0
beta_pr[19]	0.0667	0.00367	0.232	-0.318	0.0659	0.449	3976.0	10.8	1.0
beta_pr[20]	-0.387	0.00355	0.238	-0.786	-0.385	0.00134	4484.0	12.2	1.0
beta_pr[21]	-0.0458	0.00363	0.229	-0.43	-0.0419	0.326	3980.0	10.8	1.0
beta_pr[22]	-0.481	0.00363	0.238	-0.884	-0.475	-0.0991	4305.0	11.7	1.0
beta_pr[23]	-0.273	0.00378	0.231	-0.651	-0.274	0.105	3754.0	10.2	1.0
beta_pr[24]	0.685	0.00402	0.232	0.308	0.679	1.07	3339.0	9.1	1.0
beta_pr[25]	0.562	0.00389	0.228	0.194	0.561	0.946	3439.0	9.38	1.0
beta_pr[26]	0.533	0.00378	0.227	0.167	0.528	0.912	3608.0	9.84	1.0
beta_pr[27]	0.853	0.00409	0.239	0.465	0.85	1.25	3400.0	9.27	1.0
beta_pr[28]	0.0819	0.00365	0.231	-0.3	0.0816	0.463	3992.0	10.9	1.0
beta_pr[29]	0.353	0.00371	0.228	-0.02	0.353	0.731	3780.0	10.3	1.0
beta_pr[30]	0.416	0.00366	0.226	0.0469	0.415	0.786	3807.0	10.4	1.0
beta_pr[31]	1.72	0.00504	0.275	1.28	1.71	2.18	2974.0	8.11	1.0
beta_pr[32]	-0.433	0.00358	0.234	-0.818	-0.436	-0.0491	4294.0	11.7	1.0
beta_pr[33]	0.568	0.00382	0.229	0.192	0.567	0.948	3588.0	9.78	1.0
beta_pr[34]	1.29	0.00449	0.253	0.878	1.28	1.71	3164.0	8.63	1.0
beta_pr[35]	-1.86	0.00454	0.33	-2.43	-1.85	-1.34	5275.0	14.4	1.0
beta_pr[36]	-1.21	0.00408	0.278	-1.69	-1.2	-0.77	4638.0	12.6	1.0
beta_pr[37]	-1.38	0.00427	0.288	-1.87	-1.37	-0.923	4530.0	12.4	1.0
beta_pr[38]	0.726	0.00406	0.227	0.357	0.722	1.11	3117.0	8.5	1.0
beta_pr[39]	0.862	0.00408	0.235	0.478	0.858	1.26	3323.0	9.06	1.0
beta_pr[40]	1.26	0.00458	0.249	0.86	1.25	1.67	2960.0	8.07	1.0
beta_pr[41]	-0.169	0.00371	0.231	-0.554	-0.166	0.205	3887.0	10.6	1.0
beta_pr[42]	0.374	0.00369	0.226	0.00499	0.372	0.744	3738.0	10.2	1.0
beta_pr[43]	-0.661	0.00353	0.24	-1.06	-0.655	-0.274	4646.0	12.7	1.0
beta_pr[44]	1.78	0.00518	0.28	1.33	1.78	2.25	2922.0	7.97	1.0
beta_pr[45]	0.43	0.00385	0.23	0.0574	0.428	0.812	3573.0	9.74	1.0
beta_pr[46]	-1.17	0.00398	0.28	-1.65	-1.16	-0.721	4959.0	13.5	1.0
beta_pr[47]	-2.59	0.00529	0.398	-3.27	-2.57	-1.96	5663.0	15.4	1.0
beta_pr[48]	1.37	0.00466	0.256	0.962	1.36	1.81	3017.0	8.23	1.0
beta_pr[49]	0.509	0.00367	0.226	0.134	0.51	0.882	3781.0	10.3	1.0
beta_pr[50]	-0.88	0.0039	0.257	-1.31	-0.873	-0.47	4367.0	11.9	1.0
beta_pr[51]	0.229	0.00366	0.229	-0.146	0.231	0.605	3896.0	10.6	1.0
beta_pr[52]	-1.07	0.00397	0.262	-1.52	-1.07	-0.654	4361.0	11.9	1.0
beta_pr[53]	-1.14	0.00406	0.266	-1.58	-1.13	-0.71	4280.0	11.7	1.0
beta_pr[54]	-2.09	0.00508	0.346	-2.69	-2.08	-1.54	4644.0	12.7	1.0
beta_pr[55]	-1.17	0.00405	0.276	-1.64	-1.16	-0.731	4645.0	12.7	1.0
beta_pr[56]	0.547	0.00381	0.228	0.175	0.544	0.922	3567.0	9.73	1.0
beta_pr[57]	0.301	0.00369	0.224	-0.066	0.299	0.674	3676.0	10.0	1.0
beta_pr[58]	0.61	0.0038	0.231	0.235	0.607	1.0	3674.0	10.0	1.0
beta_pr[59]	0.998	0.00422	0.245	0.599	0.993	1.4	3364.0	9.17	1.0
beta_pr[60]	0.655	0.00384	0.232	0.279	0.651	1.04	3639.0	9.92	1.0
beta_pr[61]	-0.743	0.00369	0.248	-1.16	-0.741	-0.343	4535.0	12.4	1.0
beta_pr[62]	0.846	0.00418	0.234	0.469	0.839	1.24	3138.0	8.56	1.0
beta_pr[63]	0.844	0.00401	0.239	0.465	0.836	1.25	3556.0	9.7	1.0
beta_pr[64]	0.686	0.00398	0.229	0.319	0.682	1.07	3320.0	9.05	1.0
sigma[1]	0.856	0.00167	0.0824	0.734	0.85	0.999	2438.0	6.65	1.0
beta[1]	-1.53	0.00153	0.191	-1.85	-1.53	-1.22	15545.0	42.4	1.0
beta[2]	-1.4	0.00142	0.189	-1.72	-1.4	-1.09	17605.0	48.0	1.0
beta[3]	-0.517	0.00128	0.16	-0.782	-0.517	-0.256	15582.0	42.5	1.0
beta[4]	0.266	0.0014	0.167	-0.0056	0.265	0.542	14141.0	38.6	1.0
beta[5]	-0.678	0.00125	0.164	-0.946	-0.675	-0.408	17188.0	46.9	1.0
beta[6]	-0.0986	0.00127	0.162	-0.363	-0.1	0.171	16276.0	44.4	1.0
beta[7]	-0.857	0.00131	0.17	-1.14	-0.857	-0.578	17023.0	46.4	1.0
beta[8]	-1.79	0.00157	0.201	-2.13	-1.79	-1.47	16414.0	44.7	1.0
beta[9]	-0.429	0.00126	0.163	-0.7	-0.429	-0.162	16824.0	45.9	1.0
beta[10]	-0.45	0.00131	0.163	-0.721	-0.449	-0.184	15611.0	42.6	1.0
beta[11]	-1.09	0.00128	0.172	-1.37	-1.08	-0.808	18257.0	49.8	1.0
beta[12]	-1.82	0.00153	0.196	-2.14	-1.81	-1.5	16495.0	45.0	1.0
beta[13]	-0.134	0.00128	0.16	-0.397	-0.132	0.129	15688.0	42.8	1.0
beta[14]	-1.51	0.00143	0.187	-1.82	-1.51	-1.21	17264.0	47.1	1.0
beta[15]	-1.53	0.00144	0.188	-1.84	-1.52	-1.22	17052.0	46.5	1.0
beta[16]	0.193	0.00133	0.158	-0.0664	0.193	0.455	13989.0	38.1	1.0
beta[17]	-1.99	0.0017	0.216	-2.36	-1.99	-1.65	16103.0	43.9	1.0
beta[18]	0.24	0.00138	0.169	-0.038	0.239	0.518	14941.0	40.7	1.0
beta[19]	-0.657	0.00127	0.167	-0.933	-0.656	-0.384	17237.0	47.0	1.0
beta[20]	-1.04	0.00133	0.173	-1.33	-1.04	-0.761	16816.0	45.8	1.0
beta[21]	-0.753	0.0013	0.166	-1.03	-0.749	-0.483	16222.0	44.2	1.0
beta[22]	-1.12	0.00129	0.171	-1.4	-1.12	-0.845	17382.0	47.4	1.0
beta[23]	-0.946	0.00133	0.167	-1.22	-0.945	-0.671	15640.0	42.6	1.0
beta[24]	-0.133	0.00125	0.159	-0.393	-0.133	0.132	16342.0	44.6	1.0
beta[25]	-0.237	0.0013	0.159	-0.502	-0.236	0.0246	14968.0	40.8	1.0
beta[26]	-0.262	0.00126	0.16	-0.53	-0.26	-0.00191	16097.0	43.9	1.0
beta[27]	0.0103	0.00137	0.164	-0.258	0.0102	0.284	14452.0	39.4	1.0
beta[28]	-0.644	0.00128	0.167	-0.914	-0.645	-0.376	16990.0	46.3	1.0
beta[29]	-0.414	0.00129	0.163	-0.686	-0.414	-0.147	16095.0	43.9	1.0
beta[30]	-0.361	0.00127	0.161	-0.624	-0.361	-0.0978	16004.0	43.6	1.0
beta[31]	0.743	0.00154	0.168	0.47	0.744	1.02	11851.0	32.3	1.0
beta[32]	-1.08	0.00123	0.169	-1.36	-1.08	-0.808	18917.0	51.6	1.0
beta[33]	-0.232	0.00123	0.162	-0.499	-0.231	0.0354	17427.0	47.5	1.0
beta[34]	0.38	0.00145	0.164	0.112	0.379	0.65	12685.0	34.6	1.0
beta[35]	-2.3	0.00185	0.232	-2.69	-2.29	-1.93	15709.0	42.8	1.0
beta[36]	-1.74	0.00156	0.195	-2.07	-1.74	-1.42	15741.0	42.9	1.0
beta[37]	-1.89	0.00173	0.199	-2.22	-1.89	-1.57	13209.0	36.0	1.0
beta[38]	-0.0975	0.00122	0.155	-0.352	-0.0981	0.157	16063.0	43.8	1.0
beta[39]	0.0177	0.00136	0.16	-0.245	0.0165	0.284	13990.0	38.1	1.0
beta[40]	0.355	0.00138	0.159	0.0903	0.356	0.616	13344.0	36.4	1.0
beta[41]	-0.857	0.00134	0.167	-1.13	-0.855	-0.585	15639.0	42.6	1.0
beta[42]	-0.397	0.00125	0.161	-0.664	-0.394	-0.133	16483.0	44.9	1.0
beta[43]	-1.27	0.00133	0.172	-1.56	-1.28	-0.988	16690.0	45.5	1.0
beta[44]	0.797	0.00154	0.171	0.519	0.796	1.08	12289.0	33.5	1.0
beta[45]	-0.349	0.00127	0.163	-0.617	-0.35	-0.084	16465.0	44.9	1.0
beta[46]	-1.71	0.0015	0.199	-2.04	-1.7	-1.39	17626.0	48.1	1.0
beta[47]	-2.91	0.00236	0.29	-3.41	-2.9	-2.45	15145.0	41.3	1.0
beta[48]	0.451	0.00142	0.163	0.182	0.449	0.717	13093.0	35.7	1.0
beta[49]	-0.282	0.00128	0.159	-0.547	-0.282	-0.0199	15450.0	42.1	1.0
beta[50]	-1.46	0.00144	0.184	-1.77	-1.46	-1.16	16324.0	44.5	1.0
beta[51]	-0.52	0.00127	0.164	-0.794	-0.519	-0.255	16773.0	45.7	1.0
beta[52]	-1.63	0.0015	0.184	-1.93	-1.62	-1.33	15106.0	41.2	1.0
beta[53]	-1.68	0.0015	0.188	-1.99	-1.68	-1.37	15631.0	42.6	1.0
beta[54]	-2.49	0.0019	0.24	-2.89	-2.48	-2.11	15930.0	43.4	1.0
beta[55]	-1.71	0.00158	0.197	-2.03	-1.71	-1.39	15406.0	42.0	1.0
beta[56]	-0.25	0.00127	0.159	-0.516	-0.251	0.0133	15725.0	42.9	1.0
beta[57]	-0.459	0.00117	0.16	-0.724	-0.458	-0.198	18666.0	50.9	1.0
beta[58]	-0.196	0.0013	0.162	-0.461	-0.197	0.0722	15581.0	42.5	1.0
beta[59]	0.133	0.00137	0.164	-0.142	0.133	0.401	14444.0	39.4	1.0
beta[60]	-0.158	0.00132	0.162	-0.424	-0.16	0.11	15156.0	41.3	1.0
beta[61]	-1.34	0.00141	0.178	-1.64	-1.34	-1.05	15884.0	43.3	1.0
beta[62]	0.0039	0.00131	0.159	-0.259	0.0025	0.265	14780.0	40.3	1.0
beta[63]	0.00201	0.00133	0.164	-0.27	0.000948	0.275	15291.0	41.7	1.0
beta[64]	-0.132	0.00134	0.158	-0.391	-0.133	0.131	13829.0	37.7	1.0
